[2024-11-22 02:37:54.023] [info]  DiscordSplash.signalReady
[2024-11-22 02:37:54.038] [info]  DiscordSplash.onStateUpdate: {"status":"installing-updates","current":1,"total":6}
[2024-11-22 02:37:54.039] [info]  Splash.onStateUpdate: {"status":"installing-updates","current":1,"total":6}
[2024-11-22 02:37:54.040] [info]  DiscordSplash.onStateUpdate: {"status":"installing-updates","current":2,"total":6}
[2024-11-22 02:37:54.041] [info]  Splash.onStateUpdate: {"status":"installing-updates","current":2,"total":6}
[2024-11-22 02:37:54.041] [info]  DiscordSplash.onStateUpdate: {"status":"installing-updates","current":3,"total":6}
[2024-11-22 02:37:54.041] [info]  Splash.onStateUpdate: {"status":"installing-updates","current":3,"total":6}
[2024-11-22 02:37:54.041] [info]  DiscordSplash.onStateUpdate: {"status":"installing-updates","current":4,"total":6}
[2024-11-22 02:37:54.041] [info]  Splash.onStateUpdate: {"status":"installing-updates","current":4,"total":6}
[2024-11-22 02:37:54.042] [info]  DiscordSplash.onStateUpdate: {"status":"installing-updates","current":5,"total":6}
[2024-11-22 02:37:54.042] [info]  Splash.onStateUpdate: {"status":"installing-updates","current":5,"total":6}
[2024-11-22 02:37:54.042] [info]  DiscordSplash.onStateUpdate: {"status":"installing-updates","current":6,"total":6}
[2024-11-22 02:37:54.042] [info]  Splash.onStateUpdate: {"status":"installing-updates","current":6,"total":6}
[2024-11-22 02:37:54.042] [info]  DiscordSplash.onStateUpdate: {"status":"checking-for-updates","current":6,"total":6}
[2024-11-22 02:37:54.042] [info]  Splash.onStateUpdate: {"status":"checking-for-updates","current":6,"total":6}
[2024-11-22 02:37:54.796] [info]  DiscordSplash.onStateUpdate: {"status":"downloading-updates","current":1,"total":6}
[2024-11-22 02:37:54.797] [info]  Splash.onStateUpdate: {"status":"downloading-updates","current":1,"total":6}
[2024-11-22 02:37:55.631] [info]  DiscordSplash.onStateUpdate: {"status":"downloading-updates","current":1,"total":6,"progress":1}
[2024-11-22 02:37:55.632] [info]  Splash.onStateUpdate: {"status":"downloading-updates","current":1,"total":6,"progress":1}
[2024-11-22 02:37:55.642] [info]  DiscordSplash.onStateUpdate: {"status":"downloading-updates","current":1,"total":6,"progress":2}
[2024-11-22 02:37:55.643] [info]  Splash.onStateUpdate: {"status":"downloading-updates","current":1,"total":6,"progress":2}
[2024-11-22 02:37:55.651] [info]  DiscordSplash.onStateUpdate: {"status":"downloading-updates","current":1,"total":6,"progress":3}
[2024-11-22 02:37:55.651] [info]  Splash.onStateUpdate: {"status":"downloading-updates","current":1,"total":6,"progress":3}
[2024-11-22 02:37:55.661] [info]  DiscordSplash.onStateUpdate: {"status":"downloading-updates","current":1,"total":6,"progress":4}
[2024-11-22 02:37:55.661] [info]  Splash.onStateUpdate: {"status":"downloading-updates","current":1,"total":6,"progress":4}
[2024-11-22 02:37:55.666] [info]  DiscordSplash.onStateUpdate: {"status":"downloading-updates","current":1,"total":6,"progress":5}
[2024-11-22 02:37:55.666] [info]  Splash.onStateUpdate: {"status":"downloading-updates","current":1,"total":6,"progress":5}
[2024-11-22 02:37:55.670] [info]  DiscordSplash.onStateUpdate: {"status":"downloading-updates","current":1,"total":6,"progress":6}
[2024-11-22 02:37:55.670] [info]  Splash.onStateUpdate: {"status":"downloading-updates","current":1,"total":6,"progress":6}
[2024-11-22 02:37:55.674] [info]  DiscordSplash.onStateUpdate: {"status":"downloading-updates","current":1,"total":6,"progress":7}
[2024-11-22 02:37:55.675] [info]  Splash.onStateUpdate: {"status":"downloading-updates","current":1,"total":6,"progress":7}
[2024-11-22 02:37:55.680] [info]  DiscordSplash.onStateUpdate: {"status":"downloading-updates","current":1,"total":6,"progress":9}
[2024-11-22 02:37:55.680] [info]  Splash.onStateUpdate: {"status":"downloading-updates","current":1,"total":6,"progress":9}
[2024-11-22 02:37:55.684] [info]  DiscordSplash.onStateUpdate: {"status":"downloading-updates","current":1,"total":6,"progress":10}
[2024-11-22 02:37:55.684] [info]  Splash.onStateUpdate: {"status":"downloading-updates","current":1,"total":6,"progress":10}
[2024-11-22 02:37:55.686] [info]  DiscordSplash.onStateUpdate: {"status":"downloading-updates","current":1,"total":6,"progress":11}
[2024-11-22 02:37:55.687] [info]  Splash.onStateUpdate: {"status":"downloading-updates","current":1,"total":6,"progress":11}
[2024-11-22 02:37:55.695] [info]  DiscordSplash.onStateUpdate: {"status":"downloading-updates","current":1,"total":6,"progress":12}
[2024-11-22 02:37:55.696] [info]  Splash.onStateUpdate: {"status":"downloading-updates","current":1,"total":6,"progress":12}
[2024-11-22 02:37:55.701] [info]  DiscordSplash.onStateUpdate: {"status":"downloading-updates","current":1,"total":6,"progress":14}
[2024-11-22 02:37:55.701] [info]  Splash.onStateUpdate: {"status":"downloading-updates","current":1,"total":6,"progress":14}
[2024-11-22 02:37:55.705] [info]  DiscordSplash.onStateUpdate: {"status":"downloading-updates","current":1,"total":6,"progress":15}
[2024-11-22 02:37:55.705] [info]  Splash.onStateUpdate: {"status":"downloading-updates","current":1,"total":6,"progress":15}
[2024-11-22 02:37:55.711] [info]  DiscordSplash.onStateUpdate: {"status":"downloading-updates","current":1,"total":6,"progress":16}
[2024-11-22 02:37:55.712] [info]  Splash.onStateUpdate: {"status":"downloading-updates","current":1,"total":6,"progress":16}
[2024-11-22 02:37:55.713] [info]  DiscordSplash.onStateUpdate: {"status":"downloading-updates","current":1,"total":6,"progress":17}
[2024-11-22 02:37:55.713] [info]  Splash.onStateUpdate: {"status":"downloading-updates","current":1,"total":6,"progress":17}
[2024-11-22 02:37:55.721] [info]  DiscordSplash.onStateUpdate: {"status":"downloading-updates","current":1,"total":6,"progress":19}
[2024-11-22 02:37:55.722] [info]  Splash.onStateUpdate: {"status":"downloading-updates","current":1,"total":6,"progress":19}
[2024-11-22 02:37:55.728] [info]  DiscordSplash.onStateUpdate: {"status":"downloading-updates","current":1,"total":6,"progress":20}
[2024-11-22 02:37:55.728] [info]  Splash.onStateUpdate: {"status":"downloading-updates","current":1,"total":6,"progress":20}
[2024-11-22 02:37:55.731] [info]  DiscordSplash.onStateUpdate: {"status":"downloading-updates","current":1,"total":6,"progress":22}
[2024-11-22 02:37:55.732] [info]  Splash.onStateUpdate: {"status":"downloading-updates","current":1,"total":6,"progress":22}
[2024-11-22 02:37:55.733] [info]  DiscordSplash.onStateUpdate: {"status":"downloading-updates","current":1,"total":6,"progress":23}
[2024-11-22 02:37:55.733] [info]  Splash.onStateUpdate: {"status":"downloading-updates","current":1,"total":6,"progress":23}
[2024-11-22 02:37:55.739] [info]  DiscordSplash.onStateUpdate: {"status":"downloading-updates","current":1,"total":6,"progress":24}
[2024-11-22 02:37:55.739] [info]  Splash.onStateUpdate: {"status":"downloading-updates","current":1,"total":6,"progress":24}
[2024-11-22 02:37:55.741] [info]  DiscordSplash.onStateUpdate: {"status":"downloading-updates","current":1,"total":6,"progress":25}
[2024-11-22 02:37:55.741] [info]  Splash.onStateUpdate: {"status":"downloading-updates","current":1,"total":6,"progress":25}
[2024-11-22 02:37:55.745] [info]  DiscordSplash.onStateUpdate: {"status":"downloading-updates","current":1,"total":6,"progress":26}
[2024-11-22 02:37:55.746] [info]  Splash.onStateUpdate: {"status":"downloading-updates","current":1,"total":6,"progress":26}
[2024-11-22 02:37:55.748] [info]  DiscordSplash.onStateUpdate: {"status":"downloading-updates","current":1,"total":6,"progress":27}
[2024-11-22 02:37:55.748] [info]  Splash.onStateUpdate: {"status":"downloading-updates","current":1,"total":6,"progress":27}
[2024-11-22 02:37:55.754] [info]  DiscordSplash.onStateUpdate: {"status":"downloading-updates","current":1,"total":6,"progress":28}
[2024-11-22 02:37:55.754] [info]  Splash.onStateUpdate: {"status":"downloading-updates","current":1,"total":6,"progress":28}
[2024-11-22 02:37:55.760] [info]  DiscordSplash.onStateUpdate: {"status":"downloading-updates","current":1,"total":6,"progress":29}
[2024-11-22 02:37:55.761] [info]  Splash.onStateUpdate: {"status":"downloading-updates","current":1,"total":6,"progress":29}
[2024-11-22 02:37:55.764] [info]  DiscordSplash.onStateUpdate: {"status":"downloading-updates","current":1,"total":6,"progress":30}
[2024-11-22 02:37:55.764] [info]  Splash.onStateUpdate: {"status":"downloading-updates","current":1,"total":6,"progress":30}
[2024-11-22 02:37:55.770] [info]  DiscordSplash.onStateUpdate: {"status":"downloading-updates","current":1,"total":6,"progress":31}
[2024-11-22 02:37:55.770] [info]  Splash.onStateUpdate: {"status":"downloading-updates","current":1,"total":6,"progress":31}
[2024-11-22 02:37:55.773] [info]  DiscordSplash.onStateUpdate: {"status":"downloading-updates","current":1,"total":6,"progress":32}
[2024-11-22 02:37:55.773] [info]  Splash.onStateUpdate: {"status":"downloading-updates","current":1,"total":6,"progress":32}
[2024-11-22 02:37:55.776] [info]  DiscordSplash.onStateUpdate: {"status":"downloading-updates","current":1,"total":6,"progress":33}
[2024-11-22 02:37:55.776] [info]  Splash.onStateUpdate: {"status":"downloading-updates","current":1,"total":6,"progress":33}
[2024-11-22 02:37:55.783] [info]  DiscordSplash.onStateUpdate: {"status":"downloading-updates","current":1,"total":6,"progress":34}
[2024-11-22 02:37:55.783] [info]  Splash.onStateUpdate: {"status":"downloading-updates","current":1,"total":6,"progress":34}
[2024-11-22 02:37:55.785] [info]  DiscordSplash.onStateUpdate: {"status":"downloading-updates","current":1,"total":6,"progress":35}
[2024-11-22 02:37:55.785] [info]  Splash.onStateUpdate: {"status":"downloading-updates","current":1,"total":6,"progress":35}
[2024-11-22 02:37:55.792] [info]  DiscordSplash.onStateUpdate: {"status":"downloading-updates","current":1,"total":6,"progress":36}
[2024-11-22 02:37:55.792] [info]  Splash.onStateUpdate: {"status":"downloading-updates","current":1,"total":6,"progress":36}
[2024-11-22 02:37:55.795] [info]  DiscordSplash.onStateUpdate: {"status":"downloading-updates","current":1,"total":6,"progress":37}
[2024-11-22 02:37:55.795] [info]  Splash.onStateUpdate: {"status":"downloading-updates","current":1,"total":6,"progress":37}
[2024-11-22 02:37:55.797] [info]  DiscordSplash.onStateUpdate: {"status":"downloading-updates","current":1,"total":6,"progress":38}
[2024-11-22 02:37:55.797] [info]  Splash.onStateUpdate: {"status":"downloading-updates","current":1,"total":6,"progress":38}
[2024-11-22 02:37:55.805] [info]  DiscordSplash.onStateUpdate: {"status":"downloading-updates","current":1,"total":6,"progress":39}
[2024-11-22 02:37:55.805] [info]  Splash.onStateUpdate: {"status":"downloading-updates","current":1,"total":6,"progress":39}
[2024-11-22 02:37:55.808] [info]  DiscordSplash.onStateUpdate: {"status":"downloading-updates","current":1,"total":6,"progress":40}
[2024-11-22 02:37:55.808] [info]  Splash.onStateUpdate: {"status":"downloading-updates","current":1,"total":6,"progress":40}
[2024-11-22 02:37:55.810] [info]  DiscordSplash.onStateUpdate: {"status":"downloading-updates","current":1,"total":6,"progress":41}
[2024-11-22 02:37:55.810] [info]  Splash.onStateUpdate: {"status":"downloading-updates","current":1,"total":6,"progress":41}
[2024-11-22 02:37:55.816] [info]  DiscordSplash.onStateUpdate: {"status":"downloading-updates","current":1,"total":6,"progress":42}
[2024-11-22 02:37:55.817] [info]  Splash.onStateUpdate: {"status":"downloading-updates","current":1,"total":6,"progress":42}
[2024-11-22 02:37:55.820] [info]  DiscordSplash.onStateUpdate: {"status":"downloading-updates","current":1,"total":6,"progress":43}
[2024-11-22 02:37:55.820] [info]  Splash.onStateUpdate: {"status":"downloading-updates","current":1,"total":6,"progress":43}
[2024-11-22 02:37:55.825] [info]  DiscordSplash.onStateUpdate: {"status":"downloading-updates","current":1,"total":6,"progress":44}
[2024-11-22 02:37:55.825] [info]  Splash.onStateUpdate: {"status":"downloading-updates","current":1,"total":6,"progress":44}
[2024-11-22 02:37:55.828] [info]  DiscordSplash.onStateUpdate: {"status":"downloading-updates","current":1,"total":6,"progress":45}
[2024-11-22 02:37:55.829] [info]  Splash.onStateUpdate: {"status":"downloading-updates","current":1,"total":6,"progress":45}
[2024-11-22 02:37:55.832] [info]  DiscordSplash.onStateUpdate: {"status":"downloading-updates","current":1,"total":6,"progress":46}
[2024-11-22 02:37:55.832] [info]  Splash.onStateUpdate: {"status":"downloading-updates","current":1,"total":6,"progress":46}
[2024-11-22 02:37:55.837] [info]  DiscordSplash.onStateUpdate: {"status":"downloading-updates","current":1,"total":6,"progress":47}
[2024-11-22 02:37:55.837] [info]  Splash.onStateUpdate: {"status":"downloading-updates","current":1,"total":6,"progress":47}
[2024-11-22 02:37:55.840] [info]  DiscordSplash.onStateUpdate: {"status":"downloading-updates","current":1,"total":6,"progress":48}
[2024-11-22 02:37:55.840] [info]  Splash.onStateUpdate: {"status":"downloading-updates","current":1,"total":6,"progress":48}
[2024-11-22 02:37:55.846] [info]  DiscordSplash.onStateUpdate: {"status":"downloading-updates","current":1,"total":6,"progress":49}
[2024-11-22 02:37:55.847] [info]  Splash.onStateUpdate: {"status":"downloading-updates","current":1,"total":6,"progress":49}
[2024-11-22 02:37:55.850] [info]  DiscordSplash.onStateUpdate: {"status":"downloading-updates","current":1,"total":6,"progress":50}
[2024-11-22 02:37:55.850] [info]  Splash.onStateUpdate: {"status":"downloading-updates","current":1,"total":6,"progress":50}
[2024-11-22 02:37:55.853] [info]  DiscordSplash.onStateUpdate: {"status":"downloading-updates","current":1,"total":6,"progress":51}
[2024-11-22 02:37:55.853] [info]  Splash.onStateUpdate: {"status":"downloading-updates","current":1,"total":6,"progress":51}
[2024-11-22 02:37:55.859] [info]  DiscordSplash.onStateUpdate: {"status":"downloading-updates","current":1,"total":6,"progress":52}
[2024-11-22 02:37:55.859] [info]  Splash.onStateUpdate: {"status":"downloading-updates","current":1,"total":6,"progress":52}
[2024-11-22 02:37:55.862] [info]  DiscordSplash.onStateUpdate: {"status":"downloading-updates","current":1,"total":6,"progress":53}
[2024-11-22 02:37:55.862] [info]  Splash.onStateUpdate: {"status":"downloading-updates","current":1,"total":6,"progress":53}
[2024-11-22 02:37:55.869] [info]  DiscordSplash.onStateUpdate: {"status":"downloading-updates","current":1,"total":6,"progress":54}
[2024-11-22 02:37:55.869] [info]  Splash.onStateUpdate: {"status":"downloading-updates","current":1,"total":6,"progress":54}
[2024-11-22 02:37:55.872] [info]  DiscordSplash.onStateUpdate: {"status":"downloading-updates","current":1,"total":6,"progress":55}
[2024-11-22 02:37:55.872] [info]  Splash.onStateUpdate: {"status":"downloading-updates","current":1,"total":6,"progress":55}
[2024-11-22 02:37:55.878] [info]  DiscordSplash.onStateUpdate: {"status":"downloading-updates","current":1,"total":6,"progress":56}
[2024-11-22 02:37:55.878] [info]  Splash.onStateUpdate: {"status":"downloading-updates","current":1,"total":6,"progress":56}
[2024-11-22 02:37:55.880] [info]  DiscordSplash.onStateUpdate: {"status":"downloading-updates","current":1,"total":6,"progress":57}
[2024-11-22 02:37:55.880] [info]  Splash.onStateUpdate: {"status":"downloading-updates","current":1,"total":6,"progress":57}
[2024-11-22 02:37:55.883] [info]  DiscordSplash.onStateUpdate: {"status":"downloading-updates","current":1,"total":6,"progress":58}
[2024-11-22 02:37:55.883] [info]  Splash.onStateUpdate: {"status":"downloading-updates","current":1,"total":6,"progress":58}
[2024-11-22 02:37:55.889] [info]  DiscordSplash.onStateUpdate: {"status":"downloading-updates","current":1,"total":6,"progress":59}
[2024-11-22 02:37:55.889] [info]  Splash.onStateUpdate: {"status":"downloading-updates","current":1,"total":6,"progress":59}
[2024-11-22 02:37:55.892] [info]  DiscordSplash.onStateUpdate: {"status":"downloading-updates","current":1,"total":6,"progress":60}
[2024-11-22 02:37:55.893] [info]  Splash.onStateUpdate: {"status":"downloading-updates","current":1,"total":6,"progress":60}
[2024-11-22 02:37:55.896] [info]  DiscordSplash.onStateUpdate: {"status":"downloading-updates","current":1,"total":6,"progress":61}
[2024-11-22 02:37:55.896] [info]  Splash.onStateUpdate: {"status":"downloading-updates","current":1,"total":6,"progress":61}
[2024-11-22 02:37:55.901] [info]  DiscordSplash.onStateUpdate: {"status":"downloading-updates","current":1,"total":6,"progress":62}
[2024-11-22 02:37:55.902] [info]  Splash.onStateUpdate: {"status":"downloading-updates","current":1,"total":6,"progress":62}
[2024-11-22 02:37:55.905] [info]  DiscordSplash.onStateUpdate: {"status":"downloading-updates","current":1,"total":6,"progress":63}
[2024-11-22 02:37:55.906] [info]  Splash.onStateUpdate: {"status":"downloading-updates","current":1,"total":6,"progress":63}
[2024-11-22 02:37:55.907] [info]  DiscordSplash.onStateUpdate: {"status":"downloading-updates","current":1,"total":6,"progress":64}
[2024-11-22 02:37:55.907] [info]  Splash.onStateUpdate: {"status":"downloading-updates","current":1,"total":6,"progress":64}
[2024-11-22 02:37:55.913] [info]  DiscordSplash.onStateUpdate: {"status":"downloading-updates","current":1,"total":6,"progress":65}
[2024-11-22 02:37:55.913] [info]  Splash.onStateUpdate: {"status":"downloading-updates","current":1,"total":6,"progress":65}
[2024-11-22 02:37:55.917] [info]  DiscordSplash.onStateUpdate: {"status":"downloading-updates","current":1,"total":6,"progress":66}
[2024-11-22 02:37:55.918] [info]  Splash.onStateUpdate: {"status":"downloading-updates","current":1,"total":6,"progress":66}
[2024-11-22 02:37:55.923] [info]  DiscordSplash.onStateUpdate: {"status":"downloading-updates","current":1,"total":6,"progress":67}
[2024-11-22 02:37:55.923] [info]  Splash.onStateUpdate: {"status":"downloading-updates","current":1,"total":6,"progress":67}
[2024-11-22 02:37:55.926] [info]  DiscordSplash.onStateUpdate: {"status":"downloading-updates","current":1,"total":6,"progress":68}
[2024-11-22 02:37:55.926] [info]  Splash.onStateUpdate: {"status":"downloading-updates","current":1,"total":6,"progress":68}
[2024-11-22 02:37:55.928] [info]  DiscordSplash.onStateUpdate: {"status":"downloading-updates","current":1,"total":6,"progress":69}
[2024-11-22 02:37:55.928] [info]  Splash.onStateUpdate: {"status":"downloading-updates","current":1,"total":6,"progress":69}
[2024-11-22 02:37:55.935] [info]  DiscordSplash.onStateUpdate: {"status":"downloading-updates","current":1,"total":6,"progress":70}
[2024-11-22 02:37:55.935] [info]  Splash.onStateUpdate: {"status":"downloading-updates","current":1,"total":6,"progress":70}
[2024-11-22 02:37:55.938] [info]  DiscordSplash.onStateUpdate: {"status":"downloading-updates","current":1,"total":6,"progress":71}
[2024-11-22 02:37:55.939] [info]  Splash.onStateUpdate: {"status":"downloading-updates","current":1,"total":6,"progress":71}
[2024-11-22 02:37:55.944] [info]  DiscordSplash.onStateUpdate: {"status":"downloading-updates","current":1,"total":6,"progress":72}
[2024-11-22 02:37:55.945] [info]  Splash.onStateUpdate: {"status":"downloading-updates","current":1,"total":6,"progress":72}
[2024-11-22 02:37:55.947] [info]  DiscordSplash.onStateUpdate: {"status":"downloading-updates","current":1,"total":6,"progress":73}
[2024-11-22 02:37:55.947] [info]  Splash.onStateUpdate: {"status":"downloading-updates","current":1,"total":6,"progress":73}
[2024-11-22 02:37:55.951] [info]  DiscordSplash.onStateUpdate: {"status":"downloading-updates","current":1,"total":6,"progress":74}
[2024-11-22 02:37:55.951] [info]  Splash.onStateUpdate: {"status":"downloading-updates","current":1,"total":6,"progress":74}
[2024-11-22 02:37:55.956] [info]  DiscordSplash.onStateUpdate: {"status":"downloading-updates","current":1,"total":6,"progress":75}
[2024-11-22 02:37:55.956] [info]  Splash.onStateUpdate: {"status":"downloading-updates","current":1,"total":6,"progress":75}
[2024-11-22 02:37:55.959] [info]  DiscordSplash.onStateUpdate: {"status":"downloading-updates","current":1,"total":6,"progress":76}
[2024-11-22 02:37:55.960] [info]  Splash.onStateUpdate: {"status":"downloading-updates","current":1,"total":6,"progress":76}
[2024-11-22 02:37:55.965] [info]  DiscordSplash.onStateUpdate: {"status":"downloading-updates","current":1,"total":6,"progress":77}
[2024-11-22 02:37:55.966] [info]  Splash.onStateUpdate: {"status":"downloading-updates","current":1,"total":6,"progress":77}
[2024-11-22 02:37:55.968] [info]  DiscordSplash.onStateUpdate: {"status":"downloading-updates","current":1,"total":6,"progress":78}
[2024-11-22 02:37:55.969] [info]  Splash.onStateUpdate: {"status":"downloading-updates","current":1,"total":6,"progress":78}
[2024-11-22 02:37:55.972] [info]  DiscordSplash.onStateUpdate: {"status":"downloading-updates","current":1,"total":6,"progress":79}
[2024-11-22 02:37:55.972] [info]  Splash.onStateUpdate: {"status":"downloading-updates","current":1,"total":6,"progress":79}
[2024-11-22 02:37:55.977] [info]  DiscordSplash.onStateUpdate: {"status":"downloading-updates","current":1,"total":6,"progress":80}
[2024-11-22 02:37:55.978] [info]  Splash.onStateUpdate: {"status":"downloading-updates","current":1,"total":6,"progress":80}
[2024-11-22 02:37:55.980] [info]  DiscordSplash.onStateUpdate: {"status":"downloading-updates","current":1,"total":6,"progress":81}
[2024-11-22 02:37:55.981] [info]  Splash.onStateUpdate: {"status":"downloading-updates","current":1,"total":6,"progress":81}
[2024-11-22 02:37:55.983] [info]  DiscordSplash.onStateUpdate: {"status":"downloading-updates","current":1,"total":6,"progress":82}
[2024-11-22 02:37:55.984] [info]  Splash.onStateUpdate: {"status":"downloading-updates","current":1,"total":6,"progress":82}
[2024-11-22 02:37:55.989] [info]  DiscordSplash.onStateUpdate: {"status":"downloading-updates","current":1,"total":6,"progress":83}
[2024-11-22 02:37:55.989] [info]  Splash.onStateUpdate: {"status":"downloading-updates","current":1,"total":6,"progress":83}
[2024-11-22 02:37:55.994] [info]  DiscordSplash.onStateUpdate: {"status":"downloading-updates","current":1,"total":6,"progress":84}
[2024-11-22 02:37:55.994] [info]  Splash.onStateUpdate: {"status":"downloading-updates","current":1,"total":6,"progress":84}
[2024-11-22 02:37:55.997] [info]  DiscordSplash.onStateUpdate: {"status":"downloading-updates","current":1,"total":6,"progress":85}
[2024-11-22 02:37:55.998] [info]  Splash.onStateUpdate: {"status":"downloading-updates","current":1,"total":6,"progress":85}
[2024-11-22 02:37:56.001] [info]  DiscordSplash.onStateUpdate: {"status":"downloading-updates","current":1,"total":6,"progress":86}
[2024-11-22 02:37:56.002] [info]  Splash.onStateUpdate: {"status":"downloading-updates","current":1,"total":6,"progress":86}
[2024-11-22 02:37:56.005] [info]  DiscordSplash.onStateUpdate: {"status":"downloading-updates","current":1,"total":6,"progress":87}
[2024-11-22 02:37:56.005] [info]  Splash.onStateUpdate: {"status":"downloading-updates","current":1,"total":6,"progress":87}
[2024-11-22 02:37:56.010] [info]  DiscordSplash.onStateUpdate: {"status":"downloading-updates","current":1,"total":6,"progress":88}
[2024-11-22 02:37:56.010] [info]  Splash.onStateUpdate: {"status":"downloading-updates","current":1,"total":6,"progress":88}
[2024-11-22 02:37:56.014] [info]  DiscordSplash.onStateUpdate: {"status":"downloading-updates","current":1,"total":6,"progress":89}
[2024-11-22 02:37:56.014] [info]  Splash.onStateUpdate: {"status":"downloading-updates","current":1,"total":6,"progress":89}
[2024-11-22 02:37:56.020] [info]  DiscordSplash.onStateUpdate: {"status":"downloading-updates","current":1,"total":6,"progress":90}
[2024-11-22 02:37:56.021] [info]  Splash.onStateUpdate: {"status":"downloading-updates","current":1,"total":6,"progress":90}
[2024-11-22 02:37:56.023] [info]  DiscordSplash.onStateUpdate: {"status":"downloading-updates","current":1,"total":6,"progress":91}
[2024-11-22 02:37:56.024] [info]  Splash.onStateUpdate: {"status":"downloading-updates","current":1,"total":6,"progress":91}
[2024-11-22 02:37:56.026] [info]  DiscordSplash.onStateUpdate: {"status":"downloading-updates","current":1,"total":6,"progress":92}
[2024-11-22 02:37:56.026] [info]  Splash.onStateUpdate: {"status":"downloading-updates","current":1,"total":6,"progress":92}
[2024-11-22 02:37:56.031] [info]  DiscordSplash.onStateUpdate: {"status":"downloading-updates","current":1,"total":6,"progress":93}
[2024-11-22 02:37:56.032] [info]  Splash.onStateUpdate: {"status":"downloading-updates","current":1,"total":6,"progress":93}
[2024-11-22 02:37:56.035] [info]  DiscordSplash.onStateUpdate: {"status":"downloading-updates","current":1,"total":6,"progress":94}
[2024-11-22 02:37:56.036] [info]  Splash.onStateUpdate: {"status":"downloading-updates","current":1,"total":6,"progress":94}
[2024-11-22 02:37:56.041] [info]  DiscordSplash.onStateUpdate: {"status":"downloading-updates","current":1,"total":6,"progress":95}
[2024-11-22 02:37:56.041] [info]  Splash.onStateUpdate: {"status":"downloading-updates","current":1,"total":6,"progress":95}
[2024-11-22 02:37:56.045] [info]  DiscordSplash.onStateUpdate: {"status":"downloading-updates","current":1,"total":6,"progress":96}
[2024-11-22 02:37:56.045] [info]  Splash.onStateUpdate: {"status":"downloading-updates","current":1,"total":6,"progress":96}
[2024-11-22 02:37:56.047] [info]  DiscordSplash.onStateUpdate: {"status":"downloading-updates","current":1,"total":6,"progress":97}
[2024-11-22 02:37:56.048] [info]  Splash.onStateUpdate: {"status":"downloading-updates","current":1,"total":6,"progress":97}
[2024-11-22 02:37:56.053] [info]  DiscordSplash.onStateUpdate: {"status":"downloading-updates","current":1,"total":6,"progress":98}
[2024-11-22 02:37:56.054] [info]  Splash.onStateUpdate: {"status":"downloading-updates","current":1,"total":6,"progress":98}
[2024-11-22 02:37:56.057] [info]  DiscordSplash.onStateUpdate: {"status":"downloading-updates","current":1,"total":6,"progress":99}
[2024-11-22 02:37:56.058] [info]  Splash.onStateUpdate: {"status":"downloading-updates","current":1,"total":6,"progress":99}
[2024-11-22 02:37:56.061] [info]  DiscordSplash.onStateUpdate: {"status":"downloading-updates","current":1,"total":6,"progress":100}
[2024-11-22 02:37:56.062] [info]  Splash.onStateUpdate: {"status":"downloading-updates","current":1,"total":6,"progress":100}
[2024-11-22 02:37:56.062] [info]  DiscordSplash.onStateUpdate: {"status":"downloading-updates","current":2,"total":6}
[2024-11-22 02:37:56.062] [info]  Splash.onStateUpdate: {"status":"downloading-updates","current":2,"total":6}
[2024-11-22 02:37:57.115] [info]  DiscordSplash.onStateUpdate: {"status":"downloading-updates","current":2,"total":6,"progress":1}
[2024-11-22 02:37:57.116] [info]  Splash.onStateUpdate: {"status":"downloading-updates","current":2,"total":6,"progress":1}
[2024-11-22 02:37:57.118] [info]  DiscordSplash.onStateUpdate: {"status":"downloading-updates","current":2,"total":6,"progress":4}
[2024-11-22 02:37:57.119] [info]  Splash.onStateUpdate: {"status":"downloading-updates","current":2,"total":6,"progress":4}
[2024-11-22 02:37:57.120] [info]  DiscordSplash.onStateUpdate: {"status":"downloading-updates","current":2,"total":6,"progress":8}
[2024-11-22 02:37:57.120] [info]  Splash.onStateUpdate: {"status":"downloading-updates","current":2,"total":6,"progress":8}
[2024-11-22 02:37:57.122] [info]  DiscordSplash.onStateUpdate: {"status":"downloading-updates","current":2,"total":6,"progress":11}
[2024-11-22 02:37:57.122] [info]  Splash.onStateUpdate: {"status":"downloading-updates","current":2,"total":6,"progress":11}
[2024-11-22 02:37:57.122] [info]  DiscordSplash.onStateUpdate: {"status":"downloading-updates","current":2,"total":6,"progress":13}
[2024-11-22 02:37:57.122] [info]  Splash.onStateUpdate: {"status":"downloading-updates","current":2,"total":6,"progress":13}
[2024-11-22 02:37:57.124] [info]  DiscordSplash.onStateUpdate: {"status":"downloading-updates","current":2,"total":6,"progress":16}
[2024-11-22 02:37:57.124] [info]  Splash.onStateUpdate: {"status":"downloading-updates","current":2,"total":6,"progress":16}
[2024-11-22 02:37:57.127] [info]  DiscordSplash.onStateUpdate: {"status":"downloading-updates","current":2,"total":6,"progress":18}
[2024-11-22 02:37:57.128] [info]  Splash.onStateUpdate: {"status":"downloading-updates","current":2,"total":6,"progress":18}
[2024-11-22 02:37:57.130] [info]  DiscordSplash.onStateUpdate: {"status":"downloading-updates","current":2,"total":6,"progress":21}
[2024-11-22 02:37:57.130] [info]  Splash.onStateUpdate: {"status":"downloading-updates","current":2,"total":6,"progress":21}
[2024-11-22 02:37:57.131] [info]  DiscordSplash.onStateUpdate: {"status":"downloading-updates","current":2,"total":6,"progress":24}
[2024-11-22 02:37:57.131] [info]  Splash.onStateUpdate: {"status":"downloading-updates","current":2,"total":6,"progress":24}
[2024-11-22 02:37:57.131] [info]  DiscordSplash.onStateUpdate: {"status":"downloading-updates","current":2,"total":6,"progress":25}
[2024-11-22 02:37:57.131] [info]  Splash.onStateUpdate: {"status":"downloading-updates","current":2,"total":6,"progress":25}
[2024-11-22 02:37:57.134] [info]  DiscordSplash.onStateUpdate: {"status":"downloading-updates","current":2,"total":6,"progress":27}
[2024-11-22 02:37:57.134] [info]  Splash.onStateUpdate: {"status":"downloading-updates","current":2,"total":6,"progress":27}
[2024-11-22 02:37:57.136] [info]  DiscordSplash.onStateUpdate: {"status":"downloading-updates","current":2,"total":6,"progress":30}
[2024-11-22 02:37:57.136] [info]  Splash.onStateUpdate: {"status":"downloading-updates","current":2,"total":6,"progress":30}
[2024-11-22 02:37:57.140] [info]  DiscordSplash.onStateUpdate: {"status":"downloading-updates","current":2,"total":6,"progress":33}
[2024-11-22 02:37:57.140] [info]  Splash.onStateUpdate: {"status":"downloading-updates","current":2,"total":6,"progress":33}
[2024-11-22 02:37:57.142] [info]  DiscordSplash.onStateUpdate: {"status":"downloading-updates","current":2,"total":6,"progress":34}
[2024-11-22 02:37:57.142] [info]  Splash.onStateUpdate: {"status":"downloading-updates","current":2,"total":6,"progress":34}
[2024-11-22 02:37:57.145] [info]  DiscordSplash.onStateUpdate: {"status":"downloading-updates","current":2,"total":6,"progress":37}
[2024-11-22 02:37:57.145] [info]  Splash.onStateUpdate: {"status":"downloading-updates","current":2,"total":6,"progress":37}
[2024-11-22 02:37:57.145] [info]  DiscordSplash.onStateUpdate: {"status":"downloading-updates","current":2,"total":6,"progress":38}
[2024-11-22 02:37:57.145] [info]  Splash.onStateUpdate: {"status":"downloading-updates","current":2,"total":6,"progress":38}
[2024-11-22 02:37:57.148] [info]  DiscordSplash.onStateUpdate: {"status":"downloading-updates","current":2,"total":6,"progress":41}
[2024-11-22 02:37:57.148] [info]  Splash.onStateUpdate: {"status":"downloading-updates","current":2,"total":6,"progress":41}
[2024-11-22 02:37:57.151] [info]  DiscordSplash.onStateUpdate: {"status":"downloading-updates","current":2,"total":6,"progress":44}
[2024-11-22 02:37:57.152] [info]  Splash.onStateUpdate: {"status":"downloading-updates","current":2,"total":6,"progress":44}
[2024-11-22 02:37:57.154] [info]  DiscordSplash.onStateUpdate: {"status":"downloading-updates","current":2,"total":6,"progress":47}
[2024-11-22 02:37:57.154] [info]  Splash.onStateUpdate: {"status":"downloading-updates","current":2,"total":6,"progress":47}
[2024-11-22 02:37:57.156] [info]  DiscordSplash.onStateUpdate: {"status":"downloading-updates","current":2,"total":6,"progress":50}
[2024-11-22 02:37:57.156] [info]  Splash.onStateUpdate: {"status":"downloading-updates","current":2,"total":6,"progress":50}
[2024-11-22 02:37:57.156] [info]  DiscordSplash.onStateUpdate: {"status":"downloading-updates","current":2,"total":6,"progress":51}
[2024-11-22 02:37:57.156] [info]  Splash.onStateUpdate: {"status":"downloading-updates","current":2,"total":6,"progress":51}
[2024-11-22 02:37:57.159] [info]  DiscordSplash.onStateUpdate: {"status":"downloading-updates","current":2,"total":6,"progress":52}
[2024-11-22 02:37:57.159] [info]  Splash.onStateUpdate: {"status":"downloading-updates","current":2,"total":6,"progress":52}
[2024-11-22 02:37:57.162] [info]  DiscordSplash.onStateUpdate: {"status":"downloading-updates","current":2,"total":6,"progress":55}
[2024-11-22 02:37:57.163] [info]  Splash.onStateUpdate: {"status":"downloading-updates","current":2,"total":6,"progress":55}
[2024-11-22 02:37:57.163] [info]  DiscordSplash.onStateUpdate: {"status":"downloading-updates","current":2,"total":6,"progress":56}
[2024-11-22 02:37:57.164] [info]  Splash.onStateUpdate: {"status":"downloading-updates","current":2,"total":6,"progress":56}
[2024-11-22 02:37:57.165] [info]  DiscordSplash.onStateUpdate: {"status":"downloading-updates","current":2,"total":6,"progress":59}
[2024-11-22 02:37:57.165] [info]  Splash.onStateUpdate: {"status":"downloading-updates","current":2,"total":6,"progress":59}
[2024-11-22 02:37:57.167] [info]  DiscordSplash.onStateUpdate: {"status":"downloading-updates","current":2,"total":6,"progress":61}
[2024-11-22 02:37:57.167] [info]  Splash.onStateUpdate: {"status":"downloading-updates","current":2,"total":6,"progress":61}
[2024-11-22 02:37:57.169] [info]  DiscordSplash.onStateUpdate: {"status":"downloading-updates","current":2,"total":6,"progress":64}
[2024-11-22 02:37:57.169] [info]  Splash.onStateUpdate: {"status":"downloading-updates","current":2,"total":6,"progress":64}
[2024-11-22 02:37:57.169] [info]  DiscordSplash.onStateUpdate: {"status":"downloading-updates","current":2,"total":6,"progress":65}
[2024-11-22 02:37:57.170] [info]  Splash.onStateUpdate: {"status":"downloading-updates","current":2,"total":6,"progress":65}
[2024-11-22 02:37:57.171] [info]  DiscordSplash.onStateUpdate: {"status":"downloading-updates","current":2,"total":6,"progress":68}
[2024-11-22 02:37:57.171] [info]  Splash.onStateUpdate: {"status":"downloading-updates","current":2,"total":6,"progress":68}
[2024-11-22 02:37:57.172] [info]  DiscordSplash.onStateUpdate: {"status":"downloading-updates","current":2,"total":6,"progress":69}
[2024-11-22 02:37:57.173] [info]  Splash.onStateUpdate: {"status":"downloading-updates","current":2,"total":6,"progress":69}
[2024-11-22 02:37:57.176] [info]  DiscordSplash.onStateUpdate: {"status":"downloading-updates","current":2,"total":6,"progress":71}
[2024-11-22 02:37:57.177] [info]  Splash.onStateUpdate: {"status":"downloading-updates","current":2,"total":6,"progress":71}
[2024-11-22 02:37:57.177] [info]  DiscordSplash.onStateUpdate: {"status":"downloading-updates","current":2,"total":6,"progress":74}
[2024-11-22 02:37:57.177] [info]  Splash.onStateUpdate: {"status":"downloading-updates","current":2,"total":6,"progress":74}
[2024-11-22 02:37:57.179] [info]  DiscordSplash.onStateUpdate: {"status":"downloading-updates","current":2,"total":6,"progress":77}
[2024-11-22 02:37:57.179] [info]  Splash.onStateUpdate: {"status":"downloading-updates","current":2,"total":6,"progress":77}
[2024-11-22 02:37:57.179] [info]  DiscordSplash.onStateUpdate: {"status":"downloading-updates","current":2,"total":6,"progress":78}
[2024-11-22 02:37:57.179] [info]  Splash.onStateUpdate: {"status":"downloading-updates","current":2,"total":6,"progress":78}
[2024-11-22 02:37:57.181] [info]  DiscordSplash.onStateUpdate: {"status":"downloading-updates","current":2,"total":6,"progress":80}
[2024-11-22 02:37:57.181] [info]  Splash.onStateUpdate: {"status":"downloading-updates","current":2,"total":6,"progress":80}
[2024-11-22 02:37:57.183] [info]  DiscordSplash.onStateUpdate: {"status":"downloading-updates","current":2,"total":6,"progress":82}
[2024-11-22 02:37:57.183] [info]  Splash.onStateUpdate: {"status":"downloading-updates","current":2,"total":6,"progress":82}
[2024-11-22 02:37:57.185] [info]  DiscordSplash.onStateUpdate: {"status":"downloading-updates","current":2,"total":6,"progress":84}
[2024-11-22 02:37:57.185] [info]  Splash.onStateUpdate: {"status":"downloading-updates","current":2,"total":6,"progress":84}
[2024-11-22 02:37:57.187] [info]  DiscordSplash.onStateUpdate: {"status":"downloading-updates","current":2,"total":6,"progress":86}
[2024-11-22 02:37:57.187] [info]  Splash.onStateUpdate: {"status":"downloading-updates","current":2,"total":6,"progress":86}
[2024-11-22 02:37:57.188] [info]  DiscordSplash.onStateUpdate: {"status":"downloading-updates","current":2,"total":6,"progress":88}
[2024-11-22 02:37:57.188] [info]  Splash.onStateUpdate: {"status":"downloading-updates","current":2,"total":6,"progress":88}
[2024-11-22 02:37:57.190] [info]  DiscordSplash.onStateUpdate: {"status":"downloading-updates","current":2,"total":6,"progress":91}
[2024-11-22 02:37:57.191] [info]  Splash.onStateUpdate: {"status":"downloading-updates","current":2,"total":6,"progress":91}
[2024-11-22 02:37:57.191] [info]  DiscordSplash.onStateUpdate: {"status":"downloading-updates","current":2,"total":6,"progress":92}
[2024-11-22 02:37:57.191] [info]  Splash.onStateUpdate: {"status":"downloading-updates","current":2,"total":6,"progress":92}
[2024-11-22 02:37:57.195] [info]  DiscordSplash.onStateUpdate: {"status":"downloading-updates","current":2,"total":6,"progress":95}
[2024-11-22 02:37:57.195] [info]  Splash.onStateUpdate: {"status":"downloading-updates","current":2,"total":6,"progress":95}
[2024-11-22 02:37:57.195] [info]  DiscordSplash.onStateUpdate: {"status":"downloading-updates","current":2,"total":6,"progress":96}
[2024-11-22 02:37:57.195] [info]  Splash.onStateUpdate: {"status":"downloading-updates","current":2,"total":6,"progress":96}
[2024-11-22 02:37:57.197] [info]  DiscordSplash.onStateUpdate: {"status":"downloading-updates","current":2,"total":6,"progress":98}
[2024-11-22 02:37:57.198] [info]  Splash.onStateUpdate: {"status":"downloading-updates","current":2,"total":6,"progress":98}
[2024-11-22 02:37:57.201] [info]  DiscordSplash.onStateUpdate: {"status":"downloading-updates","current":2,"total":6,"progress":100}
[2024-11-22 02:37:57.201] [info]  Splash.onStateUpdate: {"status":"downloading-updates","current":2,"total":6,"progress":100}
[2024-11-22 02:37:57.202] [info]  DiscordSplash.onStateUpdate: {"status":"downloading-updates","current":3,"total":6}
[2024-11-22 02:37:57.202] [info]  Splash.onStateUpdate: {"status":"downloading-updates","current":3,"total":6}
[2024-11-22 02:37:57.882] [info]  DiscordSplash.onStateUpdate: {"status":"downloading-updates","current":3,"total":6,"progress":1}
[2024-11-22 02:37:57.883] [info]  Splash.onStateUpdate: {"status":"downloading-updates","current":3,"total":6,"progress":1}
[2024-11-22 02:37:57.897] [info]  DiscordSplash.onStateUpdate: {"status":"downloading-updates","current":3,"total":6,"progress":2}
[2024-11-22 02:37:57.897] [info]  Splash.onStateUpdate: {"status":"downloading-updates","current":3,"total":6,"progress":2}
[2024-11-22 02:37:57.911] [info]  DiscordSplash.onStateUpdate: {"status":"downloading-updates","current":3,"total":6,"progress":3}
[2024-11-22 02:37:57.912] [info]  Splash.onStateUpdate: {"status":"downloading-updates","current":3,"total":6,"progress":3}
[2024-11-22 02:37:57.925] [info]  DiscordSplash.onStateUpdate: {"status":"downloading-updates","current":3,"total":6,"progress":4}
[2024-11-22 02:37:57.926] [info]  Splash.onStateUpdate: {"status":"downloading-updates","current":3,"total":6,"progress":4}
[2024-11-22 02:37:57.936] [info]  DiscordSplash.onStateUpdate: {"status":"downloading-updates","current":3,"total":6,"progress":5}
[2024-11-22 02:37:57.936] [info]  Splash.onStateUpdate: {"status":"downloading-updates","current":3,"total":6,"progress":5}
[2024-11-22 02:37:57.952] [info]  DiscordSplash.onStateUpdate: {"status":"downloading-updates","current":3,"total":6,"progress":6}
[2024-11-22 02:37:57.953] [info]  Splash.onStateUpdate: {"status":"downloading-updates","current":3,"total":6,"progress":6}
[2024-11-22 02:37:57.967] [info]  DiscordSplash.onStateUpdate: {"status":"downloading-updates","current":3,"total":6,"progress":7}
[2024-11-22 02:37:57.968] [info]  Splash.onStateUpdate: {"status":"downloading-updates","current":3,"total":6,"progress":7}
[2024-11-22 02:37:57.980] [info]  DiscordSplash.onStateUpdate: {"status":"downloading-updates","current":3,"total":6,"progress":8}
[2024-11-22 02:37:57.981] [info]  Splash.onStateUpdate: {"status":"downloading-updates","current":3,"total":6,"progress":8}
[2024-11-22 02:37:57.994] [info]  DiscordSplash.onStateUpdate: {"status":"downloading-updates","current":3,"total":6,"progress":9}
[2024-11-22 02:37:57.995] [info]  Splash.onStateUpdate: {"status":"downloading-updates","current":3,"total":6,"progress":9}
[2024-11-22 02:37:58.008] [info]  DiscordSplash.onStateUpdate: {"status":"downloading-updates","current":3,"total":6,"progress":10}
[2024-11-22 02:37:58.009] [info]  Splash.onStateUpdate: {"status":"downloading-updates","current":3,"total":6,"progress":10}
[2024-11-22 02:37:58.019] [info]  DiscordSplash.onStateUpdate: {"status":"downloading-updates","current":3,"total":6,"progress":11}
[2024-11-22 02:37:58.019] [info]  Splash.onStateUpdate: {"status":"downloading-updates","current":3,"total":6,"progress":11}
[2024-11-22 02:37:58.035] [info]  DiscordSplash.onStateUpdate: {"status":"downloading-updates","current":3,"total":6,"progress":12}
[2024-11-22 02:37:58.035] [info]  Splash.onStateUpdate: {"status":"downloading-updates","current":3,"total":6,"progress":12}
[2024-11-22 02:37:58.048] [info]  DiscordSplash.onStateUpdate: {"status":"downloading-updates","current":3,"total":6,"progress":13}
[2024-11-22 02:37:58.049] [info]  Splash.onStateUpdate: {"status":"downloading-updates","current":3,"total":6,"progress":13}
[2024-11-22 02:37:58.060] [info]  DiscordSplash.onStateUpdate: {"status":"downloading-updates","current":3,"total":6,"progress":14}
[2024-11-22 02:37:58.061] [info]  Splash.onStateUpdate: {"status":"downloading-updates","current":3,"total":6,"progress":14}
[2024-11-22 02:37:58.073] [info]  DiscordSplash.onStateUpdate: {"status":"downloading-updates","current":3,"total":6,"progress":15}
[2024-11-22 02:37:58.073] [info]  Splash.onStateUpdate: {"status":"downloading-updates","current":3,"total":6,"progress":15}
[2024-11-22 02:37:58.086] [info]  DiscordSplash.onStateUpdate: {"status":"downloading-updates","current":3,"total":6,"progress":16}
[2024-11-22 02:37:58.086] [info]  Splash.onStateUpdate: {"status":"downloading-updates","current":3,"total":6,"progress":16}
[2024-11-22 02:37:58.101] [info]  DiscordSplash.onStateUpdate: {"status":"downloading-updates","current":3,"total":6,"progress":17}
[2024-11-22 02:37:58.102] [info]  Splash.onStateUpdate: {"status":"downloading-updates","current":3,"total":6,"progress":17}
[2024-11-22 02:37:58.116] [info]  DiscordSplash.onStateUpdate: {"status":"downloading-updates","current":3,"total":6,"progress":18}
[2024-11-22 02:37:58.116] [info]  Splash.onStateUpdate: {"status":"downloading-updates","current":3,"total":6,"progress":18}
[2024-11-22 02:37:58.127] [info]  DiscordSplash.onStateUpdate: {"status":"downloading-updates","current":3,"total":6,"progress":19}
[2024-11-22 02:37:58.128] [info]  Splash.onStateUpdate: {"status":"downloading-updates","current":3,"total":6,"progress":19}
[2024-11-22 02:37:58.142] [info]  DiscordSplash.onStateUpdate: {"status":"downloading-updates","current":3,"total":6,"progress":20}
[2024-11-22 02:37:58.142] [info]  Splash.onStateUpdate: {"status":"downloading-updates","current":3,"total":6,"progress":20}
[2024-11-22 02:37:58.153] [info]  DiscordSplash.onStateUpdate: {"status":"downloading-updates","current":3,"total":6,"progress":21}
[2024-11-22 02:37:58.154] [info]  Splash.onStateUpdate: {"status":"downloading-updates","current":3,"total":6,"progress":21}
[2024-11-22 02:37:58.165] [info]  DiscordSplash.onStateUpdate: {"status":"downloading-updates","current":3,"total":6,"progress":22}
[2024-11-22 02:37:58.166] [info]  Splash.onStateUpdate: {"status":"downloading-updates","current":3,"total":6,"progress":22}
[2024-11-22 02:37:58.182] [info]  DiscordSplash.onStateUpdate: {"status":"downloading-updates","current":3,"total":6,"progress":23}
[2024-11-22 02:37:58.182] [info]  Splash.onStateUpdate: {"status":"downloading-updates","current":3,"total":6,"progress":23}
[2024-11-22 02:37:58.195] [info]  DiscordSplash.onStateUpdate: {"status":"downloading-updates","current":3,"total":6,"progress":24}
[2024-11-22 02:37:58.195] [info]  Splash.onStateUpdate: {"status":"downloading-updates","current":3,"total":6,"progress":24}
[2024-11-22 02:37:58.208] [info]  DiscordSplash.onStateUpdate: {"status":"downloading-updates","current":3,"total":6,"progress":25}
[2024-11-22 02:37:58.209] [info]  Splash.onStateUpdate: {"status":"downloading-updates","current":3,"total":6,"progress":25}
[2024-11-22 02:37:58.221] [info]  DiscordSplash.onStateUpdate: {"status":"downloading-updates","current":3,"total":6,"progress":26}
[2024-11-22 02:37:58.221] [info]  Splash.onStateUpdate: {"status":"downloading-updates","current":3,"total":6,"progress":26}
[2024-11-22 02:37:58.235] [info]  DiscordSplash.onStateUpdate: {"status":"downloading-updates","current":3,"total":6,"progress":27}
[2024-11-22 02:37:58.236] [info]  Splash.onStateUpdate: {"status":"downloading-updates","current":3,"total":6,"progress":27}
[2024-11-22 02:37:58.248] [info]  DiscordSplash.onStateUpdate: {"status":"downloading-updates","current":3,"total":6,"progress":28}
[2024-11-22 02:37:58.248] [info]  Splash.onStateUpdate: {"status":"downloading-updates","current":3,"total":6,"progress":28}
[2024-11-22 02:37:58.261] [info]  DiscordSplash.onStateUpdate: {"status":"downloading-updates","current":3,"total":6,"progress":29}
[2024-11-22 02:37:58.261] [info]  Splash.onStateUpdate: {"status":"downloading-updates","current":3,"total":6,"progress":29}
[2024-11-22 02:37:58.273] [info]  DiscordSplash.onStateUpdate: {"status":"downloading-updates","current":3,"total":6,"progress":30}
[2024-11-22 02:37:58.274] [info]  Splash.onStateUpdate: {"status":"downloading-updates","current":3,"total":6,"progress":30}
[2024-11-22 02:37:58.287] [info]  DiscordSplash.onStateUpdate: {"status":"downloading-updates","current":3,"total":6,"progress":31}
[2024-11-22 02:37:58.287] [info]  Splash.onStateUpdate: {"status":"downloading-updates","current":3,"total":6,"progress":31}
[2024-11-22 02:37:58.299] [info]  DiscordSplash.onStateUpdate: {"status":"downloading-updates","current":3,"total":6,"progress":32}
[2024-11-22 02:37:58.299] [info]  Splash.onStateUpdate: {"status":"downloading-updates","current":3,"total":6,"progress":32}
[2024-11-22 02:37:58.312] [info]  DiscordSplash.onStateUpdate: {"status":"downloading-updates","current":3,"total":6,"progress":33}
[2024-11-22 02:37:58.312] [info]  Splash.onStateUpdate: {"status":"downloading-updates","current":3,"total":6,"progress":33}
[2024-11-22 02:37:58.328] [info]  DiscordSplash.onStateUpdate: {"status":"downloading-updates","current":3,"total":6,"progress":34}
[2024-11-22 02:37:58.328] [info]  Splash.onStateUpdate: {"status":"downloading-updates","current":3,"total":6,"progress":34}
[2024-11-22 02:37:58.342] [info]  DiscordSplash.onStateUpdate: {"status":"downloading-updates","current":3,"total":6,"progress":35}
[2024-11-22 02:37:58.342] [info]  Splash.onStateUpdate: {"status":"downloading-updates","current":3,"total":6,"progress":35}
[2024-11-22 02:37:58.355] [info]  DiscordSplash.onStateUpdate: {"status":"downloading-updates","current":3,"total":6,"progress":36}
[2024-11-22 02:37:58.356] [info]  Splash.onStateUpdate: {"status":"downloading-updates","current":3,"total":6,"progress":36}
[2024-11-22 02:37:58.366] [info]  DiscordSplash.onStateUpdate: {"status":"downloading-updates","current":3,"total":6,"progress":37}
[2024-11-22 02:37:58.366] [info]  Splash.onStateUpdate: {"status":"downloading-updates","current":3,"total":6,"progress":37}
[2024-11-22 02:37:58.379] [info]  DiscordSplash.onStateUpdate: {"status":"downloading-updates","current":3,"total":6,"progress":38}
[2024-11-22 02:37:58.380] [info]  Splash.onStateUpdate: {"status":"downloading-updates","current":3,"total":6,"progress":38}
[2024-11-22 02:37:58.395] [info]  DiscordSplash.onStateUpdate: {"status":"downloading-updates","current":3,"total":6,"progress":39}
[2024-11-22 02:37:58.396] [info]  Splash.onStateUpdate: {"status":"downloading-updates","current":3,"total":6,"progress":39}
[2024-11-22 02:37:58.408] [info]  DiscordSplash.onStateUpdate: {"status":"downloading-updates","current":3,"total":6,"progress":40}
[2024-11-22 02:37:58.409] [info]  Splash.onStateUpdate: {"status":"downloading-updates","current":3,"total":6,"progress":40}
[2024-11-22 02:37:58.422] [info]  DiscordSplash.onStateUpdate: {"status":"downloading-updates","current":3,"total":6,"progress":41}
[2024-11-22 02:37:58.422] [info]  Splash.onStateUpdate: {"status":"downloading-updates","current":3,"total":6,"progress":41}
[2024-11-22 02:37:58.435] [info]  DiscordSplash.onStateUpdate: {"status":"downloading-updates","current":3,"total":6,"progress":42}
[2024-11-22 02:37:58.435] [info]  Splash.onStateUpdate: {"status":"downloading-updates","current":3,"total":6,"progress":42}
[2024-11-22 02:37:58.448] [info]  DiscordSplash.onStateUpdate: {"status":"downloading-updates","current":3,"total":6,"progress":43}
[2024-11-22 02:37:58.449] [info]  Splash.onStateUpdate: {"status":"downloading-updates","current":3,"total":6,"progress":43}
[2024-11-22 02:37:58.461] [info]  DiscordSplash.onStateUpdate: {"status":"downloading-updates","current":3,"total":6,"progress":44}
[2024-11-22 02:37:58.462] [info]  Splash.onStateUpdate: {"status":"downloading-updates","current":3,"total":6,"progress":44}
[2024-11-22 02:37:58.475] [info]  DiscordSplash.onStateUpdate: {"status":"downloading-updates","current":3,"total":6,"progress":45}
[2024-11-22 02:37:58.476] [info]  Splash.onStateUpdate: {"status":"downloading-updates","current":3,"total":6,"progress":45}
[2024-11-22 02:37:58.488] [info]  DiscordSplash.onStateUpdate: {"status":"downloading-updates","current":3,"total":6,"progress":46}
[2024-11-22 02:37:58.489] [info]  Splash.onStateUpdate: {"status":"downloading-updates","current":3,"total":6,"progress":46}
[2024-11-22 02:37:58.501] [info]  DiscordSplash.onStateUpdate: {"status":"downloading-updates","current":3,"total":6,"progress":47}
[2024-11-22 02:37:58.502] [info]  Splash.onStateUpdate: {"status":"downloading-updates","current":3,"total":6,"progress":47}
[2024-11-22 02:37:58.514] [info]  DiscordSplash.onStateUpdate: {"status":"downloading-updates","current":3,"total":6,"progress":48}
[2024-11-22 02:37:58.515] [info]  Splash.onStateUpdate: {"status":"downloading-updates","current":3,"total":6,"progress":48}
[2024-11-22 02:37:58.528] [info]  DiscordSplash.onStateUpdate: {"status":"downloading-updates","current":3,"total":6,"progress":49}
[2024-11-22 02:37:58.528] [info]  Splash.onStateUpdate: {"status":"downloading-updates","current":3,"total":6,"progress":49}
[2024-11-22 02:37:58.543] [info]  DiscordSplash.onStateUpdate: {"status":"downloading-updates","current":3,"total":6,"progress":50}
[2024-11-22 02:37:58.544] [info]  Splash.onStateUpdate: {"status":"downloading-updates","current":3,"total":6,"progress":50}
[2024-11-22 02:37:58.557] [info]  DiscordSplash.onStateUpdate: {"status":"downloading-updates","current":3,"total":6,"progress":51}
[2024-11-22 02:37:58.557] [info]  Splash.onStateUpdate: {"status":"downloading-updates","current":3,"total":6,"progress":51}
[2024-11-22 02:37:58.568] [info]  DiscordSplash.onStateUpdate: {"status":"downloading-updates","current":3,"total":6,"progress":52}
[2024-11-22 02:37:58.568] [info]  Splash.onStateUpdate: {"status":"downloading-updates","current":3,"total":6,"progress":52}
[2024-11-22 02:37:58.583] [info]  DiscordSplash.onStateUpdate: {"status":"downloading-updates","current":3,"total":6,"progress":53}
[2024-11-22 02:37:58.583] [info]  Splash.onStateUpdate: {"status":"downloading-updates","current":3,"total":6,"progress":53}
[2024-11-22 02:37:58.595] [info]  DiscordSplash.onStateUpdate: {"status":"downloading-updates","current":3,"total":6,"progress":54}
[2024-11-22 02:37:58.595] [info]  Splash.onStateUpdate: {"status":"downloading-updates","current":3,"total":6,"progress":54}
[2024-11-22 02:37:58.608] [info]  DiscordSplash.onStateUpdate: {"status":"downloading-updates","current":3,"total":6,"progress":55}
[2024-11-22 02:37:58.609] [info]  Splash.onStateUpdate: {"status":"downloading-updates","current":3,"total":6,"progress":55}
[2024-11-22 02:37:58.622] [info]  DiscordSplash.onStateUpdate: {"status":"downloading-updates","current":3,"total":6,"progress":56}
[2024-11-22 02:37:58.623] [info]  Splash.onStateUpdate: {"status":"downloading-updates","current":3,"total":6,"progress":56}
[2024-11-22 02:37:58.635] [info]  DiscordSplash.onStateUpdate: {"status":"downloading-updates","current":3,"total":6,"progress":57}
[2024-11-22 02:37:58.637] [info]  Splash.onStateUpdate: {"status":"downloading-updates","current":3,"total":6,"progress":57}
[2024-11-22 02:37:58.648] [info]  DiscordSplash.onStateUpdate: {"status":"downloading-updates","current":3,"total":6,"progress":58}
[2024-11-22 02:37:58.650] [info]  Splash.onStateUpdate: {"status":"downloading-updates","current":3,"total":6,"progress":58}
[2024-11-22 02:37:58.660] [info]  DiscordSplash.onStateUpdate: {"status":"downloading-updates","current":3,"total":6,"progress":59}
[2024-11-22 02:37:58.661] [info]  Splash.onStateUpdate: {"status":"downloading-updates","current":3,"total":6,"progress":59}
[2024-11-22 02:37:58.674] [info]  DiscordSplash.onStateUpdate: {"status":"downloading-updates","current":3,"total":6,"progress":60}
[2024-11-22 02:37:58.675] [info]  Splash.onStateUpdate: {"status":"downloading-updates","current":3,"total":6,"progress":60}
[2024-11-22 02:37:58.688] [info]  DiscordSplash.onStateUpdate: {"status":"downloading-updates","current":3,"total":6,"progress":61}
[2024-11-22 02:37:58.688] [info]  Splash.onStateUpdate: {"status":"downloading-updates","current":3,"total":6,"progress":61}
[2024-11-22 02:37:58.703] [info]  DiscordSplash.onStateUpdate: {"status":"downloading-updates","current":3,"total":6,"progress":62}
[2024-11-22 02:37:58.704] [info]  Splash.onStateUpdate: {"status":"downloading-updates","current":3,"total":6,"progress":62}
[2024-11-22 02:37:58.715] [info]  DiscordSplash.onStateUpdate: {"status":"downloading-updates","current":3,"total":6,"progress":63}
[2024-11-22 02:37:58.716] [info]  Splash.onStateUpdate: {"status":"downloading-updates","current":3,"total":6,"progress":63}
[2024-11-22 02:37:58.728] [info]  DiscordSplash.onStateUpdate: {"status":"downloading-updates","current":3,"total":6,"progress":64}
[2024-11-22 02:37:58.728] [info]  Splash.onStateUpdate: {"status":"downloading-updates","current":3,"total":6,"progress":64}
[2024-11-22 02:37:58.742] [info]  DiscordSplash.onStateUpdate: {"status":"downloading-updates","current":3,"total":6,"progress":65}
[2024-11-22 02:37:58.742] [info]  Splash.onStateUpdate: {"status":"downloading-updates","current":3,"total":6,"progress":65}
[2024-11-22 02:37:58.755] [info]  DiscordSplash.onStateUpdate: {"status":"downloading-updates","current":3,"total":6,"progress":66}
[2024-11-22 02:37:58.755] [info]  Splash.onStateUpdate: {"status":"downloading-updates","current":3,"total":6,"progress":66}
[2024-11-22 02:37:58.771] [info]  DiscordSplash.onStateUpdate: {"status":"downloading-updates","current":3,"total":6,"progress":67}
[2024-11-22 02:37:58.772] [info]  Splash.onStateUpdate: {"status":"downloading-updates","current":3,"total":6,"progress":67}
[2024-11-22 02:37:58.787] [info]  DiscordSplash.onStateUpdate: {"status":"downloading-updates","current":3,"total":6,"progress":68}
[2024-11-22 02:37:58.787] [info]  Splash.onStateUpdate: {"status":"downloading-updates","current":3,"total":6,"progress":68}
[2024-11-22 02:37:58.797] [info]  DiscordSplash.onStateUpdate: {"status":"downloading-updates","current":3,"total":6,"progress":69}
[2024-11-22 02:37:58.798] [info]  Splash.onStateUpdate: {"status":"downloading-updates","current":3,"total":6,"progress":69}
[2024-11-22 02:37:58.814] [info]  DiscordSplash.onStateUpdate: {"status":"downloading-updates","current":3,"total":6,"progress":70}
[2024-11-22 02:37:58.815] [info]  Splash.onStateUpdate: {"status":"downloading-updates","current":3,"total":6,"progress":70}
[2024-11-22 02:37:58.823] [info]  DiscordSplash.onStateUpdate: {"status":"downloading-updates","current":3,"total":6,"progress":71}
[2024-11-22 02:37:58.823] [info]  Splash.onStateUpdate: {"status":"downloading-updates","current":3,"total":6,"progress":71}
[2024-11-22 02:37:58.836] [info]  DiscordSplash.onStateUpdate: {"status":"downloading-updates","current":3,"total":6,"progress":72}
[2024-11-22 02:37:58.836] [info]  Splash.onStateUpdate: {"status":"downloading-updates","current":3,"total":6,"progress":72}
[2024-11-22 02:37:58.851] [info]  DiscordSplash.onStateUpdate: {"status":"downloading-updates","current":3,"total":6,"progress":73}
[2024-11-22 02:37:58.851] [info]  Splash.onStateUpdate: {"status":"downloading-updates","current":3,"total":6,"progress":73}
[2024-11-22 02:37:58.865] [info]  DiscordSplash.onStateUpdate: {"status":"downloading-updates","current":3,"total":6,"progress":74}
[2024-11-22 02:37:58.865] [info]  Splash.onStateUpdate: {"status":"downloading-updates","current":3,"total":6,"progress":74}
[2024-11-22 02:37:58.878] [info]  DiscordSplash.onStateUpdate: {"status":"downloading-updates","current":3,"total":6,"progress":75}
[2024-11-22 02:37:58.878] [info]  Splash.onStateUpdate: {"status":"downloading-updates","current":3,"total":6,"progress":75}
[2024-11-22 02:37:58.891] [info]  DiscordSplash.onStateUpdate: {"status":"downloading-updates","current":3,"total":6,"progress":76}
[2024-11-22 02:37:58.892] [info]  Splash.onStateUpdate: {"status":"downloading-updates","current":3,"total":6,"progress":76}
[2024-11-22 02:37:58.906] [info]  DiscordSplash.onStateUpdate: {"status":"downloading-updates","current":3,"total":6,"progress":77}
[2024-11-22 02:37:58.906] [info]  Splash.onStateUpdate: {"status":"downloading-updates","current":3,"total":6,"progress":77}
[2024-11-22 02:37:58.920] [info]  DiscordSplash.onStateUpdate: {"status":"downloading-updates","current":3,"total":6,"progress":78}
[2024-11-22 02:37:58.920] [info]  Splash.onStateUpdate: {"status":"downloading-updates","current":3,"total":6,"progress":78}
[2024-11-22 02:37:58.933] [info]  DiscordSplash.onStateUpdate: {"status":"downloading-updates","current":3,"total":6,"progress":79}
[2024-11-22 02:37:58.934] [info]  Splash.onStateUpdate: {"status":"downloading-updates","current":3,"total":6,"progress":79}
[2024-11-22 02:37:58.943] [info]  DiscordSplash.onStateUpdate: {"status":"downloading-updates","current":3,"total":6,"progress":80}
[2024-11-22 02:37:58.944] [info]  Splash.onStateUpdate: {"status":"downloading-updates","current":3,"total":6,"progress":80}
[2024-11-22 02:37:58.956] [info]  DiscordSplash.onStateUpdate: {"status":"downloading-updates","current":3,"total":6,"progress":81}
[2024-11-22 02:37:58.957] [info]  Splash.onStateUpdate: {"status":"downloading-updates","current":3,"total":6,"progress":81}
[2024-11-22 02:37:58.970] [info]  DiscordSplash.onStateUpdate: {"status":"downloading-updates","current":3,"total":6,"progress":82}
[2024-11-22 02:37:58.971] [info]  Splash.onStateUpdate: {"status":"downloading-updates","current":3,"total":6,"progress":82}
[2024-11-22 02:37:58.982] [info]  DiscordSplash.onStateUpdate: {"status":"downloading-updates","current":3,"total":6,"progress":83}
[2024-11-22 02:37:58.982] [info]  Splash.onStateUpdate: {"status":"downloading-updates","current":3,"total":6,"progress":83}
[2024-11-22 02:37:58.998] [info]  DiscordSplash.onStateUpdate: {"status":"downloading-updates","current":3,"total":6,"progress":84}
[2024-11-22 02:37:58.998] [info]  Splash.onStateUpdate: {"status":"downloading-updates","current":3,"total":6,"progress":84}
[2024-11-22 02:37:59.011] [info]  DiscordSplash.onStateUpdate: {"status":"downloading-updates","current":3,"total":6,"progress":85}
[2024-11-22 02:37:59.012] [info]  Splash.onStateUpdate: {"status":"downloading-updates","current":3,"total":6,"progress":85}
[2024-11-22 02:37:59.025] [info]  DiscordSplash.onStateUpdate: {"status":"downloading-updates","current":3,"total":6,"progress":86}
[2024-11-22 02:37:59.025] [info]  Splash.onStateUpdate: {"status":"downloading-updates","current":3,"total":6,"progress":86}
[2024-11-22 02:37:59.039] [info]  DiscordSplash.onStateUpdate: {"status":"downloading-updates","current":3,"total":6,"progress":87}
[2024-11-22 02:37:59.039] [info]  Splash.onStateUpdate: {"status":"downloading-updates","current":3,"total":6,"progress":87}
[2024-11-22 02:37:59.051] [info]  DiscordSplash.onStateUpdate: {"status":"downloading-updates","current":3,"total":6,"progress":88}
[2024-11-22 02:37:59.052] [info]  Splash.onStateUpdate: {"status":"downloading-updates","current":3,"total":6,"progress":88}
[2024-11-22 02:37:59.066] [info]  DiscordSplash.onStateUpdate: {"status":"downloading-updates","current":3,"total":6,"progress":89}
[2024-11-22 02:37:59.066] [info]  Splash.onStateUpdate: {"status":"downloading-updates","current":3,"total":6,"progress":89}
[2024-11-22 02:37:59.078] [info]  DiscordSplash.onStateUpdate: {"status":"downloading-updates","current":3,"total":6,"progress":90}
[2024-11-22 02:37:59.079] [info]  Splash.onStateUpdate: {"status":"downloading-updates","current":3,"total":6,"progress":90}
[2024-11-22 02:37:59.091] [info]  DiscordSplash.onStateUpdate: {"status":"downloading-updates","current":3,"total":6,"progress":91}
[2024-11-22 02:37:59.091] [info]  Splash.onStateUpdate: {"status":"downloading-updates","current":3,"total":6,"progress":91}
[2024-11-22 02:37:59.105] [info]  DiscordSplash.onStateUpdate: {"status":"downloading-updates","current":3,"total":6,"progress":92}
[2024-11-22 02:37:59.105] [info]  Splash.onStateUpdate: {"status":"downloading-updates","current":3,"total":6,"progress":92}
[2024-11-22 02:37:59.117] [info]  DiscordSplash.onStateUpdate: {"status":"downloading-updates","current":3,"total":6,"progress":93}
[2024-11-22 02:37:59.118] [info]  Splash.onStateUpdate: {"status":"downloading-updates","current":3,"total":6,"progress":93}
[2024-11-22 02:37:59.129] [info]  DiscordSplash.onStateUpdate: {"status":"downloading-updates","current":3,"total":6,"progress":94}
[2024-11-22 02:37:59.130] [info]  Splash.onStateUpdate: {"status":"downloading-updates","current":3,"total":6,"progress":94}
[2024-11-22 02:37:59.145] [info]  DiscordSplash.onStateUpdate: {"status":"downloading-updates","current":3,"total":6,"progress":95}
[2024-11-22 02:37:59.146] [info]  Splash.onStateUpdate: {"status":"downloading-updates","current":3,"total":6,"progress":95}
[2024-11-22 02:37:59.158] [info]  DiscordSplash.onStateUpdate: {"status":"downloading-updates","current":3,"total":6,"progress":96}
[2024-11-22 02:37:59.159] [info]  Splash.onStateUpdate: {"status":"downloading-updates","current":3,"total":6,"progress":96}
[2024-11-22 02:37:59.171] [info]  DiscordSplash.onStateUpdate: {"status":"downloading-updates","current":3,"total":6,"progress":97}
[2024-11-22 02:37:59.172] [info]  Splash.onStateUpdate: {"status":"downloading-updates","current":3,"total":6,"progress":97}
[2024-11-22 02:37:59.184] [info]  DiscordSplash.onStateUpdate: {"status":"downloading-updates","current":3,"total":6,"progress":98}
[2024-11-22 02:37:59.184] [info]  Splash.onStateUpdate: {"status":"downloading-updates","current":3,"total":6,"progress":98}
[2024-11-22 02:37:59.197] [info]  DiscordSplash.onStateUpdate: {"status":"downloading-updates","current":3,"total":6,"progress":99}
[2024-11-22 02:37:59.198] [info]  Splash.onStateUpdate: {"status":"downloading-updates","current":3,"total":6,"progress":99}
[2024-11-22 02:37:59.214] [info]  DiscordSplash.onStateUpdate: {"status":"downloading-updates","current":3,"total":6,"progress":100}
[2024-11-22 02:37:59.214] [info]  Splash.onStateUpdate: {"status":"downloading-updates","current":3,"total":6,"progress":100}
[2024-11-22 02:37:59.215] [info]  DiscordSplash.onStateUpdate: {"status":"downloading-updates","current":4,"total":6}
[2024-11-22 02:37:59.215] [info]  Splash.onStateUpdate: {"status":"downloading-updates","current":4,"total":6}
[2024-11-22 02:38:00.226] [info]  DiscordSplash.onStateUpdate: {"status":"downloading-updates","current":4,"total":6,"progress":2}
[2024-11-22 02:38:00.226] [info]  Splash.onStateUpdate: {"status":"downloading-updates","current":4,"total":6,"progress":2}
[2024-11-22 02:38:00.228] [info]  DiscordSplash.onStateUpdate: {"status":"downloading-updates","current":4,"total":6,"progress":4}
[2024-11-22 02:38:00.229] [info]  Splash.onStateUpdate: {"status":"downloading-updates","current":4,"total":6,"progress":4}
[2024-11-22 02:38:00.230] [info]  DiscordSplash.onStateUpdate: {"status":"downloading-updates","current":4,"total":6,"progress":5}
[2024-11-22 02:38:00.231] [info]  Splash.onStateUpdate: {"status":"downloading-updates","current":4,"total":6,"progress":5}
[2024-11-22 02:38:00.234] [info]  DiscordSplash.onStateUpdate: {"status":"downloading-updates","current":4,"total":6,"progress":6}
[2024-11-22 02:38:00.234] [info]  Splash.onStateUpdate: {"status":"downloading-updates","current":4,"total":6,"progress":6}
[2024-11-22 02:38:00.234] [info]  DiscordSplash.onStateUpdate: {"status":"downloading-updates","current":4,"total":6,"progress":7}
[2024-11-22 02:38:00.235] [info]  Splash.onStateUpdate: {"status":"downloading-updates","current":4,"total":6,"progress":7}
[2024-11-22 02:38:00.237] [info]  DiscordSplash.onStateUpdate: {"status":"downloading-updates","current":4,"total":6,"progress":8}
[2024-11-22 02:38:00.237] [info]  Splash.onStateUpdate: {"status":"downloading-updates","current":4,"total":6,"progress":8}
[2024-11-22 02:38:00.238] [info]  DiscordSplash.onStateUpdate: {"status":"downloading-updates","current":4,"total":6,"progress":9}
[2024-11-22 02:38:00.238] [info]  Splash.onStateUpdate: {"status":"downloading-updates","current":4,"total":6,"progress":9}
[2024-11-22 02:38:00.240] [info]  DiscordSplash.onStateUpdate: {"status":"downloading-updates","current":4,"total":6,"progress":11}
[2024-11-22 02:38:00.240] [info]  Splash.onStateUpdate: {"status":"downloading-updates","current":4,"total":6,"progress":11}
[2024-11-22 02:38:00.243] [info]  DiscordSplash.onStateUpdate: {"status":"downloading-updates","current":4,"total":6,"progress":13}
[2024-11-22 02:38:00.243] [info]  Splash.onStateUpdate: {"status":"downloading-updates","current":4,"total":6,"progress":13}
[2024-11-22 02:38:00.247] [info]  DiscordSplash.onStateUpdate: {"status":"downloading-updates","current":4,"total":6,"progress":15}
[2024-11-22 02:38:00.247] [info]  Splash.onStateUpdate: {"status":"downloading-updates","current":4,"total":6,"progress":15}
[2024-11-22 02:38:00.249] [info]  DiscordSplash.onStateUpdate: {"status":"downloading-updates","current":4,"total":6,"progress":16}
[2024-11-22 02:38:00.249] [info]  Splash.onStateUpdate: {"status":"downloading-updates","current":4,"total":6,"progress":16}
[2024-11-22 02:38:00.250] [info]  DiscordSplash.onStateUpdate: {"status":"downloading-updates","current":4,"total":6,"progress":17}
[2024-11-22 02:38:00.250] [info]  Splash.onStateUpdate: {"status":"downloading-updates","current":4,"total":6,"progress":17}
[2024-11-22 02:38:00.252] [info]  DiscordSplash.onStateUpdate: {"status":"downloading-updates","current":4,"total":6,"progress":18}
[2024-11-22 02:38:00.252] [info]  Splash.onStateUpdate: {"status":"downloading-updates","current":4,"total":6,"progress":18}
[2024-11-22 02:38:00.254] [info]  DiscordSplash.onStateUpdate: {"status":"downloading-updates","current":4,"total":6,"progress":19}
[2024-11-22 02:38:00.254] [info]  Splash.onStateUpdate: {"status":"downloading-updates","current":4,"total":6,"progress":19}
[2024-11-22 02:38:00.256] [info]  DiscordSplash.onStateUpdate: {"status":"downloading-updates","current":4,"total":6,"progress":20}
[2024-11-22 02:38:00.257] [info]  Splash.onStateUpdate: {"status":"downloading-updates","current":4,"total":6,"progress":20}
[2024-11-22 02:38:00.258] [info]  DiscordSplash.onStateUpdate: {"status":"downloading-updates","current":4,"total":6,"progress":21}
[2024-11-22 02:38:00.258] [info]  Splash.onStateUpdate: {"status":"downloading-updates","current":4,"total":6,"progress":21}
[2024-11-22 02:38:00.258] [info]  DiscordSplash.onStateUpdate: {"status":"downloading-updates","current":4,"total":6,"progress":22}
[2024-11-22 02:38:00.258] [info]  Splash.onStateUpdate: {"status":"downloading-updates","current":4,"total":6,"progress":22}
[2024-11-22 02:38:00.260] [info]  DiscordSplash.onStateUpdate: {"status":"downloading-updates","current":4,"total":6,"progress":24}
[2024-11-22 02:38:00.261] [info]  Splash.onStateUpdate: {"status":"downloading-updates","current":4,"total":6,"progress":24}
[2024-11-22 02:38:00.265] [info]  DiscordSplash.onStateUpdate: {"status":"downloading-updates","current":4,"total":6,"progress":25}
[2024-11-22 02:38:00.265] [info]  Splash.onStateUpdate: {"status":"downloading-updates","current":4,"total":6,"progress":25}
[2024-11-22 02:38:00.265] [info]  DiscordSplash.onStateUpdate: {"status":"downloading-updates","current":4,"total":6,"progress":26}
[2024-11-22 02:38:00.266] [info]  Splash.onStateUpdate: {"status":"downloading-updates","current":4,"total":6,"progress":26}
[2024-11-22 02:38:00.267] [info]  DiscordSplash.onStateUpdate: {"status":"downloading-updates","current":4,"total":6,"progress":28}
[2024-11-22 02:38:00.267] [info]  Splash.onStateUpdate: {"status":"downloading-updates","current":4,"total":6,"progress":28}
[2024-11-22 02:38:00.270] [info]  DiscordSplash.onStateUpdate: {"status":"downloading-updates","current":4,"total":6,"progress":29}
[2024-11-22 02:38:00.270] [info]  Splash.onStateUpdate: {"status":"downloading-updates","current":4,"total":6,"progress":29}
[2024-11-22 02:38:00.272] [info]  DiscordSplash.onStateUpdate: {"status":"downloading-updates","current":4,"total":6,"progress":30}
[2024-11-22 02:38:00.272] [info]  Splash.onStateUpdate: {"status":"downloading-updates","current":4,"total":6,"progress":30}
[2024-11-22 02:38:00.275] [info]  DiscordSplash.onStateUpdate: {"status":"downloading-updates","current":4,"total":6,"progress":31}
[2024-11-22 02:38:00.275] [info]  Splash.onStateUpdate: {"status":"downloading-updates","current":4,"total":6,"progress":31}
[2024-11-22 02:38:00.276] [info]  DiscordSplash.onStateUpdate: {"status":"downloading-updates","current":4,"total":6,"progress":32}
[2024-11-22 02:38:00.276] [info]  Splash.onStateUpdate: {"status":"downloading-updates","current":4,"total":6,"progress":32}
[2024-11-22 02:38:00.277] [info]  DiscordSplash.onStateUpdate: {"status":"downloading-updates","current":4,"total":6,"progress":34}
[2024-11-22 02:38:00.277] [info]  Splash.onStateUpdate: {"status":"downloading-updates","current":4,"total":6,"progress":34}
[2024-11-22 02:38:00.281] [info]  DiscordSplash.onStateUpdate: {"status":"downloading-updates","current":4,"total":6,"progress":35}
[2024-11-22 02:38:00.281] [info]  Splash.onStateUpdate: {"status":"downloading-updates","current":4,"total":6,"progress":35}
[2024-11-22 02:38:00.282] [info]  DiscordSplash.onStateUpdate: {"status":"downloading-updates","current":4,"total":6,"progress":37}
[2024-11-22 02:38:00.282] [info]  Splash.onStateUpdate: {"status":"downloading-updates","current":4,"total":6,"progress":37}
[2024-11-22 02:38:00.284] [info]  DiscordSplash.onStateUpdate: {"status":"downloading-updates","current":4,"total":6,"progress":38}
[2024-11-22 02:38:00.284] [info]  Splash.onStateUpdate: {"status":"downloading-updates","current":4,"total":6,"progress":38}
[2024-11-22 02:38:00.284] [info]  DiscordSplash.onStateUpdate: {"status":"downloading-updates","current":4,"total":6,"progress":39}
[2024-11-22 02:38:00.284] [info]  Splash.onStateUpdate: {"status":"downloading-updates","current":4,"total":6,"progress":39}
[2024-11-22 02:38:00.287] [info]  DiscordSplash.onStateUpdate: {"status":"downloading-updates","current":4,"total":6,"progress":40}
[2024-11-22 02:38:00.287] [info]  Splash.onStateUpdate: {"status":"downloading-updates","current":4,"total":6,"progress":40}
[2024-11-22 02:38:00.287] [info]  DiscordSplash.onStateUpdate: {"status":"downloading-updates","current":4,"total":6,"progress":41}
[2024-11-22 02:38:00.287] [info]  Splash.onStateUpdate: {"status":"downloading-updates","current":4,"total":6,"progress":41}
[2024-11-22 02:38:00.290] [info]  DiscordSplash.onStateUpdate: {"status":"downloading-updates","current":4,"total":6,"progress":43}
[2024-11-22 02:38:00.290] [info]  Splash.onStateUpdate: {"status":"downloading-updates","current":4,"total":6,"progress":43}
[2024-11-22 02:38:00.294] [info]  DiscordSplash.onStateUpdate: {"status":"downloading-updates","current":4,"total":6,"progress":45}
[2024-11-22 02:38:00.294] [info]  Splash.onStateUpdate: {"status":"downloading-updates","current":4,"total":6,"progress":45}
[2024-11-22 02:38:00.297] [info]  DiscordSplash.onStateUpdate: {"status":"downloading-updates","current":4,"total":6,"progress":47}
[2024-11-22 02:38:00.297] [info]  Splash.onStateUpdate: {"status":"downloading-updates","current":4,"total":6,"progress":47}
[2024-11-22 02:38:00.297] [info]  DiscordSplash.onStateUpdate: {"status":"downloading-updates","current":4,"total":6,"progress":48}
[2024-11-22 02:38:00.297] [info]  Splash.onStateUpdate: {"status":"downloading-updates","current":4,"total":6,"progress":48}
[2024-11-22 02:38:00.300] [info]  DiscordSplash.onStateUpdate: {"status":"downloading-updates","current":4,"total":6,"progress":49}
[2024-11-22 02:38:00.300] [info]  Splash.onStateUpdate: {"status":"downloading-updates","current":4,"total":6,"progress":49}
[2024-11-22 02:38:00.301] [info]  DiscordSplash.onStateUpdate: {"status":"downloading-updates","current":4,"total":6,"progress":50}
[2024-11-22 02:38:00.301] [info]  Splash.onStateUpdate: {"status":"downloading-updates","current":4,"total":6,"progress":50}
[2024-11-22 02:38:00.303] [info]  DiscordSplash.onStateUpdate: {"status":"downloading-updates","current":4,"total":6,"progress":51}
[2024-11-22 02:38:00.303] [info]  Splash.onStateUpdate: {"status":"downloading-updates","current":4,"total":6,"progress":51}
[2024-11-22 02:38:00.303] [info]  DiscordSplash.onStateUpdate: {"status":"downloading-updates","current":4,"total":6,"progress":52}
[2024-11-22 02:38:00.303] [info]  Splash.onStateUpdate: {"status":"downloading-updates","current":4,"total":6,"progress":52}
[2024-11-22 02:38:00.304] [info]  DiscordSplash.onStateUpdate: {"status":"downloading-updates","current":4,"total":6,"progress":53}
[2024-11-22 02:38:00.304] [info]  Splash.onStateUpdate: {"status":"downloading-updates","current":4,"total":6,"progress":53}
[2024-11-22 02:38:00.307] [info]  DiscordSplash.onStateUpdate: {"status":"downloading-updates","current":4,"total":6,"progress":54}
[2024-11-22 02:38:00.307] [info]  Splash.onStateUpdate: {"status":"downloading-updates","current":4,"total":6,"progress":54}
[2024-11-22 02:38:00.308] [info]  DiscordSplash.onStateUpdate: {"status":"downloading-updates","current":4,"total":6,"progress":56}
[2024-11-22 02:38:00.308] [info]  Splash.onStateUpdate: {"status":"downloading-updates","current":4,"total":6,"progress":56}
[2024-11-22 02:38:00.311] [info]  DiscordSplash.onStateUpdate: {"status":"downloading-updates","current":4,"total":6,"progress":58}
[2024-11-22 02:38:00.311] [info]  Splash.onStateUpdate: {"status":"downloading-updates","current":4,"total":6,"progress":58}
[2024-11-22 02:38:00.314] [info]  DiscordSplash.onStateUpdate: {"status":"downloading-updates","current":4,"total":6,"progress":60}
[2024-11-22 02:38:00.314] [info]  Splash.onStateUpdate: {"status":"downloading-updates","current":4,"total":6,"progress":60}
[2024-11-22 02:38:00.314] [info]  DiscordSplash.onStateUpdate: {"status":"downloading-updates","current":4,"total":6,"progress":61}
[2024-11-22 02:38:00.314] [info]  Splash.onStateUpdate: {"status":"downloading-updates","current":4,"total":6,"progress":61}
[2024-11-22 02:38:00.316] [info]  DiscordSplash.onStateUpdate: {"status":"downloading-updates","current":4,"total":6,"progress":62}
[2024-11-22 02:38:00.316] [info]  Splash.onStateUpdate: {"status":"downloading-updates","current":4,"total":6,"progress":62}
[2024-11-22 02:38:00.316] [info]  DiscordSplash.onStateUpdate: {"status":"downloading-updates","current":4,"total":6,"progress":63}
[2024-11-22 02:38:00.316] [info]  Splash.onStateUpdate: {"status":"downloading-updates","current":4,"total":6,"progress":63}
[2024-11-22 02:38:00.319] [info]  DiscordSplash.onStateUpdate: {"status":"downloading-updates","current":4,"total":6,"progress":64}
[2024-11-22 02:38:00.319] [info]  Splash.onStateUpdate: {"status":"downloading-updates","current":4,"total":6,"progress":64}
[2024-11-22 02:38:00.319] [info]  DiscordSplash.onStateUpdate: {"status":"downloading-updates","current":4,"total":6,"progress":65}
[2024-11-22 02:38:00.319] [info]  Splash.onStateUpdate: {"status":"downloading-updates","current":4,"total":6,"progress":65}
[2024-11-22 02:38:00.323] [info]  DiscordSplash.onStateUpdate: {"status":"downloading-updates","current":4,"total":6,"progress":66}
[2024-11-22 02:38:00.323] [info]  Splash.onStateUpdate: {"status":"downloading-updates","current":4,"total":6,"progress":66}
[2024-11-22 02:38:00.323] [info]  DiscordSplash.onStateUpdate: {"status":"downloading-updates","current":4,"total":6,"progress":67}
[2024-11-22 02:38:00.323] [info]  Splash.onStateUpdate: {"status":"downloading-updates","current":4,"total":6,"progress":67}
[2024-11-22 02:38:00.324] [info]  DiscordSplash.onStateUpdate: {"status":"downloading-updates","current":4,"total":6,"progress":69}
[2024-11-22 02:38:00.324] [info]  Splash.onStateUpdate: {"status":"downloading-updates","current":4,"total":6,"progress":69}
[2024-11-22 02:38:00.327] [info]  DiscordSplash.onStateUpdate: {"status":"downloading-updates","current":4,"total":6,"progress":71}
[2024-11-22 02:38:00.327] [info]  Splash.onStateUpdate: {"status":"downloading-updates","current":4,"total":6,"progress":71}
[2024-11-22 02:38:00.331] [info]  DiscordSplash.onStateUpdate: {"status":"downloading-updates","current":4,"total":6,"progress":73}
[2024-11-22 02:38:00.331] [info]  Splash.onStateUpdate: {"status":"downloading-updates","current":4,"total":6,"progress":73}
[2024-11-22 02:38:00.331] [info]  DiscordSplash.onStateUpdate: {"status":"downloading-updates","current":4,"total":6,"progress":74}
[2024-11-22 02:38:00.331] [info]  Splash.onStateUpdate: {"status":"downloading-updates","current":4,"total":6,"progress":74}
[2024-11-22 02:38:00.335] [info]  DiscordSplash.onStateUpdate: {"status":"downloading-updates","current":4,"total":6,"progress":76}
[2024-11-22 02:38:00.335] [info]  Splash.onStateUpdate: {"status":"downloading-updates","current":4,"total":6,"progress":76}
[2024-11-22 02:38:00.338] [info]  DiscordSplash.onStateUpdate: {"status":"downloading-updates","current":4,"total":6,"progress":77}
[2024-11-22 02:38:00.338] [info]  Splash.onStateUpdate: {"status":"downloading-updates","current":4,"total":6,"progress":77}
[2024-11-22 02:38:00.338] [info]  DiscordSplash.onStateUpdate: {"status":"downloading-updates","current":4,"total":6,"progress":78}
[2024-11-22 02:38:00.338] [info]  Splash.onStateUpdate: {"status":"downloading-updates","current":4,"total":6,"progress":78}
[2024-11-22 02:38:00.339] [info]  DiscordSplash.onStateUpdate: {"status":"downloading-updates","current":4,"total":6,"progress":79}
[2024-11-22 02:38:00.340] [info]  Splash.onStateUpdate: {"status":"downloading-updates","current":4,"total":6,"progress":79}
[2024-11-22 02:38:00.340] [info]  DiscordSplash.onStateUpdate: {"status":"downloading-updates","current":4,"total":6,"progress":80}
[2024-11-22 02:38:00.340] [info]  Splash.onStateUpdate: {"status":"downloading-updates","current":4,"total":6,"progress":80}
[2024-11-22 02:38:00.343] [info]  DiscordSplash.onStateUpdate: {"status":"downloading-updates","current":4,"total":6,"progress":82}
[2024-11-22 02:38:00.344] [info]  Splash.onStateUpdate: {"status":"downloading-updates","current":4,"total":6,"progress":82}
[2024-11-22 02:38:00.345] [info]  DiscordSplash.onStateUpdate: {"status":"downloading-updates","current":4,"total":6,"progress":83}
[2024-11-22 02:38:00.345] [info]  Splash.onStateUpdate: {"status":"downloading-updates","current":4,"total":6,"progress":83}
[2024-11-22 02:38:00.346] [info]  DiscordSplash.onStateUpdate: {"status":"downloading-updates","current":4,"total":6,"progress":85}
[2024-11-22 02:38:00.346] [info]  Splash.onStateUpdate: {"status":"downloading-updates","current":4,"total":6,"progress":85}
[2024-11-22 02:38:00.348] [info]  DiscordSplash.onStateUpdate: {"status":"downloading-updates","current":4,"total":6,"progress":87}
[2024-11-22 02:38:00.348] [info]  Splash.onStateUpdate: {"status":"downloading-updates","current":4,"total":6,"progress":87}
[2024-11-22 02:38:00.353] [info]  DiscordSplash.onStateUpdate: {"status":"downloading-updates","current":4,"total":6,"progress":89}
[2024-11-22 02:38:00.354] [info]  Splash.onStateUpdate: {"status":"downloading-updates","current":4,"total":6,"progress":89}
[2024-11-22 02:38:00.356] [info]  DiscordSplash.onStateUpdate: {"status":"downloading-updates","current":4,"total":6,"progress":91}
[2024-11-22 02:38:00.357] [info]  Splash.onStateUpdate: {"status":"downloading-updates","current":4,"total":6,"progress":91}
[2024-11-22 02:38:00.359] [info]  DiscordSplash.onStateUpdate: {"status":"downloading-updates","current":4,"total":6,"progress":92}
[2024-11-22 02:38:00.359] [info]  Splash.onStateUpdate: {"status":"downloading-updates","current":4,"total":6,"progress":92}
[2024-11-22 02:38:00.361] [info]  DiscordSplash.onStateUpdate: {"status":"downloading-updates","current":4,"total":6,"progress":94}
[2024-11-22 02:38:00.361] [info]  Splash.onStateUpdate: {"status":"downloading-updates","current":4,"total":6,"progress":94}
[2024-11-22 02:38:00.363] [info]  DiscordSplash.onStateUpdate: {"status":"downloading-updates","current":4,"total":6,"progress":96}
[2024-11-22 02:38:00.363] [info]  Splash.onStateUpdate: {"status":"downloading-updates","current":4,"total":6,"progress":96}
[2024-11-22 02:38:00.366] [info]  DiscordSplash.onStateUpdate: {"status":"downloading-updates","current":4,"total":6,"progress":98}
[2024-11-22 02:38:00.367] [info]  Splash.onStateUpdate: {"status":"downloading-updates","current":4,"total":6,"progress":98}
[2024-11-22 02:38:00.369] [info]  DiscordSplash.onStateUpdate: {"status":"downloading-updates","current":4,"total":6,"progress":100}
[2024-11-22 02:38:00.369] [info]  Splash.onStateUpdate: {"status":"downloading-updates","current":4,"total":6,"progress":100}
[2024-11-22 02:38:00.370] [info]  DiscordSplash.onStateUpdate: {"status":"downloading-updates","current":5,"total":6}
[2024-11-22 02:38:00.370] [info]  Splash.onStateUpdate: {"status":"downloading-updates","current":5,"total":6}
[2024-11-22 02:38:00.869] [info]  DiscordSplash.onStateUpdate: {"status":"downloading-updates","current":5,"total":6,"progress":1}
[2024-11-22 02:38:00.870] [info]  Splash.onStateUpdate: {"status":"downloading-updates","current":5,"total":6,"progress":1}
[2024-11-22 02:38:00.879] [info]  DiscordSplash.onStateUpdate: {"status":"downloading-updates","current":5,"total":6,"progress":2}
[2024-11-22 02:38:00.880] [info]  Splash.onStateUpdate: {"status":"downloading-updates","current":5,"total":6,"progress":2}
[2024-11-22 02:38:00.889] [info]  DiscordSplash.onStateUpdate: {"status":"downloading-updates","current":5,"total":6,"progress":3}
[2024-11-22 02:38:00.889] [info]  Splash.onStateUpdate: {"status":"downloading-updates","current":5,"total":6,"progress":3}
[2024-11-22 02:38:00.898] [info]  DiscordSplash.onStateUpdate: {"status":"downloading-updates","current":5,"total":6,"progress":4}
[2024-11-22 02:38:00.899] [info]  Splash.onStateUpdate: {"status":"downloading-updates","current":5,"total":6,"progress":4}
[2024-11-22 02:38:00.904] [info]  DiscordSplash.onStateUpdate: {"status":"downloading-updates","current":5,"total":6,"progress":5}
[2024-11-22 02:38:00.905] [info]  Splash.onStateUpdate: {"status":"downloading-updates","current":5,"total":6,"progress":5}
[2024-11-22 02:38:00.913] [info]  DiscordSplash.onStateUpdate: {"status":"downloading-updates","current":5,"total":6,"progress":6}
[2024-11-22 02:38:00.913] [info]  Splash.onStateUpdate: {"status":"downloading-updates","current":5,"total":6,"progress":6}
[2024-11-22 02:38:00.933] [info]  DiscordSplash.onStateUpdate: {"status":"downloading-updates","current":5,"total":6,"progress":7}
[2024-11-22 02:38:00.934] [info]  Splash.onStateUpdate: {"status":"downloading-updates","current":5,"total":6,"progress":7}
[2024-11-22 02:38:00.935] [info]  DiscordSplash.onStateUpdate: {"status":"downloading-updates","current":5,"total":6,"progress":8}
[2024-11-22 02:38:00.935] [info]  Splash.onStateUpdate: {"status":"downloading-updates","current":5,"total":6,"progress":8}
[2024-11-22 02:38:00.942] [info]  DiscordSplash.onStateUpdate: {"status":"downloading-updates","current":5,"total":6,"progress":9}
[2024-11-22 02:38:00.942] [info]  Splash.onStateUpdate: {"status":"downloading-updates","current":5,"total":6,"progress":9}
[2024-11-22 02:38:00.951] [info]  DiscordSplash.onStateUpdate: {"status":"downloading-updates","current":5,"total":6,"progress":10}
[2024-11-22 02:38:00.951] [info]  Splash.onStateUpdate: {"status":"downloading-updates","current":5,"total":6,"progress":10}
[2024-11-22 02:38:00.956] [info]  DiscordSplash.onStateUpdate: {"status":"downloading-updates","current":5,"total":6,"progress":11}
[2024-11-22 02:38:00.957] [info]  Splash.onStateUpdate: {"status":"downloading-updates","current":5,"total":6,"progress":11}
[2024-11-22 02:38:00.967] [info]  DiscordSplash.onStateUpdate: {"status":"downloading-updates","current":5,"total":6,"progress":12}
[2024-11-22 02:38:00.968] [info]  Splash.onStateUpdate: {"status":"downloading-updates","current":5,"total":6,"progress":12}
[2024-11-22 02:38:00.978] [info]  DiscordSplash.onStateUpdate: {"status":"downloading-updates","current":5,"total":6,"progress":13}
[2024-11-22 02:38:00.978] [info]  Splash.onStateUpdate: {"status":"downloading-updates","current":5,"total":6,"progress":13}
[2024-11-22 02:38:00.986] [info]  DiscordSplash.onStateUpdate: {"status":"downloading-updates","current":5,"total":6,"progress":14}
[2024-11-22 02:38:00.986] [info]  Splash.onStateUpdate: {"status":"downloading-updates","current":5,"total":6,"progress":14}
[2024-11-22 02:38:00.993] [info]  DiscordSplash.onStateUpdate: {"status":"downloading-updates","current":5,"total":6,"progress":15}
[2024-11-22 02:38:00.993] [info]  Splash.onStateUpdate: {"status":"downloading-updates","current":5,"total":6,"progress":15}
[2024-11-22 02:38:01.004] [info]  DiscordSplash.onStateUpdate: {"status":"downloading-updates","current":5,"total":6,"progress":16}
[2024-11-22 02:38:01.004] [info]  Splash.onStateUpdate: {"status":"downloading-updates","current":5,"total":6,"progress":16}
[2024-11-22 02:38:01.013] [info]  DiscordSplash.onStateUpdate: {"status":"downloading-updates","current":5,"total":6,"progress":17}
[2024-11-22 02:38:01.013] [info]  Splash.onStateUpdate: {"status":"downloading-updates","current":5,"total":6,"progress":17}
[2024-11-22 02:38:01.020] [info]  DiscordSplash.onStateUpdate: {"status":"downloading-updates","current":5,"total":6,"progress":18}
[2024-11-22 02:38:01.020] [info]  Splash.onStateUpdate: {"status":"downloading-updates","current":5,"total":6,"progress":18}
[2024-11-22 02:38:01.029] [info]  DiscordSplash.onStateUpdate: {"status":"downloading-updates","current":5,"total":6,"progress":19}
[2024-11-22 02:38:01.030] [info]  Splash.onStateUpdate: {"status":"downloading-updates","current":5,"total":6,"progress":19}
[2024-11-22 02:38:01.038] [info]  DiscordSplash.onStateUpdate: {"status":"downloading-updates","current":5,"total":6,"progress":20}
[2024-11-22 02:38:01.038] [info]  Splash.onStateUpdate: {"status":"downloading-updates","current":5,"total":6,"progress":20}
[2024-11-22 02:38:01.047] [info]  DiscordSplash.onStateUpdate: {"status":"downloading-updates","current":5,"total":6,"progress":21}
[2024-11-22 02:38:01.048] [info]  Splash.onStateUpdate: {"status":"downloading-updates","current":5,"total":6,"progress":21}
[2024-11-22 02:38:01.056] [info]  DiscordSplash.onStateUpdate: {"status":"downloading-updates","current":5,"total":6,"progress":22}
[2024-11-22 02:38:01.056] [info]  Splash.onStateUpdate: {"status":"downloading-updates","current":5,"total":6,"progress":22}
[2024-11-22 02:38:01.064] [info]  DiscordSplash.onStateUpdate: {"status":"downloading-updates","current":5,"total":6,"progress":23}
[2024-11-22 02:38:01.064] [info]  Splash.onStateUpdate: {"status":"downloading-updates","current":5,"total":6,"progress":23}
[2024-11-22 02:38:01.074] [info]  DiscordSplash.onStateUpdate: {"status":"downloading-updates","current":5,"total":6,"progress":24}
[2024-11-22 02:38:01.075] [info]  Splash.onStateUpdate: {"status":"downloading-updates","current":5,"total":6,"progress":24}
[2024-11-22 02:38:01.083] [info]  DiscordSplash.onStateUpdate: {"status":"downloading-updates","current":5,"total":6,"progress":25}
[2024-11-22 02:38:01.083] [info]  Splash.onStateUpdate: {"status":"downloading-updates","current":5,"total":6,"progress":25}
[2024-11-22 02:38:01.088] [info]  DiscordSplash.onStateUpdate: {"status":"downloading-updates","current":5,"total":6,"progress":26}
[2024-11-22 02:38:01.088] [info]  Splash.onStateUpdate: {"status":"downloading-updates","current":5,"total":6,"progress":26}
[2024-11-22 02:38:01.100] [info]  DiscordSplash.onStateUpdate: {"status":"downloading-updates","current":5,"total":6,"progress":27}
[2024-11-22 02:38:01.100] [info]  Splash.onStateUpdate: {"status":"downloading-updates","current":5,"total":6,"progress":27}
[2024-11-22 02:38:01.109] [info]  DiscordSplash.onStateUpdate: {"status":"downloading-updates","current":5,"total":6,"progress":28}
[2024-11-22 02:38:01.109] [info]  Splash.onStateUpdate: {"status":"downloading-updates","current":5,"total":6,"progress":28}
[2024-11-22 02:38:01.117] [info]  DiscordSplash.onStateUpdate: {"status":"downloading-updates","current":5,"total":6,"progress":29}
[2024-11-22 02:38:01.118] [info]  Splash.onStateUpdate: {"status":"downloading-updates","current":5,"total":6,"progress":29}
[2024-11-22 02:38:01.126] [info]  DiscordSplash.onStateUpdate: {"status":"downloading-updates","current":5,"total":6,"progress":30}
[2024-11-22 02:38:01.127] [info]  Splash.onStateUpdate: {"status":"downloading-updates","current":5,"total":6,"progress":30}
[2024-11-22 02:38:01.135] [info]  DiscordSplash.onStateUpdate: {"status":"downloading-updates","current":5,"total":6,"progress":31}
[2024-11-22 02:38:01.135] [info]  Splash.onStateUpdate: {"status":"downloading-updates","current":5,"total":6,"progress":31}
[2024-11-22 02:38:01.143] [info]  DiscordSplash.onStateUpdate: {"status":"downloading-updates","current":5,"total":6,"progress":32}
[2024-11-22 02:38:01.143] [info]  Splash.onStateUpdate: {"status":"downloading-updates","current":5,"total":6,"progress":32}
[2024-11-22 02:38:01.151] [info]  DiscordSplash.onStateUpdate: {"status":"downloading-updates","current":5,"total":6,"progress":33}
[2024-11-22 02:38:01.152] [info]  Splash.onStateUpdate: {"status":"downloading-updates","current":5,"total":6,"progress":33}
[2024-11-22 02:38:01.160] [info]  DiscordSplash.onStateUpdate: {"status":"downloading-updates","current":5,"total":6,"progress":34}
[2024-11-22 02:38:01.160] [info]  Splash.onStateUpdate: {"status":"downloading-updates","current":5,"total":6,"progress":34}
[2024-11-22 02:38:01.171] [info]  DiscordSplash.onStateUpdate: {"status":"downloading-updates","current":5,"total":6,"progress":35}
[2024-11-22 02:38:01.171] [info]  Splash.onStateUpdate: {"status":"downloading-updates","current":5,"total":6,"progress":35}
[2024-11-22 02:38:01.176] [info]  DiscordSplash.onStateUpdate: {"status":"downloading-updates","current":5,"total":6,"progress":36}
[2024-11-22 02:38:01.177] [info]  Splash.onStateUpdate: {"status":"downloading-updates","current":5,"total":6,"progress":36}
[2024-11-22 02:38:01.185] [info]  DiscordSplash.onStateUpdate: {"status":"downloading-updates","current":5,"total":6,"progress":37}
[2024-11-22 02:38:01.185] [info]  Splash.onStateUpdate: {"status":"downloading-updates","current":5,"total":6,"progress":37}
[2024-11-22 02:38:01.198] [info]  DiscordSplash.onStateUpdate: {"status":"downloading-updates","current":5,"total":6,"progress":38}
[2024-11-22 02:38:01.199] [info]  Splash.onStateUpdate: {"status":"downloading-updates","current":5,"total":6,"progress":38}
[2024-11-22 02:38:01.205] [info]  DiscordSplash.onStateUpdate: {"status":"downloading-updates","current":5,"total":6,"progress":39}
[2024-11-22 02:38:01.205] [info]  Splash.onStateUpdate: {"status":"downloading-updates","current":5,"total":6,"progress":39}
[2024-11-22 02:38:01.213] [info]  DiscordSplash.onStateUpdate: {"status":"downloading-updates","current":5,"total":6,"progress":40}
[2024-11-22 02:38:01.214] [info]  Splash.onStateUpdate: {"status":"downloading-updates","current":5,"total":6,"progress":40}
[2024-11-22 02:38:01.222] [info]  DiscordSplash.onStateUpdate: {"status":"downloading-updates","current":5,"total":6,"progress":41}
[2024-11-22 02:38:01.222] [info]  Splash.onStateUpdate: {"status":"downloading-updates","current":5,"total":6,"progress":41}
[2024-11-22 02:38:01.230] [info]  DiscordSplash.onStateUpdate: {"status":"downloading-updates","current":5,"total":6,"progress":42}
[2024-11-22 02:38:01.230] [info]  Splash.onStateUpdate: {"status":"downloading-updates","current":5,"total":6,"progress":42}
[2024-11-22 02:38:01.238] [info]  DiscordSplash.onStateUpdate: {"status":"downloading-updates","current":5,"total":6,"progress":43}
[2024-11-22 02:38:01.238] [info]  Splash.onStateUpdate: {"status":"downloading-updates","current":5,"total":6,"progress":43}
[2024-11-22 02:38:01.246] [info]  DiscordSplash.onStateUpdate: {"status":"downloading-updates","current":5,"total":6,"progress":44}
[2024-11-22 02:38:01.246] [info]  Splash.onStateUpdate: {"status":"downloading-updates","current":5,"total":6,"progress":44}
[2024-11-22 02:38:01.255] [info]  DiscordSplash.onStateUpdate: {"status":"downloading-updates","current":5,"total":6,"progress":45}
[2024-11-22 02:38:01.256] [info]  Splash.onStateUpdate: {"status":"downloading-updates","current":5,"total":6,"progress":45}
[2024-11-22 02:38:01.262] [info]  DiscordSplash.onStateUpdate: {"status":"downloading-updates","current":5,"total":6,"progress":46}
[2024-11-22 02:38:01.263] [info]  Splash.onStateUpdate: {"status":"downloading-updates","current":5,"total":6,"progress":46}
[2024-11-22 02:38:01.270] [info]  DiscordSplash.onStateUpdate: {"status":"downloading-updates","current":5,"total":6,"progress":47}
[2024-11-22 02:38:01.270] [info]  Splash.onStateUpdate: {"status":"downloading-updates","current":5,"total":6,"progress":47}
[2024-11-22 02:38:01.276] [info]  DiscordSplash.onStateUpdate: {"status":"downloading-updates","current":5,"total":6,"progress":48}
[2024-11-22 02:38:01.277] [info]  Splash.onStateUpdate: {"status":"downloading-updates","current":5,"total":6,"progress":48}
[2024-11-22 02:38:01.286] [info]  DiscordSplash.onStateUpdate: {"status":"downloading-updates","current":5,"total":6,"progress":49}
[2024-11-22 02:38:01.287] [info]  Splash.onStateUpdate: {"status":"downloading-updates","current":5,"total":6,"progress":49}
[2024-11-22 02:38:01.297] [info]  DiscordSplash.onStateUpdate: {"status":"downloading-updates","current":5,"total":6,"progress":50}
[2024-11-22 02:38:01.297] [info]  Splash.onStateUpdate: {"status":"downloading-updates","current":5,"total":6,"progress":50}
[2024-11-22 02:38:01.304] [info]  DiscordSplash.onStateUpdate: {"status":"downloading-updates","current":5,"total":6,"progress":51}
[2024-11-22 02:38:01.304] [info]  Splash.onStateUpdate: {"status":"downloading-updates","current":5,"total":6,"progress":51}
[2024-11-22 02:38:01.312] [info]  DiscordSplash.onStateUpdate: {"status":"downloading-updates","current":5,"total":6,"progress":52}
[2024-11-22 02:38:01.312] [info]  Splash.onStateUpdate: {"status":"downloading-updates","current":5,"total":6,"progress":52}
[2024-11-22 02:38:01.321] [info]  DiscordSplash.onStateUpdate: {"status":"downloading-updates","current":5,"total":6,"progress":53}
[2024-11-22 02:38:01.322] [info]  Splash.onStateUpdate: {"status":"downloading-updates","current":5,"total":6,"progress":53}
[2024-11-22 02:38:01.328] [info]  DiscordSplash.onStateUpdate: {"status":"downloading-updates","current":5,"total":6,"progress":54}
[2024-11-22 02:38:01.329] [info]  Splash.onStateUpdate: {"status":"downloading-updates","current":5,"total":6,"progress":54}
[2024-11-22 02:38:01.337] [info]  DiscordSplash.onStateUpdate: {"status":"downloading-updates","current":5,"total":6,"progress":55}
[2024-11-22 02:38:01.337] [info]  Splash.onStateUpdate: {"status":"downloading-updates","current":5,"total":6,"progress":55}
[2024-11-22 02:38:01.344] [info]  DiscordSplash.onStateUpdate: {"status":"downloading-updates","current":5,"total":6,"progress":56}
[2024-11-22 02:38:01.344] [info]  Splash.onStateUpdate: {"status":"downloading-updates","current":5,"total":6,"progress":56}
[2024-11-22 02:38:01.353] [info]  DiscordSplash.onStateUpdate: {"status":"downloading-updates","current":5,"total":6,"progress":57}
[2024-11-22 02:38:01.353] [info]  Splash.onStateUpdate: {"status":"downloading-updates","current":5,"total":6,"progress":57}
[2024-11-22 02:38:01.360] [info]  DiscordSplash.onStateUpdate: {"status":"downloading-updates","current":5,"total":6,"progress":58}
[2024-11-22 02:38:01.360] [info]  Splash.onStateUpdate: {"status":"downloading-updates","current":5,"total":6,"progress":58}
[2024-11-22 02:38:01.369] [info]  DiscordSplash.onStateUpdate: {"status":"downloading-updates","current":5,"total":6,"progress":59}
[2024-11-22 02:38:01.369] [info]  Splash.onStateUpdate: {"status":"downloading-updates","current":5,"total":6,"progress":59}
[2024-11-22 02:38:01.376] [info]  DiscordSplash.onStateUpdate: {"status":"downloading-updates","current":5,"total":6,"progress":60}
[2024-11-22 02:38:01.377] [info]  Splash.onStateUpdate: {"status":"downloading-updates","current":5,"total":6,"progress":60}
[2024-11-22 02:38:01.384] [info]  DiscordSplash.onStateUpdate: {"status":"downloading-updates","current":5,"total":6,"progress":61}
[2024-11-22 02:38:01.384] [info]  Splash.onStateUpdate: {"status":"downloading-updates","current":5,"total":6,"progress":61}
[2024-11-22 02:38:01.392] [info]  DiscordSplash.onStateUpdate: {"status":"downloading-updates","current":5,"total":6,"progress":62}
[2024-11-22 02:38:01.393] [info]  Splash.onStateUpdate: {"status":"downloading-updates","current":5,"total":6,"progress":62}
[2024-11-22 02:38:01.399] [info]  DiscordSplash.onStateUpdate: {"status":"downloading-updates","current":5,"total":6,"progress":63}
[2024-11-22 02:38:01.399] [info]  Splash.onStateUpdate: {"status":"downloading-updates","current":5,"total":6,"progress":63}
[2024-11-22 02:38:01.407] [info]  DiscordSplash.onStateUpdate: {"status":"downloading-updates","current":5,"total":6,"progress":64}
[2024-11-22 02:38:01.408] [info]  Splash.onStateUpdate: {"status":"downloading-updates","current":5,"total":6,"progress":64}
[2024-11-22 02:38:01.415] [info]  DiscordSplash.onStateUpdate: {"status":"downloading-updates","current":5,"total":6,"progress":65}
[2024-11-22 02:38:01.415] [info]  Splash.onStateUpdate: {"status":"downloading-updates","current":5,"total":6,"progress":65}
[2024-11-22 02:38:01.423] [info]  DiscordSplash.onStateUpdate: {"status":"downloading-updates","current":5,"total":6,"progress":66}
[2024-11-22 02:38:01.424] [info]  Splash.onStateUpdate: {"status":"downloading-updates","current":5,"total":6,"progress":66}
[2024-11-22 02:38:01.431] [info]  DiscordSplash.onStateUpdate: {"status":"downloading-updates","current":5,"total":6,"progress":67}
[2024-11-22 02:38:01.432] [info]  Splash.onStateUpdate: {"status":"downloading-updates","current":5,"total":6,"progress":67}
[2024-11-22 02:38:01.440] [info]  DiscordSplash.onStateUpdate: {"status":"downloading-updates","current":5,"total":6,"progress":68}
[2024-11-22 02:38:01.441] [info]  Splash.onStateUpdate: {"status":"downloading-updates","current":5,"total":6,"progress":68}
[2024-11-22 02:38:01.447] [info]  DiscordSplash.onStateUpdate: {"status":"downloading-updates","current":5,"total":6,"progress":69}
[2024-11-22 02:38:01.448] [info]  Splash.onStateUpdate: {"status":"downloading-updates","current":5,"total":6,"progress":69}
[2024-11-22 02:38:01.453] [info]  DiscordSplash.onStateUpdate: {"status":"downloading-updates","current":5,"total":6,"progress":70}
[2024-11-22 02:38:01.454] [info]  Splash.onStateUpdate: {"status":"downloading-updates","current":5,"total":6,"progress":70}
[2024-11-22 02:38:01.462] [info]  DiscordSplash.onStateUpdate: {"status":"downloading-updates","current":5,"total":6,"progress":71}
[2024-11-22 02:38:01.462] [info]  Splash.onStateUpdate: {"status":"downloading-updates","current":5,"total":6,"progress":71}
[2024-11-22 02:38:01.470] [info]  DiscordSplash.onStateUpdate: {"status":"downloading-updates","current":5,"total":6,"progress":72}
[2024-11-22 02:38:01.470] [info]  Splash.onStateUpdate: {"status":"downloading-updates","current":5,"total":6,"progress":72}
[2024-11-22 02:38:01.479] [info]  DiscordSplash.onStateUpdate: {"status":"downloading-updates","current":5,"total":6,"progress":73}
[2024-11-22 02:38:01.480] [info]  Splash.onStateUpdate: {"status":"downloading-updates","current":5,"total":6,"progress":73}
[2024-11-22 02:38:01.489] [info]  DiscordSplash.onStateUpdate: {"status":"downloading-updates","current":5,"total":6,"progress":74}
[2024-11-22 02:38:01.489] [info]  Splash.onStateUpdate: {"status":"downloading-updates","current":5,"total":6,"progress":74}
[2024-11-22 02:38:01.495] [info]  DiscordSplash.onStateUpdate: {"status":"downloading-updates","current":5,"total":6,"progress":75}
[2024-11-22 02:38:01.495] [info]  Splash.onStateUpdate: {"status":"downloading-updates","current":5,"total":6,"progress":75}
[2024-11-22 02:38:01.498] [info]  DiscordSplash.onStateUpdate: {"status":"downloading-updates","current":5,"total":6,"progress":76}
[2024-11-22 02:38:01.499] [info]  Splash.onStateUpdate: {"status":"downloading-updates","current":5,"total":6,"progress":76}
[2024-11-22 02:38:01.506] [info]  DiscordSplash.onStateUpdate: {"status":"downloading-updates","current":5,"total":6,"progress":77}
[2024-11-22 02:38:01.506] [info]  Splash.onStateUpdate: {"status":"downloading-updates","current":5,"total":6,"progress":77}
[2024-11-22 02:38:01.517] [info]  DiscordSplash.onStateUpdate: {"status":"downloading-updates","current":5,"total":6,"progress":78}
[2024-11-22 02:38:01.517] [info]  Splash.onStateUpdate: {"status":"downloading-updates","current":5,"total":6,"progress":78}
[2024-11-22 02:38:01.521] [info]  DiscordSplash.onStateUpdate: {"status":"downloading-updates","current":5,"total":6,"progress":79}
[2024-11-22 02:38:01.522] [info]  Splash.onStateUpdate: {"status":"downloading-updates","current":5,"total":6,"progress":79}
[2024-11-22 02:38:01.532] [info]  DiscordSplash.onStateUpdate: {"status":"downloading-updates","current":5,"total":6,"progress":80}
[2024-11-22 02:38:01.533] [info]  Splash.onStateUpdate: {"status":"downloading-updates","current":5,"total":6,"progress":80}
[2024-11-22 02:38:01.540] [info]  DiscordSplash.onStateUpdate: {"status":"downloading-updates","current":5,"total":6,"progress":81}
[2024-11-22 02:38:01.540] [info]  Splash.onStateUpdate: {"status":"downloading-updates","current":5,"total":6,"progress":81}
[2024-11-22 02:38:01.548] [info]  DiscordSplash.onStateUpdate: {"status":"downloading-updates","current":5,"total":6,"progress":82}
[2024-11-22 02:38:01.548] [info]  Splash.onStateUpdate: {"status":"downloading-updates","current":5,"total":6,"progress":82}
[2024-11-22 02:38:01.555] [info]  DiscordSplash.onStateUpdate: {"status":"downloading-updates","current":5,"total":6,"progress":83}
[2024-11-22 02:38:01.555] [info]  Splash.onStateUpdate: {"status":"downloading-updates","current":5,"total":6,"progress":83}
[2024-11-22 02:38:01.562] [info]  DiscordSplash.onStateUpdate: {"status":"downloading-updates","current":5,"total":6,"progress":84}
[2024-11-22 02:38:01.563] [info]  Splash.onStateUpdate: {"status":"downloading-updates","current":5,"total":6,"progress":84}
[2024-11-22 02:38:01.572] [info]  DiscordSplash.onStateUpdate: {"status":"downloading-updates","current":5,"total":6,"progress":85}
[2024-11-22 02:38:01.572] [info]  Splash.onStateUpdate: {"status":"downloading-updates","current":5,"total":6,"progress":85}
[2024-11-22 02:38:01.581] [info]  DiscordSplash.onStateUpdate: {"status":"downloading-updates","current":5,"total":6,"progress":86}
[2024-11-22 02:38:01.581] [info]  Splash.onStateUpdate: {"status":"downloading-updates","current":5,"total":6,"progress":86}
[2024-11-22 02:38:01.588] [info]  DiscordSplash.onStateUpdate: {"status":"downloading-updates","current":5,"total":6,"progress":87}
[2024-11-22 02:38:01.588] [info]  Splash.onStateUpdate: {"status":"downloading-updates","current":5,"total":6,"progress":87}
[2024-11-22 02:38:01.595] [info]  DiscordSplash.onStateUpdate: {"status":"downloading-updates","current":5,"total":6,"progress":88}
[2024-11-22 02:38:01.595] [info]  Splash.onStateUpdate: {"status":"downloading-updates","current":5,"total":6,"progress":88}
[2024-11-22 02:38:01.603] [info]  DiscordSplash.onStateUpdate: {"status":"downloading-updates","current":5,"total":6,"progress":89}
[2024-11-22 02:38:01.603] [info]  Splash.onStateUpdate: {"status":"downloading-updates","current":5,"total":6,"progress":89}
[2024-11-22 02:38:01.610] [info]  DiscordSplash.onStateUpdate: {"status":"downloading-updates","current":5,"total":6,"progress":90}
[2024-11-22 02:38:01.610] [info]  Splash.onStateUpdate: {"status":"downloading-updates","current":5,"total":6,"progress":90}
[2024-11-22 02:38:01.617] [info]  DiscordSplash.onStateUpdate: {"status":"downloading-updates","current":5,"total":6,"progress":91}
[2024-11-22 02:38:01.618] [info]  Splash.onStateUpdate: {"status":"downloading-updates","current":5,"total":6,"progress":91}
[2024-11-22 02:38:01.624] [info]  DiscordSplash.onStateUpdate: {"status":"downloading-updates","current":5,"total":6,"progress":92}
[2024-11-22 02:38:01.624] [info]  Splash.onStateUpdate: {"status":"downloading-updates","current":5,"total":6,"progress":92}
[2024-11-22 02:38:01.633] [info]  DiscordSplash.onStateUpdate: {"status":"downloading-updates","current":5,"total":6,"progress":93}
[2024-11-22 02:38:01.634] [info]  Splash.onStateUpdate: {"status":"downloading-updates","current":5,"total":6,"progress":93}
[2024-11-22 02:38:01.640] [info]  DiscordSplash.onStateUpdate: {"status":"downloading-updates","current":5,"total":6,"progress":94}
[2024-11-22 02:38:01.640] [info]  Splash.onStateUpdate: {"status":"downloading-updates","current":5,"total":6,"progress":94}
[2024-11-22 02:38:01.650] [info]  DiscordSplash.onStateUpdate: {"status":"downloading-updates","current":5,"total":6,"progress":95}
[2024-11-22 02:38:01.651] [info]  Splash.onStateUpdate: {"status":"downloading-updates","current":5,"total":6,"progress":95}
[2024-11-22 02:38:01.656] [info]  DiscordSplash.onStateUpdate: {"status":"downloading-updates","current":5,"total":6,"progress":96}
[2024-11-22 02:38:01.656] [info]  Splash.onStateUpdate: {"status":"downloading-updates","current":5,"total":6,"progress":96}
[2024-11-22 02:38:01.664] [info]  DiscordSplash.onStateUpdate: {"status":"downloading-updates","current":5,"total":6,"progress":97}
[2024-11-22 02:38:01.664] [info]  Splash.onStateUpdate: {"status":"downloading-updates","current":5,"total":6,"progress":97}
[2024-11-22 02:38:01.670] [info]  DiscordSplash.onStateUpdate: {"status":"downloading-updates","current":5,"total":6,"progress":98}
[2024-11-22 02:38:01.670] [info]  Splash.onStateUpdate: {"status":"downloading-updates","current":5,"total":6,"progress":98}
[2024-11-22 02:38:01.675] [info]  DiscordSplash.onStateUpdate: {"status":"downloading-updates","current":5,"total":6,"progress":99}
[2024-11-22 02:38:01.676] [info]  Splash.onStateUpdate: {"status":"downloading-updates","current":5,"total":6,"progress":99}
[2024-11-22 02:38:01.684] [info]  DiscordSplash.onStateUpdate: {"status":"downloading-updates","current":5,"total":6,"progress":100}
[2024-11-22 02:38:01.684] [info]  Splash.onStateUpdate: {"status":"downloading-updates","current":5,"total":6,"progress":100}
[2024-11-22 02:38:01.685] [info]  DiscordSplash.onStateUpdate: {"status":"downloading-updates","current":6,"total":6}
[2024-11-22 02:38:01.685] [info]  Splash.onStateUpdate: {"status":"downloading-updates","current":6,"total":6}
[2024-11-22 02:38:02.168] [info]  DiscordSplash.onStateUpdate: {"status":"downloading-updates","current":6,"total":6,"progress":17}
[2024-11-22 02:38:02.168] [info]  Splash.onStateUpdate: {"status":"downloading-updates","current":6,"total":6,"progress":17}
[2024-11-22 02:38:02.170] [info]  DiscordSplash.onStateUpdate: {"status":"downloading-updates","current":6,"total":6,"progress":25}
[2024-11-22 02:38:02.170] [info]  Splash.onStateUpdate: {"status":"downloading-updates","current":6,"total":6,"progress":25}
[2024-11-22 02:38:02.173] [info]  DiscordSplash.onStateUpdate: {"status":"downloading-updates","current":6,"total":6,"progress":38}
[2024-11-22 02:38:02.174] [info]  Splash.onStateUpdate: {"status":"downloading-updates","current":6,"total":6,"progress":38}
[2024-11-22 02:38:02.174] [info]  DiscordSplash.onStateUpdate: {"status":"downloading-updates","current":6,"total":6,"progress":60}
[2024-11-22 02:38:02.174] [info]  Splash.onStateUpdate: {"status":"downloading-updates","current":6,"total":6,"progress":60}
[2024-11-22 02:38:02.176] [info]  DiscordSplash.onStateUpdate: {"status":"downloading-updates","current":6,"total":6,"progress":77}
[2024-11-22 02:38:02.177] [info]  Splash.onStateUpdate: {"status":"downloading-updates","current":6,"total":6,"progress":77}
[2024-11-22 02:38:02.177] [info]  DiscordSplash.onStateUpdate: {"status":"downloading-updates","current":6,"total":6,"progress":86}
[2024-11-22 02:38:02.177] [info]  Splash.onStateUpdate: {"status":"downloading-updates","current":6,"total":6,"progress":86}
[2024-11-22 02:38:02.180] [info]  DiscordSplash.onStateUpdate: {"status":"downloading-updates","current":6,"total":6,"progress":100}
[2024-11-22 02:38:02.180] [info]  Splash.onStateUpdate: {"status":"downloading-updates","current":6,"total":6,"progress":100}
[2024-11-22 02:38:02.181] [info]  DiscordSplash.onStateUpdate: {"status":"installing-updates","current":1,"total":6}
[2024-11-22 02:38:02.181] [info]  Splash.onStateUpdate: {"status":"installing-updates","current":1,"total":6}
[2024-11-22 02:38:02.187] [info]  DiscordSplash.onStateUpdate: {"status":"installing-updates","current":1,"total":6,"progress":33}
[2024-11-22 02:38:02.187] [info]  Splash.onStateUpdate: {"status":"installing-updates","current":1,"total":6,"progress":33}
[2024-11-22 02:38:02.191] [info]  DiscordSplash.onStateUpdate: {"status":"installing-updates","current":1,"total":6,"progress":66}
[2024-11-22 02:38:02.191] [info]  Splash.onStateUpdate: {"status":"installing-updates","current":1,"total":6,"progress":66}
[2024-11-22 02:38:02.234] [info]  DiscordSplash.onStateUpdate: {"status":"installing-updates","current":1,"total":6,"progress":100}
[2024-11-22 02:38:02.234] [info]  Splash.onStateUpdate: {"status":"installing-updates","current":1,"total":6,"progress":100}
[2024-11-22 02:38:02.237] [info]  DiscordSplash.onStateUpdate: {"status":"installing-updates","current":2,"total":6}
[2024-11-22 02:38:02.237] [info]  Splash.onStateUpdate: {"status":"installing-updates","current":2,"total":6}
[2024-11-22 02:38:02.238] [info]  DiscordSplash.onStateUpdate: {"status":"installing-updates","current":2,"total":6,"progress":33}
[2024-11-22 02:38:02.238] [info]  Splash.onStateUpdate: {"status":"installing-updates","current":2,"total":6,"progress":33}
[2024-11-22 02:38:02.239] [info]  DiscordSplash.onStateUpdate: {"status":"installing-updates","current":2,"total":6,"progress":66}
[2024-11-22 02:38:02.240] [info]  Splash.onStateUpdate: {"status":"installing-updates","current":2,"total":6,"progress":66}
[2024-11-22 02:38:02.241] [info]  DiscordSplash.onStateUpdate: {"status":"installing-updates","current":2,"total":6,"progress":100}
[2024-11-22 02:38:02.241] [info]  Splash.onStateUpdate: {"status":"installing-updates","current":2,"total":6,"progress":100}
[2024-11-22 02:38:02.276] [info]  DiscordSplash.onStateUpdate: {"status":"installing-updates","current":3,"total":6}
[2024-11-22 02:38:02.276] [info]  Splash.onStateUpdate: {"status":"installing-updates","current":3,"total":6}
[2024-11-22 02:38:02.276] [info]  DiscordSplash.onStateUpdate: {"status":"installing-updates","current":3,"total":6,"progress":0}
[2024-11-22 02:38:02.277] [info]  Splash.onStateUpdate: {"status":"installing-updates","current":3,"total":6,"progress":0}
[2024-11-22 02:38:02.277] [info]  DiscordSplash.onStateUpdate: {"status":"installing-updates","current":3,"total":6,"progress":0}
[2024-11-22 02:38:02.277] [info]  Splash.onStateUpdate: {"status":"installing-updates","current":3,"total":6,"progress":0}
[2024-11-22 02:38:02.279] [info]  DiscordSplash.onStateUpdate: {"status":"installing-updates","current":3,"total":6,"progress":0}
[2024-11-22 02:38:02.279] [info]  Splash.onStateUpdate: {"status":"installing-updates","current":3,"total":6,"progress":0}
[2024-11-22 02:38:02.280] [info]  DiscordSplash.onStateUpdate: {"status":"installing-updates","current":3,"total":6,"progress":0}
[2024-11-22 02:38:02.280] [info]  Splash.onStateUpdate: {"status":"installing-updates","current":3,"total":6,"progress":0}
[2024-11-22 02:38:02.281] [info]  DiscordSplash.onStateUpdate: {"status":"installing-updates","current":3,"total":6,"progress":0}
[2024-11-22 02:38:02.281] [info]  Splash.onStateUpdate: {"status":"installing-updates","current":3,"total":6,"progress":0}
[2024-11-22 02:38:02.282] [info]  DiscordSplash.onStateUpdate: {"status":"installing-updates","current":3,"total":6,"progress":0}
[2024-11-22 02:38:02.282] [info]  Splash.onStateUpdate: {"status":"installing-updates","current":3,"total":6,"progress":0}
[2024-11-22 02:38:02.283] [info]  DiscordSplash.onStateUpdate: {"status":"installing-updates","current":3,"total":6,"progress":1}
[2024-11-22 02:38:02.283] [info]  Splash.onStateUpdate: {"status":"installing-updates","current":3,"total":6,"progress":1}
[2024-11-22 02:38:02.284] [info]  DiscordSplash.onStateUpdate: {"status":"installing-updates","current":3,"total":6,"progress":1}
[2024-11-22 02:38:02.284] [info]  Splash.onStateUpdate: {"status":"installing-updates","current":3,"total":6,"progress":1}
[2024-11-22 02:38:02.285] [info]  DiscordSplash.onStateUpdate: {"status":"installing-updates","current":3,"total":6,"progress":1}
[2024-11-22 02:38:02.285] [info]  Splash.onStateUpdate: {"status":"installing-updates","current":3,"total":6,"progress":1}
[2024-11-22 02:38:02.286] [info]  DiscordSplash.onStateUpdate: {"status":"installing-updates","current":3,"total":6,"progress":1}
[2024-11-22 02:38:02.286] [info]  Splash.onStateUpdate: {"status":"installing-updates","current":3,"total":6,"progress":1}
[2024-11-22 02:38:02.287] [info]  DiscordSplash.onStateUpdate: {"status":"installing-updates","current":3,"total":6,"progress":1}
[2024-11-22 02:38:02.287] [info]  Splash.onStateUpdate: {"status":"installing-updates","current":3,"total":6,"progress":1}
[2024-11-22 02:38:02.287] [info]  DiscordSplash.onStateUpdate: {"status":"installing-updates","current":3,"total":6,"progress":1}
[2024-11-22 02:38:02.288] [info]  Splash.onStateUpdate: {"status":"installing-updates","current":3,"total":6,"progress":1}
[2024-11-22 02:38:02.288] [info]  DiscordSplash.onStateUpdate: {"status":"installing-updates","current":3,"total":6,"progress":2}
[2024-11-22 02:38:02.289] [info]  Splash.onStateUpdate: {"status":"installing-updates","current":3,"total":6,"progress":2}
[2024-11-22 02:38:02.289] [info]  DiscordSplash.onStateUpdate: {"status":"installing-updates","current":3,"total":6,"progress":2}
[2024-11-22 02:38:02.290] [info]  Splash.onStateUpdate: {"status":"installing-updates","current":3,"total":6,"progress":2}
[2024-11-22 02:38:02.291] [info]  DiscordSplash.onStateUpdate: {"status":"installing-updates","current":3,"total":6,"progress":2}
[2024-11-22 02:38:02.291] [info]  Splash.onStateUpdate: {"status":"installing-updates","current":3,"total":6,"progress":2}
[2024-11-22 02:38:02.292] [info]  DiscordSplash.onStateUpdate: {"status":"installing-updates","current":3,"total":6,"progress":2}
[2024-11-22 02:38:02.292] [info]  Splash.onStateUpdate: {"status":"installing-updates","current":3,"total":6,"progress":2}
[2024-11-22 02:38:02.293] [info]  DiscordSplash.onStateUpdate: {"status":"installing-updates","current":3,"total":6,"progress":2}
[2024-11-22 02:38:02.293] [info]  Splash.onStateUpdate: {"status":"installing-updates","current":3,"total":6,"progress":2}
[2024-11-22 02:38:02.294] [info]  DiscordSplash.onStateUpdate: {"status":"installing-updates","current":3,"total":6,"progress":2}
[2024-11-22 02:38:02.294] [info]  Splash.onStateUpdate: {"status":"installing-updates","current":3,"total":6,"progress":2}
[2024-11-22 02:38:02.295] [info]  DiscordSplash.onStateUpdate: {"status":"installing-updates","current":3,"total":6,"progress":3}
[2024-11-22 02:38:02.295] [info]  Splash.onStateUpdate: {"status":"installing-updates","current":3,"total":6,"progress":3}
[2024-11-22 02:38:02.295] [info]  DiscordSplash.onStateUpdate: {"status":"installing-updates","current":3,"total":6,"progress":3}
[2024-11-22 02:38:02.295] [info]  Splash.onStateUpdate: {"status":"installing-updates","current":3,"total":6,"progress":3}
[2024-11-22 02:38:02.296] [info]  DiscordSplash.onStateUpdate: {"status":"installing-updates","current":3,"total":6,"progress":3}
[2024-11-22 02:38:02.296] [info]  Splash.onStateUpdate: {"status":"installing-updates","current":3,"total":6,"progress":3}
[2024-11-22 02:38:02.296] [info]  DiscordSplash.onStateUpdate: {"status":"installing-updates","current":3,"total":6,"progress":3}
[2024-11-22 02:38:02.296] [info]  Splash.onStateUpdate: {"status":"installing-updates","current":3,"total":6,"progress":3}
[2024-11-22 02:38:02.297] [info]  DiscordSplash.onStateUpdate: {"status":"installing-updates","current":3,"total":6,"progress":3}
[2024-11-22 02:38:02.297] [info]  Splash.onStateUpdate: {"status":"installing-updates","current":3,"total":6,"progress":3}
[2024-11-22 02:38:02.297] [info]  DiscordSplash.onStateUpdate: {"status":"installing-updates","current":3,"total":6,"progress":3}
[2024-11-22 02:38:02.297] [info]  Splash.onStateUpdate: {"status":"installing-updates","current":3,"total":6,"progress":3}
[2024-11-22 02:38:02.298] [info]  DiscordSplash.onStateUpdate: {"status":"installing-updates","current":3,"total":6,"progress":4}
[2024-11-22 02:38:02.298] [info]  Splash.onStateUpdate: {"status":"installing-updates","current":3,"total":6,"progress":4}
[2024-11-22 02:38:02.298] [info]  DiscordSplash.onStateUpdate: {"status":"installing-updates","current":3,"total":6,"progress":4}
[2024-11-22 02:38:02.298] [info]  Splash.onStateUpdate: {"status":"installing-updates","current":3,"total":6,"progress":4}
[2024-11-22 02:38:02.299] [info]  DiscordSplash.onStateUpdate: {"status":"installing-updates","current":3,"total":6,"progress":4}
[2024-11-22 02:38:02.299] [info]  Splash.onStateUpdate: {"status":"installing-updates","current":3,"total":6,"progress":4}
[2024-11-22 02:38:02.300] [info]  DiscordSplash.onStateUpdate: {"status":"installing-updates","current":3,"total":6,"progress":4}
[2024-11-22 02:38:02.300] [info]  Splash.onStateUpdate: {"status":"installing-updates","current":3,"total":6,"progress":4}
[2024-11-22 02:38:02.300] [info]  DiscordSplash.onStateUpdate: {"status":"installing-updates","current":3,"total":6,"progress":4}
[2024-11-22 02:38:02.300] [info]  Splash.onStateUpdate: {"status":"installing-updates","current":3,"total":6,"progress":4}
[2024-11-22 02:38:02.301] [info]  DiscordSplash.onStateUpdate: {"status":"installing-updates","current":3,"total":6,"progress":4}
[2024-11-22 02:38:02.301] [info]  Splash.onStateUpdate: {"status":"installing-updates","current":3,"total":6,"progress":4}
[2024-11-22 02:38:02.301] [info]  DiscordSplash.onStateUpdate: {"status":"installing-updates","current":3,"total":6,"progress":5}
[2024-11-22 02:38:02.302] [info]  Splash.onStateUpdate: {"status":"installing-updates","current":3,"total":6,"progress":5}
[2024-11-22 02:38:02.302] [info]  DiscordSplash.onStateUpdate: {"status":"installing-updates","current":3,"total":6,"progress":5}
[2024-11-22 02:38:02.302] [info]  Splash.onStateUpdate: {"status":"installing-updates","current":3,"total":6,"progress":5}
[2024-11-22 02:38:02.302] [info]  DiscordSplash.onStateUpdate: {"status":"installing-updates","current":3,"total":6,"progress":5}
[2024-11-22 02:38:02.303] [info]  Splash.onStateUpdate: {"status":"installing-updates","current":3,"total":6,"progress":5}
[2024-11-22 02:38:02.303] [info]  DiscordSplash.onStateUpdate: {"status":"installing-updates","current":3,"total":6,"progress":5}
[2024-11-22 02:38:02.303] [info]  Splash.onStateUpdate: {"status":"installing-updates","current":3,"total":6,"progress":5}
[2024-11-22 02:38:02.304] [info]  DiscordSplash.onStateUpdate: {"status":"installing-updates","current":3,"total":6,"progress":5}
[2024-11-22 02:38:02.304] [info]  Splash.onStateUpdate: {"status":"installing-updates","current":3,"total":6,"progress":5}
[2024-11-22 02:38:02.304] [info]  DiscordSplash.onStateUpdate: {"status":"installing-updates","current":3,"total":6,"progress":5}
[2024-11-22 02:38:02.304] [info]  Splash.onStateUpdate: {"status":"installing-updates","current":3,"total":6,"progress":5}
[2024-11-22 02:38:02.305] [info]  DiscordSplash.onStateUpdate: {"status":"installing-updates","current":3,"total":6,"progress":6}
[2024-11-22 02:38:02.305] [info]  Splash.onStateUpdate: {"status":"installing-updates","current":3,"total":6,"progress":6}
[2024-11-22 02:38:02.305] [info]  DiscordSplash.onStateUpdate: {"status":"installing-updates","current":3,"total":6,"progress":6}
[2024-11-22 02:38:02.305] [info]  Splash.onStateUpdate: {"status":"installing-updates","current":3,"total":6,"progress":6}
[2024-11-22 02:38:02.306] [info]  DiscordSplash.onStateUpdate: {"status":"installing-updates","current":3,"total":6,"progress":6}
[2024-11-22 02:38:02.306] [info]  Splash.onStateUpdate: {"status":"installing-updates","current":3,"total":6,"progress":6}
[2024-11-22 02:38:02.306] [info]  DiscordSplash.onStateUpdate: {"status":"installing-updates","current":3,"total":6,"progress":6}
[2024-11-22 02:38:02.306] [info]  Splash.onStateUpdate: {"status":"installing-updates","current":3,"total":6,"progress":6}
[2024-11-22 02:38:02.307] [info]  DiscordSplash.onStateUpdate: {"status":"installing-updates","current":3,"total":6,"progress":6}
[2024-11-22 02:38:02.307] [info]  Splash.onStateUpdate: {"status":"installing-updates","current":3,"total":6,"progress":6}
[2024-11-22 02:38:02.307] [info]  DiscordSplash.onStateUpdate: {"status":"installing-updates","current":3,"total":6,"progress":6}
[2024-11-22 02:38:02.307] [info]  Splash.onStateUpdate: {"status":"installing-updates","current":3,"total":6,"progress":6}
[2024-11-22 02:38:02.308] [info]  DiscordSplash.onStateUpdate: {"status":"installing-updates","current":3,"total":6,"progress":6}
[2024-11-22 02:38:02.308] [info]  Splash.onStateUpdate: {"status":"installing-updates","current":3,"total":6,"progress":6}
[2024-11-22 02:38:02.308] [info]  DiscordSplash.onStateUpdate: {"status":"installing-updates","current":3,"total":6,"progress":7}
[2024-11-22 02:38:02.309] [info]  Splash.onStateUpdate: {"status":"installing-updates","current":3,"total":6,"progress":7}
[2024-11-22 02:38:02.309] [info]  DiscordSplash.onStateUpdate: {"status":"installing-updates","current":3,"total":6,"progress":7}
[2024-11-22 02:38:02.309] [info]  Splash.onStateUpdate: {"status":"installing-updates","current":3,"total":6,"progress":7}
[2024-11-22 02:38:02.310] [info]  DiscordSplash.onStateUpdate: {"status":"installing-updates","current":3,"total":6,"progress":7}
[2024-11-22 02:38:02.310] [info]  Splash.onStateUpdate: {"status":"installing-updates","current":3,"total":6,"progress":7}
[2024-11-22 02:38:02.310] [info]  DiscordSplash.onStateUpdate: {"status":"installing-updates","current":3,"total":6,"progress":7}
[2024-11-22 02:38:02.310] [info]  Splash.onStateUpdate: {"status":"installing-updates","current":3,"total":6,"progress":7}
[2024-11-22 02:38:02.311] [info]  DiscordSplash.onStateUpdate: {"status":"installing-updates","current":3,"total":6,"progress":7}
[2024-11-22 02:38:02.311] [info]  Splash.onStateUpdate: {"status":"installing-updates","current":3,"total":6,"progress":7}
[2024-11-22 02:38:02.311] [info]  DiscordSplash.onStateUpdate: {"status":"installing-updates","current":3,"total":6,"progress":7}
[2024-11-22 02:38:02.311] [info]  Splash.onStateUpdate: {"status":"installing-updates","current":3,"total":6,"progress":7}
[2024-11-22 02:38:02.312] [info]  DiscordSplash.onStateUpdate: {"status":"installing-updates","current":3,"total":6,"progress":8}
[2024-11-22 02:38:02.312] [info]  Splash.onStateUpdate: {"status":"installing-updates","current":3,"total":6,"progress":8}
[2024-11-22 02:38:02.312] [info]  DiscordSplash.onStateUpdate: {"status":"installing-updates","current":3,"total":6,"progress":8}
[2024-11-22 02:38:02.312] [info]  Splash.onStateUpdate: {"status":"installing-updates","current":3,"total":6,"progress":8}
[2024-11-22 02:38:02.313] [info]  DiscordSplash.onStateUpdate: {"status":"installing-updates","current":3,"total":6,"progress":8}
[2024-11-22 02:38:02.313] [info]  Splash.onStateUpdate: {"status":"installing-updates","current":3,"total":6,"progress":8}
[2024-11-22 02:38:02.313] [info]  DiscordSplash.onStateUpdate: {"status":"installing-updates","current":3,"total":6,"progress":8}
[2024-11-22 02:38:02.313] [info]  Splash.onStateUpdate: {"status":"installing-updates","current":3,"total":6,"progress":8}
[2024-11-22 02:38:02.314] [info]  DiscordSplash.onStateUpdate: {"status":"installing-updates","current":3,"total":6,"progress":8}
[2024-11-22 02:38:02.314] [info]  Splash.onStateUpdate: {"status":"installing-updates","current":3,"total":6,"progress":8}
[2024-11-22 02:38:02.314] [info]  DiscordSplash.onStateUpdate: {"status":"installing-updates","current":3,"total":6,"progress":8}
[2024-11-22 02:38:02.315] [info]  Splash.onStateUpdate: {"status":"installing-updates","current":3,"total":6,"progress":8}
[2024-11-22 02:38:02.315] [info]  DiscordSplash.onStateUpdate: {"status":"installing-updates","current":3,"total":6,"progress":9}
[2024-11-22 02:38:02.315] [info]  Splash.onStateUpdate: {"status":"installing-updates","current":3,"total":6,"progress":9}
[2024-11-22 02:38:02.316] [info]  DiscordSplash.onStateUpdate: {"status":"installing-updates","current":3,"total":6,"progress":9}
[2024-11-22 02:38:02.316] [info]  Splash.onStateUpdate: {"status":"installing-updates","current":3,"total":6,"progress":9}
[2024-11-22 02:38:02.316] [info]  DiscordSplash.onStateUpdate: {"status":"installing-updates","current":3,"total":6,"progress":9}
[2024-11-22 02:38:02.316] [info]  Splash.onStateUpdate: {"status":"installing-updates","current":3,"total":6,"progress":9}
[2024-11-22 02:38:02.317] [info]  DiscordSplash.onStateUpdate: {"status":"installing-updates","current":3,"total":6,"progress":9}
[2024-11-22 02:38:02.317] [info]  Splash.onStateUpdate: {"status":"installing-updates","current":3,"total":6,"progress":9}
[2024-11-22 02:38:02.317] [info]  DiscordSplash.onStateUpdate: {"status":"installing-updates","current":3,"total":6,"progress":9}
[2024-11-22 02:38:02.317] [info]  Splash.onStateUpdate: {"status":"installing-updates","current":3,"total":6,"progress":9}
[2024-11-22 02:38:02.318] [info]  DiscordSplash.onStateUpdate: {"status":"installing-updates","current":3,"total":6,"progress":9}
[2024-11-22 02:38:02.318] [info]  Splash.onStateUpdate: {"status":"installing-updates","current":3,"total":6,"progress":9}
[2024-11-22 02:38:02.318] [info]  DiscordSplash.onStateUpdate: {"status":"installing-updates","current":3,"total":6,"progress":10}
[2024-11-22 02:38:02.318] [info]  Splash.onStateUpdate: {"status":"installing-updates","current":3,"total":6,"progress":10}
[2024-11-22 02:38:02.319] [info]  DiscordSplash.onStateUpdate: {"status":"installing-updates","current":3,"total":6,"progress":10}
[2024-11-22 02:38:02.319] [info]  Splash.onStateUpdate: {"status":"installing-updates","current":3,"total":6,"progress":10}
[2024-11-22 02:38:02.319] [info]  DiscordSplash.onStateUpdate: {"status":"installing-updates","current":3,"total":6,"progress":10}
[2024-11-22 02:38:02.319] [info]  Splash.onStateUpdate: {"status":"installing-updates","current":3,"total":6,"progress":10}
[2024-11-22 02:38:02.320] [info]  DiscordSplash.onStateUpdate: {"status":"installing-updates","current":3,"total":6,"progress":10}
[2024-11-22 02:38:02.320] [info]  Splash.onStateUpdate: {"status":"installing-updates","current":3,"total":6,"progress":10}
[2024-11-22 02:38:02.320] [info]  DiscordSplash.onStateUpdate: {"status":"installing-updates","current":3,"total":6,"progress":10}
[2024-11-22 02:38:02.320] [info]  Splash.onStateUpdate: {"status":"installing-updates","current":3,"total":6,"progress":10}
[2024-11-22 02:38:02.321] [info]  DiscordSplash.onStateUpdate: {"status":"installing-updates","current":3,"total":6,"progress":10}
[2024-11-22 02:38:02.321] [info]  Splash.onStateUpdate: {"status":"installing-updates","current":3,"total":6,"progress":10}
[2024-11-22 02:38:02.322] [info]  DiscordSplash.onStateUpdate: {"status":"installing-updates","current":3,"total":6,"progress":11}
[2024-11-22 02:38:02.322] [info]  Splash.onStateUpdate: {"status":"installing-updates","current":3,"total":6,"progress":11}
[2024-11-22 02:38:02.322] [info]  DiscordSplash.onStateUpdate: {"status":"installing-updates","current":3,"total":6,"progress":11}
[2024-11-22 02:38:02.323] [info]  Splash.onStateUpdate: {"status":"installing-updates","current":3,"total":6,"progress":11}
[2024-11-22 02:38:02.323] [info]  DiscordSplash.onStateUpdate: {"status":"installing-updates","current":3,"total":6,"progress":11}
[2024-11-22 02:38:02.323] [info]  Splash.onStateUpdate: {"status":"installing-updates","current":3,"total":6,"progress":11}
[2024-11-22 02:38:02.324] [info]  DiscordSplash.onStateUpdate: {"status":"installing-updates","current":3,"total":6,"progress":11}
[2024-11-22 02:38:02.324] [info]  Splash.onStateUpdate: {"status":"installing-updates","current":3,"total":6,"progress":11}
[2024-11-22 02:38:02.324] [info]  DiscordSplash.onStateUpdate: {"status":"installing-updates","current":3,"total":6,"progress":11}
[2024-11-22 02:38:02.324] [info]  Splash.onStateUpdate: {"status":"installing-updates","current":3,"total":6,"progress":11}
[2024-11-22 02:38:02.325] [info]  DiscordSplash.onStateUpdate: {"status":"installing-updates","current":3,"total":6,"progress":11}
[2024-11-22 02:38:02.325] [info]  Splash.onStateUpdate: {"status":"installing-updates","current":3,"total":6,"progress":11}
[2024-11-22 02:38:02.325] [info]  DiscordSplash.onStateUpdate: {"status":"installing-updates","current":3,"total":6,"progress":12}
[2024-11-22 02:38:02.325] [info]  Splash.onStateUpdate: {"status":"installing-updates","current":3,"total":6,"progress":12}
[2024-11-22 02:38:02.326] [info]  DiscordSplash.onStateUpdate: {"status":"installing-updates","current":3,"total":6,"progress":12}
[2024-11-22 02:38:02.326] [info]  Splash.onStateUpdate: {"status":"installing-updates","current":3,"total":6,"progress":12}
[2024-11-22 02:38:02.326] [info]  DiscordSplash.onStateUpdate: {"status":"installing-updates","current":3,"total":6,"progress":12}
[2024-11-22 02:38:02.326] [info]  Splash.onStateUpdate: {"status":"installing-updates","current":3,"total":6,"progress":12}
[2024-11-22 02:38:02.327] [info]  DiscordSplash.onStateUpdate: {"status":"installing-updates","current":3,"total":6,"progress":12}
[2024-11-22 02:38:02.327] [info]  Splash.onStateUpdate: {"status":"installing-updates","current":3,"total":6,"progress":12}
[2024-11-22 02:38:02.328] [info]  DiscordSplash.onStateUpdate: {"status":"installing-updates","current":3,"total":6,"progress":12}
[2024-11-22 02:38:02.328] [info]  Splash.onStateUpdate: {"status":"installing-updates","current":3,"total":6,"progress":12}
[2024-11-22 02:38:02.328] [info]  DiscordSplash.onStateUpdate: {"status":"installing-updates","current":3,"total":6,"progress":12}
[2024-11-22 02:38:02.328] [info]  Splash.onStateUpdate: {"status":"installing-updates","current":3,"total":6,"progress":12}
[2024-11-22 02:38:02.329] [info]  DiscordSplash.onStateUpdate: {"status":"installing-updates","current":3,"total":6,"progress":12}
[2024-11-22 02:38:02.329] [info]  Splash.onStateUpdate: {"status":"installing-updates","current":3,"total":6,"progress":12}
[2024-11-22 02:38:02.329] [info]  DiscordSplash.onStateUpdate: {"status":"installing-updates","current":3,"total":6,"progress":13}
[2024-11-22 02:38:02.329] [info]  Splash.onStateUpdate: {"status":"installing-updates","current":3,"total":6,"progress":13}
[2024-11-22 02:38:02.330] [info]  DiscordSplash.onStateUpdate: {"status":"installing-updates","current":3,"total":6,"progress":13}
[2024-11-22 02:38:02.330] [info]  Splash.onStateUpdate: {"status":"installing-updates","current":3,"total":6,"progress":13}
[2024-11-22 02:38:02.330] [info]  DiscordSplash.onStateUpdate: {"status":"installing-updates","current":3,"total":6,"progress":13}
[2024-11-22 02:38:02.331] [info]  Splash.onStateUpdate: {"status":"installing-updates","current":3,"total":6,"progress":13}
[2024-11-22 02:38:02.331] [info]  DiscordSplash.onStateUpdate: {"status":"installing-updates","current":3,"total":6,"progress":13}
[2024-11-22 02:38:02.331] [info]  Splash.onStateUpdate: {"status":"installing-updates","current":3,"total":6,"progress":13}
[2024-11-22 02:38:02.332] [info]  DiscordSplash.onStateUpdate: {"status":"installing-updates","current":3,"total":6,"progress":13}
[2024-11-22 02:38:02.332] [info]  Splash.onStateUpdate: {"status":"installing-updates","current":3,"total":6,"progress":13}
[2024-11-22 02:38:02.333] [info]  DiscordSplash.onStateUpdate: {"status":"installing-updates","current":3,"total":6,"progress":13}
[2024-11-22 02:38:02.333] [info]  Splash.onStateUpdate: {"status":"installing-updates","current":3,"total":6,"progress":13}
[2024-11-22 02:38:02.333] [info]  DiscordSplash.onStateUpdate: {"status":"installing-updates","current":3,"total":6,"progress":14}
[2024-11-22 02:38:02.334] [info]  Splash.onStateUpdate: {"status":"installing-updates","current":3,"total":6,"progress":14}
[2024-11-22 02:38:02.334] [info]  DiscordSplash.onStateUpdate: {"status":"installing-updates","current":3,"total":6,"progress":14}
[2024-11-22 02:38:02.334] [info]  Splash.onStateUpdate: {"status":"installing-updates","current":3,"total":6,"progress":14}
[2024-11-22 02:38:02.335] [info]  DiscordSplash.onStateUpdate: {"status":"installing-updates","current":3,"total":6,"progress":14}
[2024-11-22 02:38:02.335] [info]  Splash.onStateUpdate: {"status":"installing-updates","current":3,"total":6,"progress":14}
[2024-11-22 02:38:02.335] [info]  DiscordSplash.onStateUpdate: {"status":"installing-updates","current":3,"total":6,"progress":14}
[2024-11-22 02:38:02.335] [info]  Splash.onStateUpdate: {"status":"installing-updates","current":3,"total":6,"progress":14}
[2024-11-22 02:38:02.336] [info]  DiscordSplash.onStateUpdate: {"status":"installing-updates","current":3,"total":6,"progress":14}
[2024-11-22 02:38:02.336] [info]  Splash.onStateUpdate: {"status":"installing-updates","current":3,"total":6,"progress":14}
[2024-11-22 02:38:02.337] [info]  DiscordSplash.onStateUpdate: {"status":"installing-updates","current":3,"total":6,"progress":14}
[2024-11-22 02:38:02.337] [info]  Splash.onStateUpdate: {"status":"installing-updates","current":3,"total":6,"progress":14}
[2024-11-22 02:38:02.338] [info]  DiscordSplash.onStateUpdate: {"status":"installing-updates","current":3,"total":6,"progress":15}
[2024-11-22 02:38:02.338] [info]  Splash.onStateUpdate: {"status":"installing-updates","current":3,"total":6,"progress":15}
[2024-11-22 02:38:02.339] [info]  DiscordSplash.onStateUpdate: {"status":"installing-updates","current":3,"total":6,"progress":15}
[2024-11-22 02:38:02.339] [info]  Splash.onStateUpdate: {"status":"installing-updates","current":3,"total":6,"progress":15}
[2024-11-22 02:38:02.339] [info]  DiscordSplash.onStateUpdate: {"status":"installing-updates","current":3,"total":6,"progress":15}
[2024-11-22 02:38:02.339] [info]  Splash.onStateUpdate: {"status":"installing-updates","current":3,"total":6,"progress":15}
[2024-11-22 02:38:02.340] [info]  DiscordSplash.onStateUpdate: {"status":"installing-updates","current":3,"total":6,"progress":15}
[2024-11-22 02:38:02.340] [info]  Splash.onStateUpdate: {"status":"installing-updates","current":3,"total":6,"progress":15}
[2024-11-22 02:38:02.340] [info]  DiscordSplash.onStateUpdate: {"status":"installing-updates","current":3,"total":6,"progress":15}
[2024-11-22 02:38:02.340] [info]  Splash.onStateUpdate: {"status":"installing-updates","current":3,"total":6,"progress":15}
[2024-11-22 02:38:02.341] [info]  DiscordSplash.onStateUpdate: {"status":"installing-updates","current":3,"total":6,"progress":15}
[2024-11-22 02:38:02.341] [info]  Splash.onStateUpdate: {"status":"installing-updates","current":3,"total":6,"progress":15}
[2024-11-22 02:38:02.341] [info]  DiscordSplash.onStateUpdate: {"status":"installing-updates","current":3,"total":6,"progress":16}
[2024-11-22 02:38:02.342] [info]  Splash.onStateUpdate: {"status":"installing-updates","current":3,"total":6,"progress":16}
[2024-11-22 02:38:02.342] [info]  DiscordSplash.onStateUpdate: {"status":"installing-updates","current":3,"total":6,"progress":16}
[2024-11-22 02:38:02.342] [info]  Splash.onStateUpdate: {"status":"installing-updates","current":3,"total":6,"progress":16}
[2024-11-22 02:38:02.342] [info]  DiscordSplash.onStateUpdate: {"status":"installing-updates","current":3,"total":6,"progress":16}
[2024-11-22 02:38:02.342] [info]  Splash.onStateUpdate: {"status":"installing-updates","current":3,"total":6,"progress":16}
[2024-11-22 02:38:02.343] [info]  DiscordSplash.onStateUpdate: {"status":"installing-updates","current":3,"total":6,"progress":16}
[2024-11-22 02:38:02.343] [info]  Splash.onStateUpdate: {"status":"installing-updates","current":3,"total":6,"progress":16}
[2024-11-22 02:38:02.343] [info]  DiscordSplash.onStateUpdate: {"status":"installing-updates","current":3,"total":6,"progress":16}
[2024-11-22 02:38:02.343] [info]  Splash.onStateUpdate: {"status":"installing-updates","current":3,"total":6,"progress":16}
[2024-11-22 02:38:02.344] [info]  DiscordSplash.onStateUpdate: {"status":"installing-updates","current":3,"total":6,"progress":16}
[2024-11-22 02:38:02.344] [info]  Splash.onStateUpdate: {"status":"installing-updates","current":3,"total":6,"progress":16}
[2024-11-22 02:38:02.344] [info]  DiscordSplash.onStateUpdate: {"status":"installing-updates","current":3,"total":6,"progress":17}
[2024-11-22 02:38:02.344] [info]  Splash.onStateUpdate: {"status":"installing-updates","current":3,"total":6,"progress":17}
[2024-11-22 02:38:02.345] [info]  DiscordSplash.onStateUpdate: {"status":"installing-updates","current":3,"total":6,"progress":17}
[2024-11-22 02:38:02.345] [info]  Splash.onStateUpdate: {"status":"installing-updates","current":3,"total":6,"progress":17}
[2024-11-22 02:38:02.345] [info]  DiscordSplash.onStateUpdate: {"status":"installing-updates","current":3,"total":6,"progress":17}
[2024-11-22 02:38:02.345] [info]  Splash.onStateUpdate: {"status":"installing-updates","current":3,"total":6,"progress":17}
[2024-11-22 02:38:02.346] [info]  DiscordSplash.onStateUpdate: {"status":"installing-updates","current":3,"total":6,"progress":17}
[2024-11-22 02:38:02.346] [info]  Splash.onStateUpdate: {"status":"installing-updates","current":3,"total":6,"progress":17}
[2024-11-22 02:38:02.346] [info]  DiscordSplash.onStateUpdate: {"status":"installing-updates","current":3,"total":6,"progress":17}
[2024-11-22 02:38:02.346] [info]  Splash.onStateUpdate: {"status":"installing-updates","current":3,"total":6,"progress":17}
[2024-11-22 02:38:02.347] [info]  DiscordSplash.onStateUpdate: {"status":"installing-updates","current":3,"total":6,"progress":17}
[2024-11-22 02:38:02.347] [info]  Splash.onStateUpdate: {"status":"installing-updates","current":3,"total":6,"progress":17}
[2024-11-22 02:38:02.347] [info]  DiscordSplash.onStateUpdate: {"status":"installing-updates","current":3,"total":6,"progress":18}
[2024-11-22 02:38:02.347] [info]  Splash.onStateUpdate: {"status":"installing-updates","current":3,"total":6,"progress":18}
[2024-11-22 02:38:02.348] [info]  DiscordSplash.onStateUpdate: {"status":"installing-updates","current":3,"total":6,"progress":18}
[2024-11-22 02:38:02.348] [info]  Splash.onStateUpdate: {"status":"installing-updates","current":3,"total":6,"progress":18}
[2024-11-22 02:38:02.348] [info]  DiscordSplash.onStateUpdate: {"status":"installing-updates","current":3,"total":6,"progress":18}
[2024-11-22 02:38:02.349] [info]  Splash.onStateUpdate: {"status":"installing-updates","current":3,"total":6,"progress":18}
[2024-11-22 02:38:02.349] [info]  DiscordSplash.onStateUpdate: {"status":"installing-updates","current":3,"total":6,"progress":18}
[2024-11-22 02:38:02.349] [info]  Splash.onStateUpdate: {"status":"installing-updates","current":3,"total":6,"progress":18}
[2024-11-22 02:38:02.350] [info]  DiscordSplash.onStateUpdate: {"status":"installing-updates","current":3,"total":6,"progress":18}
[2024-11-22 02:38:02.350] [info]  Splash.onStateUpdate: {"status":"installing-updates","current":3,"total":6,"progress":18}
[2024-11-22 02:38:02.350] [info]  DiscordSplash.onStateUpdate: {"status":"installing-updates","current":3,"total":6,"progress":18}
[2024-11-22 02:38:02.350] [info]  Splash.onStateUpdate: {"status":"installing-updates","current":3,"total":6,"progress":18}
[2024-11-22 02:38:02.351] [info]  DiscordSplash.onStateUpdate: {"status":"installing-updates","current":3,"total":6,"progress":18}
[2024-11-22 02:38:02.351] [info]  Splash.onStateUpdate: {"status":"installing-updates","current":3,"total":6,"progress":18}
[2024-11-22 02:38:02.351] [info]  DiscordSplash.onStateUpdate: {"status":"installing-updates","current":3,"total":6,"progress":19}
[2024-11-22 02:38:02.351] [info]  Splash.onStateUpdate: {"status":"installing-updates","current":3,"total":6,"progress":19}
[2024-11-22 02:38:02.352] [info]  DiscordSplash.onStateUpdate: {"status":"installing-updates","current":3,"total":6,"progress":19}
[2024-11-22 02:38:02.352] [info]  Splash.onStateUpdate: {"status":"installing-updates","current":3,"total":6,"progress":19}
[2024-11-22 02:38:02.352] [info]  DiscordSplash.onStateUpdate: {"status":"installing-updates","current":3,"total":6,"progress":19}
[2024-11-22 02:38:02.352] [info]  Splash.onStateUpdate: {"status":"installing-updates","current":3,"total":6,"progress":19}
[2024-11-22 02:38:02.352] [info]  DiscordSplash.onStateUpdate: {"status":"installing-updates","current":3,"total":6,"progress":19}
[2024-11-22 02:38:02.353] [info]  Splash.onStateUpdate: {"status":"installing-updates","current":3,"total":6,"progress":19}
[2024-11-22 02:38:02.353] [info]  DiscordSplash.onStateUpdate: {"status":"installing-updates","current":3,"total":6,"progress":19}
[2024-11-22 02:38:02.353] [info]  Splash.onStateUpdate: {"status":"installing-updates","current":3,"total":6,"progress":19}
[2024-11-22 02:38:02.353] [info]  DiscordSplash.onStateUpdate: {"status":"installing-updates","current":3,"total":6,"progress":19}
[2024-11-22 02:38:02.354] [info]  Splash.onStateUpdate: {"status":"installing-updates","current":3,"total":6,"progress":19}
[2024-11-22 02:38:02.354] [info]  DiscordSplash.onStateUpdate: {"status":"installing-updates","current":3,"total":6,"progress":20}
[2024-11-22 02:38:02.354] [info]  Splash.onStateUpdate: {"status":"installing-updates","current":3,"total":6,"progress":20}
[2024-11-22 02:38:02.355] [info]  DiscordSplash.onStateUpdate: {"status":"installing-updates","current":3,"total":6,"progress":20}
[2024-11-22 02:38:02.355] [info]  Splash.onStateUpdate: {"status":"installing-updates","current":3,"total":6,"progress":20}
[2024-11-22 02:38:02.355] [info]  DiscordSplash.onStateUpdate: {"status":"installing-updates","current":3,"total":6,"progress":20}
[2024-11-22 02:38:02.355] [info]  Splash.onStateUpdate: {"status":"installing-updates","current":3,"total":6,"progress":20}
[2024-11-22 02:38:02.356] [info]  DiscordSplash.onStateUpdate: {"status":"installing-updates","current":3,"total":6,"progress":20}
[2024-11-22 02:38:02.356] [info]  Splash.onStateUpdate: {"status":"installing-updates","current":3,"total":6,"progress":20}
[2024-11-22 02:38:02.356] [info]  DiscordSplash.onStateUpdate: {"status":"installing-updates","current":3,"total":6,"progress":20}
[2024-11-22 02:38:02.356] [info]  Splash.onStateUpdate: {"status":"installing-updates","current":3,"total":6,"progress":20}
[2024-11-22 02:38:02.357] [info]  DiscordSplash.onStateUpdate: {"status":"installing-updates","current":3,"total":6,"progress":20}
[2024-11-22 02:38:02.357] [info]  Splash.onStateUpdate: {"status":"installing-updates","current":3,"total":6,"progress":20}
[2024-11-22 02:38:02.357] [info]  DiscordSplash.onStateUpdate: {"status":"installing-updates","current":3,"total":6,"progress":21}
[2024-11-22 02:38:02.357] [info]  Splash.onStateUpdate: {"status":"installing-updates","current":3,"total":6,"progress":21}
[2024-11-22 02:38:02.358] [info]  DiscordSplash.onStateUpdate: {"status":"installing-updates","current":3,"total":6,"progress":21}
[2024-11-22 02:38:02.358] [info]  Splash.onStateUpdate: {"status":"installing-updates","current":3,"total":6,"progress":21}
[2024-11-22 02:38:02.358] [info]  DiscordSplash.onStateUpdate: {"status":"installing-updates","current":3,"total":6,"progress":21}
[2024-11-22 02:38:02.358] [info]  Splash.onStateUpdate: {"status":"installing-updates","current":3,"total":6,"progress":21}
[2024-11-22 02:38:02.359] [info]  DiscordSplash.onStateUpdate: {"status":"installing-updates","current":3,"total":6,"progress":21}
[2024-11-22 02:38:02.359] [info]  Splash.onStateUpdate: {"status":"installing-updates","current":3,"total":6,"progress":21}
[2024-11-22 02:38:02.359] [info]  DiscordSplash.onStateUpdate: {"status":"installing-updates","current":3,"total":6,"progress":21}
[2024-11-22 02:38:02.359] [info]  Splash.onStateUpdate: {"status":"installing-updates","current":3,"total":6,"progress":21}
[2024-11-22 02:38:02.360] [info]  DiscordSplash.onStateUpdate: {"status":"installing-updates","current":3,"total":6,"progress":21}
[2024-11-22 02:38:02.360] [info]  Splash.onStateUpdate: {"status":"installing-updates","current":3,"total":6,"progress":21}
[2024-11-22 02:38:02.360] [info]  DiscordSplash.onStateUpdate: {"status":"installing-updates","current":3,"total":6,"progress":22}
[2024-11-22 02:38:02.360] [info]  Splash.onStateUpdate: {"status":"installing-updates","current":3,"total":6,"progress":22}
[2024-11-22 02:38:02.361] [info]  DiscordSplash.onStateUpdate: {"status":"installing-updates","current":3,"total":6,"progress":22}
[2024-11-22 02:38:02.361] [info]  Splash.onStateUpdate: {"status":"installing-updates","current":3,"total":6,"progress":22}
[2024-11-22 02:38:02.361] [info]  DiscordSplash.onStateUpdate: {"status":"installing-updates","current":3,"total":6,"progress":22}
[2024-11-22 02:38:02.361] [info]  Splash.onStateUpdate: {"status":"installing-updates","current":3,"total":6,"progress":22}
[2024-11-22 02:38:02.362] [info]  DiscordSplash.onStateUpdate: {"status":"installing-updates","current":3,"total":6,"progress":22}
[2024-11-22 02:38:02.362] [info]  Splash.onStateUpdate: {"status":"installing-updates","current":3,"total":6,"progress":22}
[2024-11-22 02:38:02.363] [info]  DiscordSplash.onStateUpdate: {"status":"installing-updates","current":3,"total":6,"progress":22}
[2024-11-22 02:38:02.363] [info]  Splash.onStateUpdate: {"status":"installing-updates","current":3,"total":6,"progress":22}
[2024-11-22 02:38:02.363] [info]  DiscordSplash.onStateUpdate: {"status":"installing-updates","current":3,"total":6,"progress":22}
[2024-11-22 02:38:02.363] [info]  Splash.onStateUpdate: {"status":"installing-updates","current":3,"total":6,"progress":22}
[2024-11-22 02:38:02.363] [info]  DiscordSplash.onStateUpdate: {"status":"installing-updates","current":3,"total":6,"progress":23}
[2024-11-22 02:38:02.363] [info]  Splash.onStateUpdate: {"status":"installing-updates","current":3,"total":6,"progress":23}
[2024-11-22 02:38:02.364] [info]  DiscordSplash.onStateUpdate: {"status":"installing-updates","current":3,"total":6,"progress":23}
[2024-11-22 02:38:02.364] [info]  Splash.onStateUpdate: {"status":"installing-updates","current":3,"total":6,"progress":23}
[2024-11-22 02:38:02.364] [info]  DiscordSplash.onStateUpdate: {"status":"installing-updates","current":3,"total":6,"progress":23}
[2024-11-22 02:38:02.364] [info]  Splash.onStateUpdate: {"status":"installing-updates","current":3,"total":6,"progress":23}
[2024-11-22 02:38:02.365] [info]  DiscordSplash.onStateUpdate: {"status":"installing-updates","current":3,"total":6,"progress":23}
[2024-11-22 02:38:02.365] [info]  Splash.onStateUpdate: {"status":"installing-updates","current":3,"total":6,"progress":23}
[2024-11-22 02:38:02.365] [info]  DiscordSplash.onStateUpdate: {"status":"installing-updates","current":3,"total":6,"progress":23}
[2024-11-22 02:38:02.365] [info]  Splash.onStateUpdate: {"status":"installing-updates","current":3,"total":6,"progress":23}
[2024-11-22 02:38:02.366] [info]  DiscordSplash.onStateUpdate: {"status":"installing-updates","current":3,"total":6,"progress":23}
[2024-11-22 02:38:02.366] [info]  Splash.onStateUpdate: {"status":"installing-updates","current":3,"total":6,"progress":23}
[2024-11-22 02:38:02.366] [info]  DiscordSplash.onStateUpdate: {"status":"installing-updates","current":3,"total":6,"progress":24}
[2024-11-22 02:38:02.366] [info]  Splash.onStateUpdate: {"status":"installing-updates","current":3,"total":6,"progress":24}
[2024-11-22 02:38:02.367] [info]  DiscordSplash.onStateUpdate: {"status":"installing-updates","current":3,"total":6,"progress":24}
[2024-11-22 02:38:02.367] [info]  Splash.onStateUpdate: {"status":"installing-updates","current":3,"total":6,"progress":24}
[2024-11-22 02:38:02.367] [info]  DiscordSplash.onStateUpdate: {"status":"installing-updates","current":3,"total":6,"progress":24}
[2024-11-22 02:38:02.367] [info]  Splash.onStateUpdate: {"status":"installing-updates","current":3,"total":6,"progress":24}
[2024-11-22 02:38:02.368] [info]  DiscordSplash.onStateUpdate: {"status":"installing-updates","current":3,"total":6,"progress":24}
[2024-11-22 02:38:02.368] [info]  Splash.onStateUpdate: {"status":"installing-updates","current":3,"total":6,"progress":24}
[2024-11-22 02:38:02.369] [info]  DiscordSplash.onStateUpdate: {"status":"installing-updates","current":3,"total":6,"progress":24}
[2024-11-22 02:38:02.369] [info]  Splash.onStateUpdate: {"status":"installing-updates","current":3,"total":6,"progress":24}
[2024-11-22 02:38:02.370] [info]  DiscordSplash.onStateUpdate: {"status":"installing-updates","current":3,"total":6,"progress":24}
[2024-11-22 02:38:02.370] [info]  Splash.onStateUpdate: {"status":"installing-updates","current":3,"total":6,"progress":24}
[2024-11-22 02:38:02.370] [info]  DiscordSplash.onStateUpdate: {"status":"installing-updates","current":3,"total":6,"progress":25}
[2024-11-22 02:38:02.371] [info]  Splash.onStateUpdate: {"status":"installing-updates","current":3,"total":6,"progress":25}
[2024-11-22 02:38:02.371] [info]  DiscordSplash.onStateUpdate: {"status":"installing-updates","current":3,"total":6,"progress":25}
[2024-11-22 02:38:02.371] [info]  Splash.onStateUpdate: {"status":"installing-updates","current":3,"total":6,"progress":25}
[2024-11-22 02:38:02.371] [info]  DiscordSplash.onStateUpdate: {"status":"installing-updates","current":3,"total":6,"progress":25}
[2024-11-22 02:38:02.372] [info]  Splash.onStateUpdate: {"status":"installing-updates","current":3,"total":6,"progress":25}
[2024-11-22 02:38:02.372] [info]  DiscordSplash.onStateUpdate: {"status":"installing-updates","current":3,"total":6,"progress":25}
[2024-11-22 02:38:02.372] [info]  Splash.onStateUpdate: {"status":"installing-updates","current":3,"total":6,"progress":25}
[2024-11-22 02:38:02.372] [info]  DiscordSplash.onStateUpdate: {"status":"installing-updates","current":3,"total":6,"progress":25}
[2024-11-22 02:38:02.372] [info]  Splash.onStateUpdate: {"status":"installing-updates","current":3,"total":6,"progress":25}
[2024-11-22 02:38:02.373] [info]  DiscordSplash.onStateUpdate: {"status":"installing-updates","current":3,"total":6,"progress":25}
[2024-11-22 02:38:02.373] [info]  Splash.onStateUpdate: {"status":"installing-updates","current":3,"total":6,"progress":25}
[2024-11-22 02:38:02.373] [info]  DiscordSplash.onStateUpdate: {"status":"installing-updates","current":3,"total":6,"progress":25}
[2024-11-22 02:38:02.374] [info]  Splash.onStateUpdate: {"status":"installing-updates","current":3,"total":6,"progress":25}
[2024-11-22 02:38:02.374] [info]  DiscordSplash.onStateUpdate: {"status":"installing-updates","current":3,"total":6,"progress":26}
[2024-11-22 02:38:02.374] [info]  Splash.onStateUpdate: {"status":"installing-updates","current":3,"total":6,"progress":26}
[2024-11-22 02:38:02.374] [info]  DiscordSplash.onStateUpdate: {"status":"installing-updates","current":3,"total":6,"progress":26}
[2024-11-22 02:38:02.375] [info]  Splash.onStateUpdate: {"status":"installing-updates","current":3,"total":6,"progress":26}
[2024-11-22 02:38:02.375] [info]  DiscordSplash.onStateUpdate: {"status":"installing-updates","current":3,"total":6,"progress":26}
[2024-11-22 02:38:02.375] [info]  Splash.onStateUpdate: {"status":"installing-updates","current":3,"total":6,"progress":26}
[2024-11-22 02:38:02.376] [info]  DiscordSplash.onStateUpdate: {"status":"installing-updates","current":3,"total":6,"progress":26}
[2024-11-22 02:38:02.376] [info]  Splash.onStateUpdate: {"status":"installing-updates","current":3,"total":6,"progress":26}
[2024-11-22 02:38:02.377] [info]  DiscordSplash.onStateUpdate: {"status":"installing-updates","current":3,"total":6,"progress":26}
[2024-11-22 02:38:02.377] [info]  Splash.onStateUpdate: {"status":"installing-updates","current":3,"total":6,"progress":26}
[2024-11-22 02:38:02.377] [info]  DiscordSplash.onStateUpdate: {"status":"installing-updates","current":3,"total":6,"progress":26}
[2024-11-22 02:38:02.378] [info]  Splash.onStateUpdate: {"status":"installing-updates","current":3,"total":6,"progress":26}
[2024-11-22 02:38:02.378] [info]  DiscordSplash.onStateUpdate: {"status":"installing-updates","current":3,"total":6,"progress":27}
[2024-11-22 02:38:02.378] [info]  Splash.onStateUpdate: {"status":"installing-updates","current":3,"total":6,"progress":27}
[2024-11-22 02:38:02.379] [info]  DiscordSplash.onStateUpdate: {"status":"installing-updates","current":3,"total":6,"progress":27}
[2024-11-22 02:38:02.379] [info]  Splash.onStateUpdate: {"status":"installing-updates","current":3,"total":6,"progress":27}
[2024-11-22 02:38:02.379] [info]  DiscordSplash.onStateUpdate: {"status":"installing-updates","current":3,"total":6,"progress":27}
[2024-11-22 02:38:02.379] [info]  Splash.onStateUpdate: {"status":"installing-updates","current":3,"total":6,"progress":27}
[2024-11-22 02:38:02.380] [info]  DiscordSplash.onStateUpdate: {"status":"installing-updates","current":3,"total":6,"progress":27}
[2024-11-22 02:38:02.380] [info]  Splash.onStateUpdate: {"status":"installing-updates","current":3,"total":6,"progress":27}
[2024-11-22 02:38:02.380] [info]  DiscordSplash.onStateUpdate: {"status":"installing-updates","current":3,"total":6,"progress":27}
[2024-11-22 02:38:02.380] [info]  Splash.onStateUpdate: {"status":"installing-updates","current":3,"total":6,"progress":27}
[2024-11-22 02:38:02.381] [info]  DiscordSplash.onStateUpdate: {"status":"installing-updates","current":3,"total":6,"progress":27}
[2024-11-22 02:38:02.381] [info]  Splash.onStateUpdate: {"status":"installing-updates","current":3,"total":6,"progress":27}
[2024-11-22 02:38:02.381] [info]  DiscordSplash.onStateUpdate: {"status":"installing-updates","current":3,"total":6,"progress":28}
[2024-11-22 02:38:02.381] [info]  Splash.onStateUpdate: {"status":"installing-updates","current":3,"total":6,"progress":28}
[2024-11-22 02:38:02.381] [info]  DiscordSplash.onStateUpdate: {"status":"installing-updates","current":3,"total":6,"progress":28}
[2024-11-22 02:38:02.382] [info]  Splash.onStateUpdate: {"status":"installing-updates","current":3,"total":6,"progress":28}
[2024-11-22 02:38:02.382] [info]  DiscordSplash.onStateUpdate: {"status":"installing-updates","current":3,"total":6,"progress":28}
[2024-11-22 02:38:02.382] [info]  Splash.onStateUpdate: {"status":"installing-updates","current":3,"total":6,"progress":28}
[2024-11-22 02:38:02.382] [info]  DiscordSplash.onStateUpdate: {"status":"installing-updates","current":3,"total":6,"progress":28}
[2024-11-22 02:38:02.382] [info]  Splash.onStateUpdate: {"status":"installing-updates","current":3,"total":6,"progress":28}
[2024-11-22 02:38:02.383] [info]  DiscordSplash.onStateUpdate: {"status":"installing-updates","current":3,"total":6,"progress":28}
[2024-11-22 02:38:02.383] [info]  Splash.onStateUpdate: {"status":"installing-updates","current":3,"total":6,"progress":28}
[2024-11-22 02:38:02.383] [info]  DiscordSplash.onStateUpdate: {"status":"installing-updates","current":3,"total":6,"progress":28}
[2024-11-22 02:38:02.383] [info]  Splash.onStateUpdate: {"status":"installing-updates","current":3,"total":6,"progress":28}
[2024-11-22 02:38:02.384] [info]  DiscordSplash.onStateUpdate: {"status":"installing-updates","current":3,"total":6,"progress":29}
[2024-11-22 02:38:02.384] [info]  Splash.onStateUpdate: {"status":"installing-updates","current":3,"total":6,"progress":29}
[2024-11-22 02:38:02.384] [info]  DiscordSplash.onStateUpdate: {"status":"installing-updates","current":3,"total":6,"progress":29}
[2024-11-22 02:38:02.384] [info]  Splash.onStateUpdate: {"status":"installing-updates","current":3,"total":6,"progress":29}
[2024-11-22 02:38:02.385] [info]  DiscordSplash.onStateUpdate: {"status":"installing-updates","current":3,"total":6,"progress":29}
[2024-11-22 02:38:02.385] [info]  Splash.onStateUpdate: {"status":"installing-updates","current":3,"total":6,"progress":29}
[2024-11-22 02:38:02.386] [info]  DiscordSplash.onStateUpdate: {"status":"installing-updates","current":3,"total":6,"progress":29}
[2024-11-22 02:38:02.386] [info]  Splash.onStateUpdate: {"status":"installing-updates","current":3,"total":6,"progress":29}
[2024-11-22 02:38:02.387] [info]  DiscordSplash.onStateUpdate: {"status":"installing-updates","current":3,"total":6,"progress":29}
[2024-11-22 02:38:02.387] [info]  Splash.onStateUpdate: {"status":"installing-updates","current":3,"total":6,"progress":29}
[2024-11-22 02:38:02.387] [info]  DiscordSplash.onStateUpdate: {"status":"installing-updates","current":3,"total":6,"progress":29}
[2024-11-22 02:38:02.387] [info]  Splash.onStateUpdate: {"status":"installing-updates","current":3,"total":6,"progress":29}
[2024-11-22 02:38:02.388] [info]  DiscordSplash.onStateUpdate: {"status":"installing-updates","current":3,"total":6,"progress":30}
[2024-11-22 02:38:02.388] [info]  Splash.onStateUpdate: {"status":"installing-updates","current":3,"total":6,"progress":30}
[2024-11-22 02:38:02.388] [info]  DiscordSplash.onStateUpdate: {"status":"installing-updates","current":3,"total":6,"progress":30}
[2024-11-22 02:38:02.388] [info]  Splash.onStateUpdate: {"status":"installing-updates","current":3,"total":6,"progress":30}
[2024-11-22 02:38:02.389] [info]  DiscordSplash.onStateUpdate: {"status":"installing-updates","current":3,"total":6,"progress":30}
[2024-11-22 02:38:02.389] [info]  Splash.onStateUpdate: {"status":"installing-updates","current":3,"total":6,"progress":30}
[2024-11-22 02:38:02.389] [info]  DiscordSplash.onStateUpdate: {"status":"installing-updates","current":3,"total":6,"progress":30}
[2024-11-22 02:38:02.389] [info]  Splash.onStateUpdate: {"status":"installing-updates","current":3,"total":6,"progress":30}
[2024-11-22 02:38:02.390] [info]  DiscordSplash.onStateUpdate: {"status":"installing-updates","current":3,"total":6,"progress":30}
[2024-11-22 02:38:02.390] [info]  Splash.onStateUpdate: {"status":"installing-updates","current":3,"total":6,"progress":30}
[2024-11-22 02:38:02.390] [info]  DiscordSplash.onStateUpdate: {"status":"installing-updates","current":3,"total":6,"progress":30}
[2024-11-22 02:38:02.390] [info]  Splash.onStateUpdate: {"status":"installing-updates","current":3,"total":6,"progress":30}
[2024-11-22 02:38:02.391] [info]  DiscordSplash.onStateUpdate: {"status":"installing-updates","current":3,"total":6,"progress":31}
[2024-11-22 02:38:02.391] [info]  Splash.onStateUpdate: {"status":"installing-updates","current":3,"total":6,"progress":31}
[2024-11-22 02:38:02.391] [info]  DiscordSplash.onStateUpdate: {"status":"installing-updates","current":3,"total":6,"progress":31}
[2024-11-22 02:38:02.391] [info]  Splash.onStateUpdate: {"status":"installing-updates","current":3,"total":6,"progress":31}
[2024-11-22 02:38:02.391] [info]  DiscordSplash.onStateUpdate: {"status":"installing-updates","current":3,"total":6,"progress":31}
[2024-11-22 02:38:02.392] [info]  Splash.onStateUpdate: {"status":"installing-updates","current":3,"total":6,"progress":31}
[2024-11-22 02:38:02.392] [info]  DiscordSplash.onStateUpdate: {"status":"installing-updates","current":3,"total":6,"progress":31}
[2024-11-22 02:38:02.392] [info]  Splash.onStateUpdate: {"status":"installing-updates","current":3,"total":6,"progress":31}
[2024-11-22 02:38:02.392] [info]  DiscordSplash.onStateUpdate: {"status":"installing-updates","current":3,"total":6,"progress":31}
[2024-11-22 02:38:02.392] [info]  Splash.onStateUpdate: {"status":"installing-updates","current":3,"total":6,"progress":31}
[2024-11-22 02:38:02.393] [info]  DiscordSplash.onStateUpdate: {"status":"installing-updates","current":3,"total":6,"progress":31}
[2024-11-22 02:38:02.393] [info]  Splash.onStateUpdate: {"status":"installing-updates","current":3,"total":6,"progress":31}
[2024-11-22 02:38:02.393] [info]  DiscordSplash.onStateUpdate: {"status":"installing-updates","current":3,"total":6,"progress":31}
[2024-11-22 02:38:02.393] [info]  Splash.onStateUpdate: {"status":"installing-updates","current":3,"total":6,"progress":31}
[2024-11-22 02:38:02.394] [info]  DiscordSplash.onStateUpdate: {"status":"installing-updates","current":3,"total":6,"progress":32}
[2024-11-22 02:38:02.394] [info]  Splash.onStateUpdate: {"status":"installing-updates","current":3,"total":6,"progress":32}
[2024-11-22 02:38:02.394] [info]  DiscordSplash.onStateUpdate: {"status":"installing-updates","current":3,"total":6,"progress":32}
[2024-11-22 02:38:02.394] [info]  Splash.onStateUpdate: {"status":"installing-updates","current":3,"total":6,"progress":32}
[2024-11-22 02:38:02.395] [info]  DiscordSplash.onStateUpdate: {"status":"installing-updates","current":3,"total":6,"progress":32}
[2024-11-22 02:38:02.395] [info]  Splash.onStateUpdate: {"status":"installing-updates","current":3,"total":6,"progress":32}
[2024-11-22 02:38:02.395] [info]  DiscordSplash.onStateUpdate: {"status":"installing-updates","current":3,"total":6,"progress":32}
[2024-11-22 02:38:02.395] [info]  Splash.onStateUpdate: {"status":"installing-updates","current":3,"total":6,"progress":32}
[2024-11-22 02:38:02.395] [info]  DiscordSplash.onStateUpdate: {"status":"installing-updates","current":3,"total":6,"progress":32}
[2024-11-22 02:38:02.395] [info]  Splash.onStateUpdate: {"status":"installing-updates","current":3,"total":6,"progress":32}
[2024-11-22 02:38:02.396] [info]  DiscordSplash.onStateUpdate: {"status":"installing-updates","current":3,"total":6,"progress":32}
[2024-11-22 02:38:02.396] [info]  Splash.onStateUpdate: {"status":"installing-updates","current":3,"total":6,"progress":32}
[2024-11-22 02:38:02.397] [info]  DiscordSplash.onStateUpdate: {"status":"installing-updates","current":3,"total":6,"progress":33}
[2024-11-22 02:38:02.397] [info]  Splash.onStateUpdate: {"status":"installing-updates","current":3,"total":6,"progress":33}
[2024-11-22 02:38:02.398] [info]  DiscordSplash.onStateUpdate: {"status":"installing-updates","current":3,"total":6,"progress":33}
[2024-11-22 02:38:02.398] [info]  Splash.onStateUpdate: {"status":"installing-updates","current":3,"total":6,"progress":33}
[2024-11-22 02:38:02.399] [info]  DiscordSplash.onStateUpdate: {"status":"installing-updates","current":3,"total":6,"progress":33}
[2024-11-22 02:38:02.399] [info]  Splash.onStateUpdate: {"status":"installing-updates","current":3,"total":6,"progress":33}
[2024-11-22 02:38:02.399] [info]  DiscordSplash.onStateUpdate: {"status":"installing-updates","current":3,"total":6,"progress":33}
[2024-11-22 02:38:02.399] [info]  Splash.onStateUpdate: {"status":"installing-updates","current":3,"total":6,"progress":33}
[2024-11-22 02:38:02.400] [info]  DiscordSplash.onStateUpdate: {"status":"installing-updates","current":3,"total":6,"progress":33}
[2024-11-22 02:38:02.400] [info]  Splash.onStateUpdate: {"status":"installing-updates","current":3,"total":6,"progress":33}
[2024-11-22 02:38:02.400] [info]  DiscordSplash.onStateUpdate: {"status":"installing-updates","current":3,"total":6,"progress":33}
[2024-11-22 02:38:02.400] [info]  Splash.onStateUpdate: {"status":"installing-updates","current":3,"total":6,"progress":33}
[2024-11-22 02:38:02.401] [info]  DiscordSplash.onStateUpdate: {"status":"installing-updates","current":3,"total":6,"progress":34}
[2024-11-22 02:38:02.401] [info]  Splash.onStateUpdate: {"status":"installing-updates","current":3,"total":6,"progress":34}
[2024-11-22 02:38:02.401] [info]  DiscordSplash.onStateUpdate: {"status":"installing-updates","current":3,"total":6,"progress":34}
[2024-11-22 02:38:02.401] [info]  Splash.onStateUpdate: {"status":"installing-updates","current":3,"total":6,"progress":34}
[2024-11-22 02:38:02.402] [info]  DiscordSplash.onStateUpdate: {"status":"installing-updates","current":3,"total":6,"progress":34}
[2024-11-22 02:38:02.402] [info]  Splash.onStateUpdate: {"status":"installing-updates","current":3,"total":6,"progress":34}
[2024-11-22 02:38:02.402] [info]  DiscordSplash.onStateUpdate: {"status":"installing-updates","current":3,"total":6,"progress":34}
[2024-11-22 02:38:02.402] [info]  Splash.onStateUpdate: {"status":"installing-updates","current":3,"total":6,"progress":34}
[2024-11-22 02:38:02.403] [info]  DiscordSplash.onStateUpdate: {"status":"installing-updates","current":3,"total":6,"progress":34}
[2024-11-22 02:38:02.403] [info]  Splash.onStateUpdate: {"status":"installing-updates","current":3,"total":6,"progress":34}
[2024-11-22 02:38:02.403] [info]  DiscordSplash.onStateUpdate: {"status":"installing-updates","current":3,"total":6,"progress":34}
[2024-11-22 02:38:02.403] [info]  Splash.onStateUpdate: {"status":"installing-updates","current":3,"total":6,"progress":34}
[2024-11-22 02:38:02.404] [info]  DiscordSplash.onStateUpdate: {"status":"installing-updates","current":3,"total":6,"progress":35}
[2024-11-22 02:38:02.404] [info]  Splash.onStateUpdate: {"status":"installing-updates","current":3,"total":6,"progress":35}
[2024-11-22 02:38:02.405] [info]  DiscordSplash.onStateUpdate: {"status":"installing-updates","current":3,"total":6,"progress":35}
[2024-11-22 02:38:02.405] [info]  Splash.onStateUpdate: {"status":"installing-updates","current":3,"total":6,"progress":35}
[2024-11-22 02:38:02.405] [info]  DiscordSplash.onStateUpdate: {"status":"installing-updates","current":3,"total":6,"progress":35}
[2024-11-22 02:38:02.405] [info]  Splash.onStateUpdate: {"status":"installing-updates","current":3,"total":6,"progress":35}
[2024-11-22 02:38:02.406] [info]  DiscordSplash.onStateUpdate: {"status":"installing-updates","current":3,"total":6,"progress":35}
[2024-11-22 02:38:02.406] [info]  Splash.onStateUpdate: {"status":"installing-updates","current":3,"total":6,"progress":35}
[2024-11-22 02:38:02.406] [info]  DiscordSplash.onStateUpdate: {"status":"installing-updates","current":3,"total":6,"progress":35}
[2024-11-22 02:38:02.406] [info]  Splash.onStateUpdate: {"status":"installing-updates","current":3,"total":6,"progress":35}
[2024-11-22 02:38:02.407] [info]  DiscordSplash.onStateUpdate: {"status":"installing-updates","current":3,"total":6,"progress":35}
[2024-11-22 02:38:02.407] [info]  Splash.onStateUpdate: {"status":"installing-updates","current":3,"total":6,"progress":35}
[2024-11-22 02:38:02.407] [info]  DiscordSplash.onStateUpdate: {"status":"installing-updates","current":3,"total":6,"progress":36}
[2024-11-22 02:38:02.407] [info]  Splash.onStateUpdate: {"status":"installing-updates","current":3,"total":6,"progress":36}
[2024-11-22 02:38:02.407] [info]  DiscordSplash.onStateUpdate: {"status":"installing-updates","current":3,"total":6,"progress":36}
[2024-11-22 02:38:02.408] [info]  Splash.onStateUpdate: {"status":"installing-updates","current":3,"total":6,"progress":36}
[2024-11-22 02:38:02.408] [info]  DiscordSplash.onStateUpdate: {"status":"installing-updates","current":3,"total":6,"progress":36}
[2024-11-22 02:38:02.408] [info]  Splash.onStateUpdate: {"status":"installing-updates","current":3,"total":6,"progress":36}
[2024-11-22 02:38:02.408] [info]  DiscordSplash.onStateUpdate: {"status":"installing-updates","current":3,"total":6,"progress":36}
[2024-11-22 02:38:02.408] [info]  Splash.onStateUpdate: {"status":"installing-updates","current":3,"total":6,"progress":36}
[2024-11-22 02:38:02.409] [info]  DiscordSplash.onStateUpdate: {"status":"installing-updates","current":3,"total":6,"progress":36}
[2024-11-22 02:38:02.409] [info]  Splash.onStateUpdate: {"status":"installing-updates","current":3,"total":6,"progress":36}
[2024-11-22 02:38:02.409] [info]  DiscordSplash.onStateUpdate: {"status":"installing-updates","current":3,"total":6,"progress":36}
[2024-11-22 02:38:02.410] [info]  Splash.onStateUpdate: {"status":"installing-updates","current":3,"total":6,"progress":36}
[2024-11-22 02:38:02.410] [info]  DiscordSplash.onStateUpdate: {"status":"installing-updates","current":3,"total":6,"progress":37}
[2024-11-22 02:38:02.410] [info]  Splash.onStateUpdate: {"status":"installing-updates","current":3,"total":6,"progress":37}
[2024-11-22 02:38:02.411] [info]  DiscordSplash.onStateUpdate: {"status":"installing-updates","current":3,"total":6,"progress":37}
[2024-11-22 02:38:02.411] [info]  Splash.onStateUpdate: {"status":"installing-updates","current":3,"total":6,"progress":37}
[2024-11-22 02:38:02.411] [info]  DiscordSplash.onStateUpdate: {"status":"installing-updates","current":3,"total":6,"progress":37}
[2024-11-22 02:38:02.411] [info]  Splash.onStateUpdate: {"status":"installing-updates","current":3,"total":6,"progress":37}
[2024-11-22 02:38:02.412] [info]  DiscordSplash.onStateUpdate: {"status":"installing-updates","current":3,"total":6,"progress":37}
[2024-11-22 02:38:02.412] [info]  Splash.onStateUpdate: {"status":"installing-updates","current":3,"total":6,"progress":37}
[2024-11-22 02:38:02.413] [info]  DiscordSplash.onStateUpdate: {"status":"installing-updates","current":3,"total":6,"progress":37}
[2024-11-22 02:38:02.413] [info]  Splash.onStateUpdate: {"status":"installing-updates","current":3,"total":6,"progress":37}
[2024-11-22 02:38:02.414] [info]  DiscordSplash.onStateUpdate: {"status":"installing-updates","current":3,"total":6,"progress":37}
[2024-11-22 02:38:02.414] [info]  Splash.onStateUpdate: {"status":"installing-updates","current":3,"total":6,"progress":37}
[2024-11-22 02:38:02.415] [info]  DiscordSplash.onStateUpdate: {"status":"installing-updates","current":3,"total":6,"progress":37}
[2024-11-22 02:38:02.415] [info]  Splash.onStateUpdate: {"status":"installing-updates","current":3,"total":6,"progress":37}
[2024-11-22 02:38:02.416] [info]  DiscordSplash.onStateUpdate: {"status":"installing-updates","current":3,"total":6,"progress":38}
[2024-11-22 02:38:02.416] [info]  Splash.onStateUpdate: {"status":"installing-updates","current":3,"total":6,"progress":38}
[2024-11-22 02:38:02.417] [info]  DiscordSplash.onStateUpdate: {"status":"installing-updates","current":3,"total":6,"progress":38}
[2024-11-22 02:38:02.417] [info]  Splash.onStateUpdate: {"status":"installing-updates","current":3,"total":6,"progress":38}
[2024-11-22 02:38:02.418] [info]  DiscordSplash.onStateUpdate: {"status":"installing-updates","current":3,"total":6,"progress":38}
[2024-11-22 02:38:02.418] [info]  Splash.onStateUpdate: {"status":"installing-updates","current":3,"total":6,"progress":38}
[2024-11-22 02:38:02.419] [info]  DiscordSplash.onStateUpdate: {"status":"installing-updates","current":3,"total":6,"progress":38}
[2024-11-22 02:38:02.419] [info]  Splash.onStateUpdate: {"status":"installing-updates","current":3,"total":6,"progress":38}
[2024-11-22 02:38:02.420] [info]  DiscordSplash.onStateUpdate: {"status":"installing-updates","current":3,"total":6,"progress":38}
[2024-11-22 02:38:02.420] [info]  Splash.onStateUpdate: {"status":"installing-updates","current":3,"total":6,"progress":38}
[2024-11-22 02:38:02.420] [info]  DiscordSplash.onStateUpdate: {"status":"installing-updates","current":3,"total":6,"progress":38}
[2024-11-22 02:38:02.420] [info]  Splash.onStateUpdate: {"status":"installing-updates","current":3,"total":6,"progress":38}
[2024-11-22 02:38:02.421] [info]  DiscordSplash.onStateUpdate: {"status":"installing-updates","current":3,"total":6,"progress":39}
[2024-11-22 02:38:02.421] [info]  Splash.onStateUpdate: {"status":"installing-updates","current":3,"total":6,"progress":39}
[2024-11-22 02:38:02.421] [info]  DiscordSplash.onStateUpdate: {"status":"installing-updates","current":3,"total":6,"progress":39}
[2024-11-22 02:38:02.421] [info]  Splash.onStateUpdate: {"status":"installing-updates","current":3,"total":6,"progress":39}
[2024-11-22 02:38:02.422] [info]  DiscordSplash.onStateUpdate: {"status":"installing-updates","current":3,"total":6,"progress":39}
[2024-11-22 02:38:02.422] [info]  Splash.onStateUpdate: {"status":"installing-updates","current":3,"total":6,"progress":39}
[2024-11-22 02:38:02.422] [info]  DiscordSplash.onStateUpdate: {"status":"installing-updates","current":3,"total":6,"progress":39}
[2024-11-22 02:38:02.422] [info]  Splash.onStateUpdate: {"status":"installing-updates","current":3,"total":6,"progress":39}
[2024-11-22 02:38:02.423] [info]  DiscordSplash.onStateUpdate: {"status":"installing-updates","current":3,"total":6,"progress":39}
[2024-11-22 02:38:02.423] [info]  Splash.onStateUpdate: {"status":"installing-updates","current":3,"total":6,"progress":39}
[2024-11-22 02:38:02.423] [info]  DiscordSplash.onStateUpdate: {"status":"installing-updates","current":3,"total":6,"progress":39}
[2024-11-22 02:38:02.423] [info]  Splash.onStateUpdate: {"status":"installing-updates","current":3,"total":6,"progress":39}
[2024-11-22 02:38:02.424] [info]  DiscordSplash.onStateUpdate: {"status":"installing-updates","current":3,"total":6,"progress":40}
[2024-11-22 02:38:02.424] [info]  Splash.onStateUpdate: {"status":"installing-updates","current":3,"total":6,"progress":40}
[2024-11-22 02:38:02.425] [info]  DiscordSplash.onStateUpdate: {"status":"installing-updates","current":3,"total":6,"progress":40}
[2024-11-22 02:38:02.425] [info]  Splash.onStateUpdate: {"status":"installing-updates","current":3,"total":6,"progress":40}
[2024-11-22 02:38:02.426] [info]  DiscordSplash.onStateUpdate: {"status":"installing-updates","current":3,"total":6,"progress":40}
[2024-11-22 02:38:02.426] [info]  Splash.onStateUpdate: {"status":"installing-updates","current":3,"total":6,"progress":40}
[2024-11-22 02:38:02.427] [info]  DiscordSplash.onStateUpdate: {"status":"installing-updates","current":3,"total":6,"progress":40}
[2024-11-22 02:38:02.427] [info]  Splash.onStateUpdate: {"status":"installing-updates","current":3,"total":6,"progress":40}
[2024-11-22 02:38:02.428] [info]  DiscordSplash.onStateUpdate: {"status":"installing-updates","current":3,"total":6,"progress":40}
[2024-11-22 02:38:02.428] [info]  Splash.onStateUpdate: {"status":"installing-updates","current":3,"total":6,"progress":40}
[2024-11-22 02:38:02.429] [info]  DiscordSplash.onStateUpdate: {"status":"installing-updates","current":3,"total":6,"progress":40}
[2024-11-22 02:38:02.429] [info]  Splash.onStateUpdate: {"status":"installing-updates","current":3,"total":6,"progress":40}
[2024-11-22 02:38:02.430] [info]  DiscordSplash.onStateUpdate: {"status":"installing-updates","current":3,"total":6,"progress":41}
[2024-11-22 02:38:02.430] [info]  Splash.onStateUpdate: {"status":"installing-updates","current":3,"total":6,"progress":41}
[2024-11-22 02:38:02.431] [info]  DiscordSplash.onStateUpdate: {"status":"installing-updates","current":3,"total":6,"progress":41}
[2024-11-22 02:38:02.431] [info]  Splash.onStateUpdate: {"status":"installing-updates","current":3,"total":6,"progress":41}
[2024-11-22 02:38:02.432] [info]  DiscordSplash.onStateUpdate: {"status":"installing-updates","current":3,"total":6,"progress":41}
[2024-11-22 02:38:02.432] [info]  Splash.onStateUpdate: {"status":"installing-updates","current":3,"total":6,"progress":41}
[2024-11-22 02:38:02.433] [info]  DiscordSplash.onStateUpdate: {"status":"installing-updates","current":3,"total":6,"progress":41}
[2024-11-22 02:38:02.433] [info]  Splash.onStateUpdate: {"status":"installing-updates","current":3,"total":6,"progress":41}
[2024-11-22 02:38:02.434] [info]  DiscordSplash.onStateUpdate: {"status":"installing-updates","current":3,"total":6,"progress":41}
[2024-11-22 02:38:02.434] [info]  Splash.onStateUpdate: {"status":"installing-updates","current":3,"total":6,"progress":41}
[2024-11-22 02:38:02.434] [info]  DiscordSplash.onStateUpdate: {"status":"installing-updates","current":3,"total":6,"progress":41}
[2024-11-22 02:38:02.434] [info]  Splash.onStateUpdate: {"status":"installing-updates","current":3,"total":6,"progress":41}
[2024-11-22 02:38:02.434] [info]  DiscordSplash.onStateUpdate: {"status":"installing-updates","current":3,"total":6,"progress":42}
[2024-11-22 02:38:02.435] [info]  Splash.onStateUpdate: {"status":"installing-updates","current":3,"total":6,"progress":42}
[2024-11-22 02:38:02.435] [info]  DiscordSplash.onStateUpdate: {"status":"installing-updates","current":3,"total":6,"progress":42}
[2024-11-22 02:38:02.435] [info]  Splash.onStateUpdate: {"status":"installing-updates","current":3,"total":6,"progress":42}
[2024-11-22 02:38:02.435] [info]  DiscordSplash.onStateUpdate: {"status":"installing-updates","current":3,"total":6,"progress":42}
[2024-11-22 02:38:02.435] [info]  Splash.onStateUpdate: {"status":"installing-updates","current":3,"total":6,"progress":42}
[2024-11-22 02:38:02.436] [info]  DiscordSplash.onStateUpdate: {"status":"installing-updates","current":3,"total":6,"progress":42}
[2024-11-22 02:38:02.436] [info]  Splash.onStateUpdate: {"status":"installing-updates","current":3,"total":6,"progress":42}
[2024-11-22 02:38:02.436] [info]  DiscordSplash.onStateUpdate: {"status":"installing-updates","current":3,"total":6,"progress":42}
[2024-11-22 02:38:02.436] [info]  Splash.onStateUpdate: {"status":"installing-updates","current":3,"total":6,"progress":42}
[2024-11-22 02:38:02.437] [info]  DiscordSplash.onStateUpdate: {"status":"installing-updates","current":3,"total":6,"progress":42}
[2024-11-22 02:38:02.437] [info]  Splash.onStateUpdate: {"status":"installing-updates","current":3,"total":6,"progress":42}
[2024-11-22 02:38:02.437] [info]  DiscordSplash.onStateUpdate: {"status":"installing-updates","current":3,"total":6,"progress":43}
[2024-11-22 02:38:02.437] [info]  Splash.onStateUpdate: {"status":"installing-updates","current":3,"total":6,"progress":43}
[2024-11-22 02:38:02.437] [info]  DiscordSplash.onStateUpdate: {"status":"installing-updates","current":3,"total":6,"progress":43}
[2024-11-22 02:38:02.438] [info]  Splash.onStateUpdate: {"status":"installing-updates","current":3,"total":6,"progress":43}
[2024-11-22 02:38:02.438] [info]  DiscordSplash.onStateUpdate: {"status":"installing-updates","current":3,"total":6,"progress":43}
[2024-11-22 02:38:02.438] [info]  Splash.onStateUpdate: {"status":"installing-updates","current":3,"total":6,"progress":43}
[2024-11-22 02:38:02.439] [info]  DiscordSplash.onStateUpdate: {"status":"installing-updates","current":3,"total":6,"progress":43}
[2024-11-22 02:38:02.439] [info]  Splash.onStateUpdate: {"status":"installing-updates","current":3,"total":6,"progress":43}
[2024-11-22 02:38:02.439] [info]  DiscordSplash.onStateUpdate: {"status":"installing-updates","current":3,"total":6,"progress":43}
[2024-11-22 02:38:02.439] [info]  Splash.onStateUpdate: {"status":"installing-updates","current":3,"total":6,"progress":43}
[2024-11-22 02:38:02.439] [info]  DiscordSplash.onStateUpdate: {"status":"installing-updates","current":3,"total":6,"progress":43}
[2024-11-22 02:38:02.439] [info]  Splash.onStateUpdate: {"status":"installing-updates","current":3,"total":6,"progress":43}
[2024-11-22 02:38:02.440] [info]  DiscordSplash.onStateUpdate: {"status":"installing-updates","current":3,"total":6,"progress":43}
[2024-11-22 02:38:02.440] [info]  Splash.onStateUpdate: {"status":"installing-updates","current":3,"total":6,"progress":43}
[2024-11-22 02:38:02.441] [info]  DiscordSplash.onStateUpdate: {"status":"installing-updates","current":3,"total":6,"progress":44}
[2024-11-22 02:38:02.441] [info]  Splash.onStateUpdate: {"status":"installing-updates","current":3,"total":6,"progress":44}
[2024-11-22 02:38:02.442] [info]  DiscordSplash.onStateUpdate: {"status":"installing-updates","current":3,"total":6,"progress":44}
[2024-11-22 02:38:02.442] [info]  Splash.onStateUpdate: {"status":"installing-updates","current":3,"total":6,"progress":44}
[2024-11-22 02:38:02.444] [info]  DiscordSplash.onStateUpdate: {"status":"installing-updates","current":3,"total":6,"progress":44}
[2024-11-22 02:38:02.444] [info]  Splash.onStateUpdate: {"status":"installing-updates","current":3,"total":6,"progress":44}
[2024-11-22 02:38:02.445] [info]  DiscordSplash.onStateUpdate: {"status":"installing-updates","current":3,"total":6,"progress":44}
[2024-11-22 02:38:02.445] [info]  Splash.onStateUpdate: {"status":"installing-updates","current":3,"total":6,"progress":44}
[2024-11-22 02:38:02.446] [info]  DiscordSplash.onStateUpdate: {"status":"installing-updates","current":3,"total":6,"progress":44}
[2024-11-22 02:38:02.446] [info]  Splash.onStateUpdate: {"status":"installing-updates","current":3,"total":6,"progress":44}
[2024-11-22 02:38:02.447] [info]  DiscordSplash.onStateUpdate: {"status":"installing-updates","current":3,"total":6,"progress":44}
[2024-11-22 02:38:02.447] [info]  Splash.onStateUpdate: {"status":"installing-updates","current":3,"total":6,"progress":44}
[2024-11-22 02:38:02.448] [info]  DiscordSplash.onStateUpdate: {"status":"installing-updates","current":3,"total":6,"progress":45}
[2024-11-22 02:38:02.448] [info]  Splash.onStateUpdate: {"status":"installing-updates","current":3,"total":6,"progress":45}
[2024-11-22 02:38:02.448] [info]  DiscordSplash.onStateUpdate: {"status":"installing-updates","current":3,"total":6,"progress":45}
[2024-11-22 02:38:02.448] [info]  Splash.onStateUpdate: {"status":"installing-updates","current":3,"total":6,"progress":45}
[2024-11-22 02:38:02.449] [info]  DiscordSplash.onStateUpdate: {"status":"installing-updates","current":3,"total":6,"progress":45}
[2024-11-22 02:38:02.449] [info]  Splash.onStateUpdate: {"status":"installing-updates","current":3,"total":6,"progress":45}
[2024-11-22 02:38:02.450] [info]  DiscordSplash.onStateUpdate: {"status":"installing-updates","current":3,"total":6,"progress":45}
[2024-11-22 02:38:02.450] [info]  Splash.onStateUpdate: {"status":"installing-updates","current":3,"total":6,"progress":45}
[2024-11-22 02:38:02.451] [info]  DiscordSplash.onStateUpdate: {"status":"installing-updates","current":3,"total":6,"progress":45}
[2024-11-22 02:38:02.451] [info]  Splash.onStateUpdate: {"status":"installing-updates","current":3,"total":6,"progress":45}
[2024-11-22 02:38:02.452] [info]  DiscordSplash.onStateUpdate: {"status":"installing-updates","current":3,"total":6,"progress":45}
[2024-11-22 02:38:02.452] [info]  Splash.onStateUpdate: {"status":"installing-updates","current":3,"total":6,"progress":45}
[2024-11-22 02:38:02.453] [info]  DiscordSplash.onStateUpdate: {"status":"installing-updates","current":3,"total":6,"progress":46}
[2024-11-22 02:38:02.453] [info]  Splash.onStateUpdate: {"status":"installing-updates","current":3,"total":6,"progress":46}
[2024-11-22 02:38:02.454] [info]  DiscordSplash.onStateUpdate: {"status":"installing-updates","current":3,"total":6,"progress":46}
[2024-11-22 02:38:02.454] [info]  Splash.onStateUpdate: {"status":"installing-updates","current":3,"total":6,"progress":46}
[2024-11-22 02:38:02.455] [info]  DiscordSplash.onStateUpdate: {"status":"installing-updates","current":3,"total":6,"progress":46}
[2024-11-22 02:38:02.455] [info]  Splash.onStateUpdate: {"status":"installing-updates","current":3,"total":6,"progress":46}
[2024-11-22 02:38:02.456] [info]  DiscordSplash.onStateUpdate: {"status":"installing-updates","current":3,"total":6,"progress":46}
[2024-11-22 02:38:02.456] [info]  Splash.onStateUpdate: {"status":"installing-updates","current":3,"total":6,"progress":46}
[2024-11-22 02:38:02.456] [info]  DiscordSplash.onStateUpdate: {"status":"installing-updates","current":3,"total":6,"progress":46}
[2024-11-22 02:38:02.457] [info]  Splash.onStateUpdate: {"status":"installing-updates","current":3,"total":6,"progress":46}
[2024-11-22 02:38:02.457] [info]  DiscordSplash.onStateUpdate: {"status":"installing-updates","current":3,"total":6,"progress":46}
[2024-11-22 02:38:02.457] [info]  Splash.onStateUpdate: {"status":"installing-updates","current":3,"total":6,"progress":46}
[2024-11-22 02:38:02.458] [info]  DiscordSplash.onStateUpdate: {"status":"installing-updates","current":3,"total":6,"progress":47}
[2024-11-22 02:38:02.458] [info]  Splash.onStateUpdate: {"status":"installing-updates","current":3,"total":6,"progress":47}
[2024-11-22 02:38:02.459] [info]  DiscordSplash.onStateUpdate: {"status":"installing-updates","current":3,"total":6,"progress":47}
[2024-11-22 02:38:02.459] [info]  Splash.onStateUpdate: {"status":"installing-updates","current":3,"total":6,"progress":47}
[2024-11-22 02:38:02.460] [info]  DiscordSplash.onStateUpdate: {"status":"installing-updates","current":3,"total":6,"progress":47}
[2024-11-22 02:38:02.460] [info]  Splash.onStateUpdate: {"status":"installing-updates","current":3,"total":6,"progress":47}
[2024-11-22 02:38:02.461] [info]  DiscordSplash.onStateUpdate: {"status":"installing-updates","current":3,"total":6,"progress":47}
[2024-11-22 02:38:02.461] [info]  Splash.onStateUpdate: {"status":"installing-updates","current":3,"total":6,"progress":47}
[2024-11-22 02:38:02.462] [info]  DiscordSplash.onStateUpdate: {"status":"installing-updates","current":3,"total":6,"progress":47}
[2024-11-22 02:38:02.462] [info]  Splash.onStateUpdate: {"status":"installing-updates","current":3,"total":6,"progress":47}
[2024-11-22 02:38:02.463] [info]  DiscordSplash.onStateUpdate: {"status":"installing-updates","current":3,"total":6,"progress":47}
[2024-11-22 02:38:02.463] [info]  Splash.onStateUpdate: {"status":"installing-updates","current":3,"total":6,"progress":47}
[2024-11-22 02:38:02.463] [info]  DiscordSplash.onStateUpdate: {"status":"installing-updates","current":3,"total":6,"progress":48}
[2024-11-22 02:38:02.463] [info]  Splash.onStateUpdate: {"status":"installing-updates","current":3,"total":6,"progress":48}
[2024-11-22 02:38:02.464] [info]  DiscordSplash.onStateUpdate: {"status":"installing-updates","current":3,"total":6,"progress":48}
[2024-11-22 02:38:02.464] [info]  Splash.onStateUpdate: {"status":"installing-updates","current":3,"total":6,"progress":48}
[2024-11-22 02:38:02.464] [info]  DiscordSplash.onStateUpdate: {"status":"installing-updates","current":3,"total":6,"progress":48}
[2024-11-22 02:38:02.464] [info]  Splash.onStateUpdate: {"status":"installing-updates","current":3,"total":6,"progress":48}
[2024-11-22 02:38:02.465] [info]  DiscordSplash.onStateUpdate: {"status":"installing-updates","current":3,"total":6,"progress":48}
[2024-11-22 02:38:02.465] [info]  Splash.onStateUpdate: {"status":"installing-updates","current":3,"total":6,"progress":48}
[2024-11-22 02:38:02.466] [info]  DiscordSplash.onStateUpdate: {"status":"installing-updates","current":3,"total":6,"progress":48}
[2024-11-22 02:38:02.466] [info]  Splash.onStateUpdate: {"status":"installing-updates","current":3,"total":6,"progress":48}
[2024-11-22 02:38:02.467] [info]  DiscordSplash.onStateUpdate: {"status":"installing-updates","current":3,"total":6,"progress":48}
[2024-11-22 02:38:02.467] [info]  Splash.onStateUpdate: {"status":"installing-updates","current":3,"total":6,"progress":48}
[2024-11-22 02:38:02.468] [info]  DiscordSplash.onStateUpdate: {"status":"installing-updates","current":3,"total":6,"progress":49}
[2024-11-22 02:38:02.468] [info]  Splash.onStateUpdate: {"status":"installing-updates","current":3,"total":6,"progress":49}
[2024-11-22 02:38:02.469] [info]  DiscordSplash.onStateUpdate: {"status":"installing-updates","current":3,"total":6,"progress":49}
[2024-11-22 02:38:02.469] [info]  Splash.onStateUpdate: {"status":"installing-updates","current":3,"total":6,"progress":49}
[2024-11-22 02:38:02.469] [info]  DiscordSplash.onStateUpdate: {"status":"installing-updates","current":3,"total":6,"progress":49}
[2024-11-22 02:38:02.470] [info]  Splash.onStateUpdate: {"status":"installing-updates","current":3,"total":6,"progress":49}
[2024-11-22 02:38:02.470] [info]  DiscordSplash.onStateUpdate: {"status":"installing-updates","current":3,"total":6,"progress":49}
[2024-11-22 02:38:02.470] [info]  Splash.onStateUpdate: {"status":"installing-updates","current":3,"total":6,"progress":49}
[2024-11-22 02:38:02.471] [info]  DiscordSplash.onStateUpdate: {"status":"installing-updates","current":3,"total":6,"progress":49}
[2024-11-22 02:38:02.471] [info]  Splash.onStateUpdate: {"status":"installing-updates","current":3,"total":6,"progress":49}
[2024-11-22 02:38:02.471] [info]  DiscordSplash.onStateUpdate: {"status":"installing-updates","current":3,"total":6,"progress":49}
[2024-11-22 02:38:02.471] [info]  Splash.onStateUpdate: {"status":"installing-updates","current":3,"total":6,"progress":49}
[2024-11-22 02:38:02.471] [info]  DiscordSplash.onStateUpdate: {"status":"installing-updates","current":3,"total":6,"progress":50}
[2024-11-22 02:38:02.472] [info]  Splash.onStateUpdate: {"status":"installing-updates","current":3,"total":6,"progress":50}
[2024-11-22 02:38:02.472] [info]  DiscordSplash.onStateUpdate: {"status":"installing-updates","current":3,"total":6,"progress":50}
[2024-11-22 02:38:02.473] [info]  Splash.onStateUpdate: {"status":"installing-updates","current":3,"total":6,"progress":50}
[2024-11-22 02:38:02.474] [info]  DiscordSplash.onStateUpdate: {"status":"installing-updates","current":3,"total":6,"progress":50}
[2024-11-22 02:38:02.474] [info]  Splash.onStateUpdate: {"status":"installing-updates","current":3,"total":6,"progress":50}
[2024-11-22 02:38:02.475] [info]  DiscordSplash.onStateUpdate: {"status":"installing-updates","current":3,"total":6,"progress":50}
[2024-11-22 02:38:02.475] [info]  Splash.onStateUpdate: {"status":"installing-updates","current":3,"total":6,"progress":50}
[2024-11-22 02:38:02.476] [info]  DiscordSplash.onStateUpdate: {"status":"installing-updates","current":3,"total":6,"progress":50}
[2024-11-22 02:38:02.476] [info]  Splash.onStateUpdate: {"status":"installing-updates","current":3,"total":6,"progress":50}
[2024-11-22 02:38:02.477] [info]  DiscordSplash.onStateUpdate: {"status":"installing-updates","current":3,"total":6,"progress":50}
[2024-11-22 02:38:02.477] [info]  Splash.onStateUpdate: {"status":"installing-updates","current":3,"total":6,"progress":50}
[2024-11-22 02:38:02.478] [info]  DiscordSplash.onStateUpdate: {"status":"installing-updates","current":3,"total":6,"progress":50}
[2024-11-22 02:38:02.478] [info]  Splash.onStateUpdate: {"status":"installing-updates","current":3,"total":6,"progress":50}
[2024-11-22 02:38:02.478] [info]  DiscordSplash.onStateUpdate: {"status":"installing-updates","current":3,"total":6,"progress":51}
[2024-11-22 02:38:02.479] [info]  Splash.onStateUpdate: {"status":"installing-updates","current":3,"total":6,"progress":51}
[2024-11-22 02:38:02.479] [info]  DiscordSplash.onStateUpdate: {"status":"installing-updates","current":3,"total":6,"progress":51}
[2024-11-22 02:38:02.479] [info]  Splash.onStateUpdate: {"status":"installing-updates","current":3,"total":6,"progress":51}
[2024-11-22 02:38:02.481] [info]  DiscordSplash.onStateUpdate: {"status":"installing-updates","current":3,"total":6,"progress":51}
[2024-11-22 02:38:02.481] [info]  Splash.onStateUpdate: {"status":"installing-updates","current":3,"total":6,"progress":51}
[2024-11-22 02:38:02.482] [info]  DiscordSplash.onStateUpdate: {"status":"installing-updates","current":3,"total":6,"progress":51}
[2024-11-22 02:38:02.482] [info]  Splash.onStateUpdate: {"status":"installing-updates","current":3,"total":6,"progress":51}
[2024-11-22 02:38:02.483] [info]  DiscordSplash.onStateUpdate: {"status":"installing-updates","current":3,"total":6,"progress":51}
[2024-11-22 02:38:02.483] [info]  Splash.onStateUpdate: {"status":"installing-updates","current":3,"total":6,"progress":51}
[2024-11-22 02:38:02.483] [info]  DiscordSplash.onStateUpdate: {"status":"installing-updates","current":3,"total":6,"progress":51}
[2024-11-22 02:38:02.484] [info]  Splash.onStateUpdate: {"status":"installing-updates","current":3,"total":6,"progress":51}
[2024-11-22 02:38:02.484] [info]  DiscordSplash.onStateUpdate: {"status":"installing-updates","current":3,"total":6,"progress":52}
[2024-11-22 02:38:02.484] [info]  Splash.onStateUpdate: {"status":"installing-updates","current":3,"total":6,"progress":52}
[2024-11-22 02:38:02.485] [info]  DiscordSplash.onStateUpdate: {"status":"installing-updates","current":3,"total":6,"progress":52}
[2024-11-22 02:38:02.485] [info]  Splash.onStateUpdate: {"status":"installing-updates","current":3,"total":6,"progress":52}
[2024-11-22 02:38:02.487] [info]  DiscordSplash.onStateUpdate: {"status":"installing-updates","current":3,"total":6,"progress":52}
[2024-11-22 02:38:02.487] [info]  Splash.onStateUpdate: {"status":"installing-updates","current":3,"total":6,"progress":52}
[2024-11-22 02:38:02.488] [info]  DiscordSplash.onStateUpdate: {"status":"installing-updates","current":3,"total":6,"progress":52}
[2024-11-22 02:38:02.488] [info]  Splash.onStateUpdate: {"status":"installing-updates","current":3,"total":6,"progress":52}
[2024-11-22 02:38:02.489] [info]  DiscordSplash.onStateUpdate: {"status":"installing-updates","current":3,"total":6,"progress":52}
[2024-11-22 02:38:02.489] [info]  Splash.onStateUpdate: {"status":"installing-updates","current":3,"total":6,"progress":52}
[2024-11-22 02:38:02.489] [info]  DiscordSplash.onStateUpdate: {"status":"installing-updates","current":3,"total":6,"progress":52}
[2024-11-22 02:38:02.489] [info]  Splash.onStateUpdate: {"status":"installing-updates","current":3,"total":6,"progress":52}
[2024-11-22 02:38:02.489] [info]  DiscordSplash.onStateUpdate: {"status":"installing-updates","current":3,"total":6,"progress":53}
[2024-11-22 02:38:02.490] [info]  Splash.onStateUpdate: {"status":"installing-updates","current":3,"total":6,"progress":53}
[2024-11-22 02:38:02.490] [info]  DiscordSplash.onStateUpdate: {"status":"installing-updates","current":3,"total":6,"progress":53}
[2024-11-22 02:38:02.490] [info]  Splash.onStateUpdate: {"status":"installing-updates","current":3,"total":6,"progress":53}
[2024-11-22 02:38:02.491] [info]  DiscordSplash.onStateUpdate: {"status":"installing-updates","current":3,"total":6,"progress":53}
[2024-11-22 02:38:02.491] [info]  Splash.onStateUpdate: {"status":"installing-updates","current":3,"total":6,"progress":53}
[2024-11-22 02:38:02.491] [info]  DiscordSplash.onStateUpdate: {"status":"installing-updates","current":3,"total":6,"progress":53}
[2024-11-22 02:38:02.492] [info]  Splash.onStateUpdate: {"status":"installing-updates","current":3,"total":6,"progress":53}
[2024-11-22 02:38:02.492] [info]  DiscordSplash.onStateUpdate: {"status":"installing-updates","current":3,"total":6,"progress":53}
[2024-11-22 02:38:02.492] [info]  Splash.onStateUpdate: {"status":"installing-updates","current":3,"total":6,"progress":53}
[2024-11-22 02:38:02.493] [info]  DiscordSplash.onStateUpdate: {"status":"installing-updates","current":3,"total":6,"progress":53}
[2024-11-22 02:38:02.493] [info]  Splash.onStateUpdate: {"status":"installing-updates","current":3,"total":6,"progress":53}
[2024-11-22 02:38:02.495] [info]  DiscordSplash.onStateUpdate: {"status":"installing-updates","current":3,"total":6,"progress":54}
[2024-11-22 02:38:02.496] [info]  Splash.onStateUpdate: {"status":"installing-updates","current":3,"total":6,"progress":54}
[2024-11-22 02:38:02.498] [info]  DiscordSplash.onStateUpdate: {"status":"installing-updates","current":3,"total":6,"progress":54}
[2024-11-22 02:38:02.498] [info]  Splash.onStateUpdate: {"status":"installing-updates","current":3,"total":6,"progress":54}
[2024-11-22 02:38:02.499] [info]  DiscordSplash.onStateUpdate: {"status":"installing-updates","current":3,"total":6,"progress":54}
[2024-11-22 02:38:02.499] [info]  Splash.onStateUpdate: {"status":"installing-updates","current":3,"total":6,"progress":54}
[2024-11-22 02:38:02.500] [info]  DiscordSplash.onStateUpdate: {"status":"installing-updates","current":3,"total":6,"progress":54}
[2024-11-22 02:38:02.500] [info]  Splash.onStateUpdate: {"status":"installing-updates","current":3,"total":6,"progress":54}
[2024-11-22 02:38:02.501] [info]  DiscordSplash.onStateUpdate: {"status":"installing-updates","current":3,"total":6,"progress":54}
[2024-11-22 02:38:02.501] [info]  Splash.onStateUpdate: {"status":"installing-updates","current":3,"total":6,"progress":54}
[2024-11-22 02:38:02.501] [info]  DiscordSplash.onStateUpdate: {"status":"installing-updates","current":3,"total":6,"progress":54}
[2024-11-22 02:38:02.501] [info]  Splash.onStateUpdate: {"status":"installing-updates","current":3,"total":6,"progress":54}
[2024-11-22 02:38:02.502] [info]  DiscordSplash.onStateUpdate: {"status":"installing-updates","current":3,"total":6,"progress":55}
[2024-11-22 02:38:02.502] [info]  Splash.onStateUpdate: {"status":"installing-updates","current":3,"total":6,"progress":55}
[2024-11-22 02:38:02.502] [info]  DiscordSplash.onStateUpdate: {"status":"installing-updates","current":3,"total":6,"progress":55}
[2024-11-22 02:38:02.502] [info]  Splash.onStateUpdate: {"status":"installing-updates","current":3,"total":6,"progress":55}
[2024-11-22 02:38:02.503] [info]  DiscordSplash.onStateUpdate: {"status":"installing-updates","current":3,"total":6,"progress":55}
[2024-11-22 02:38:02.503] [info]  Splash.onStateUpdate: {"status":"installing-updates","current":3,"total":6,"progress":55}
[2024-11-22 02:38:02.503] [info]  DiscordSplash.onStateUpdate: {"status":"installing-updates","current":3,"total":6,"progress":55}
[2024-11-22 02:38:02.503] [info]  Splash.onStateUpdate: {"status":"installing-updates","current":3,"total":6,"progress":55}
[2024-11-22 02:38:02.504] [info]  DiscordSplash.onStateUpdate: {"status":"installing-updates","current":3,"total":6,"progress":55}
[2024-11-22 02:38:02.504] [info]  Splash.onStateUpdate: {"status":"installing-updates","current":3,"total":6,"progress":55}
[2024-11-22 02:38:02.504] [info]  DiscordSplash.onStateUpdate: {"status":"installing-updates","current":3,"total":6,"progress":55}
[2024-11-22 02:38:02.504] [info]  Splash.onStateUpdate: {"status":"installing-updates","current":3,"total":6,"progress":55}
[2024-11-22 02:38:02.504] [info]  DiscordSplash.onStateUpdate: {"status":"installing-updates","current":3,"total":6,"progress":56}
[2024-11-22 02:38:02.505] [info]  Splash.onStateUpdate: {"status":"installing-updates","current":3,"total":6,"progress":56}
[2024-11-22 02:38:02.505] [info]  DiscordSplash.onStateUpdate: {"status":"installing-updates","current":3,"total":6,"progress":56}
[2024-11-22 02:38:02.505] [info]  Splash.onStateUpdate: {"status":"installing-updates","current":3,"total":6,"progress":56}
[2024-11-22 02:38:02.505] [info]  DiscordSplash.onStateUpdate: {"status":"installing-updates","current":3,"total":6,"progress":56}
[2024-11-22 02:38:02.505] [info]  Splash.onStateUpdate: {"status":"installing-updates","current":3,"total":6,"progress":56}
[2024-11-22 02:38:02.506] [info]  DiscordSplash.onStateUpdate: {"status":"installing-updates","current":3,"total":6,"progress":56}
[2024-11-22 02:38:02.506] [info]  Splash.onStateUpdate: {"status":"installing-updates","current":3,"total":6,"progress":56}
[2024-11-22 02:38:02.506] [info]  DiscordSplash.onStateUpdate: {"status":"installing-updates","current":3,"total":6,"progress":56}
[2024-11-22 02:38:02.506] [info]  Splash.onStateUpdate: {"status":"installing-updates","current":3,"total":6,"progress":56}
[2024-11-22 02:38:02.507] [info]  DiscordSplash.onStateUpdate: {"status":"installing-updates","current":3,"total":6,"progress":56}
[2024-11-22 02:38:02.507] [info]  Splash.onStateUpdate: {"status":"installing-updates","current":3,"total":6,"progress":56}
[2024-11-22 02:38:02.507] [info]  DiscordSplash.onStateUpdate: {"status":"installing-updates","current":3,"total":6,"progress":56}
[2024-11-22 02:38:02.507] [info]  Splash.onStateUpdate: {"status":"installing-updates","current":3,"total":6,"progress":56}
[2024-11-22 02:38:02.508] [info]  DiscordSplash.onStateUpdate: {"status":"installing-updates","current":3,"total":6,"progress":57}
[2024-11-22 02:38:02.508] [info]  Splash.onStateUpdate: {"status":"installing-updates","current":3,"total":6,"progress":57}
[2024-11-22 02:38:02.508] [info]  DiscordSplash.onStateUpdate: {"status":"installing-updates","current":3,"total":6,"progress":57}
[2024-11-22 02:38:02.509] [info]  Splash.onStateUpdate: {"status":"installing-updates","current":3,"total":6,"progress":57}
[2024-11-22 02:38:02.509] [info]  DiscordSplash.onStateUpdate: {"status":"installing-updates","current":3,"total":6,"progress":57}
[2024-11-22 02:38:02.509] [info]  Splash.onStateUpdate: {"status":"installing-updates","current":3,"total":6,"progress":57}
[2024-11-22 02:38:02.510] [info]  DiscordSplash.onStateUpdate: {"status":"installing-updates","current":3,"total":6,"progress":57}
[2024-11-22 02:38:02.510] [info]  Splash.onStateUpdate: {"status":"installing-updates","current":3,"total":6,"progress":57}
[2024-11-22 02:38:02.510] [info]  DiscordSplash.onStateUpdate: {"status":"installing-updates","current":3,"total":6,"progress":57}
[2024-11-22 02:38:02.510] [info]  Splash.onStateUpdate: {"status":"installing-updates","current":3,"total":6,"progress":57}
[2024-11-22 02:38:02.511] [info]  DiscordSplash.onStateUpdate: {"status":"installing-updates","current":3,"total":6,"progress":57}
[2024-11-22 02:38:02.511] [info]  Splash.onStateUpdate: {"status":"installing-updates","current":3,"total":6,"progress":57}
[2024-11-22 02:38:02.511] [info]  DiscordSplash.onStateUpdate: {"status":"installing-updates","current":3,"total":6,"progress":58}
[2024-11-22 02:38:02.511] [info]  Splash.onStateUpdate: {"status":"installing-updates","current":3,"total":6,"progress":58}
[2024-11-22 02:38:02.512] [info]  DiscordSplash.onStateUpdate: {"status":"installing-updates","current":3,"total":6,"progress":58}
[2024-11-22 02:38:02.512] [info]  Splash.onStateUpdate: {"status":"installing-updates","current":3,"total":6,"progress":58}
[2024-11-22 02:38:02.512] [info]  DiscordSplash.onStateUpdate: {"status":"installing-updates","current":3,"total":6,"progress":58}
[2024-11-22 02:38:02.512] [info]  Splash.onStateUpdate: {"status":"installing-updates","current":3,"total":6,"progress":58}
[2024-11-22 02:38:02.512] [info]  DiscordSplash.onStateUpdate: {"status":"installing-updates","current":3,"total":6,"progress":58}
[2024-11-22 02:38:02.512] [info]  Splash.onStateUpdate: {"status":"installing-updates","current":3,"total":6,"progress":58}
[2024-11-22 02:38:02.513] [info]  DiscordSplash.onStateUpdate: {"status":"installing-updates","current":3,"total":6,"progress":58}
[2024-11-22 02:38:02.513] [info]  Splash.onStateUpdate: {"status":"installing-updates","current":3,"total":6,"progress":58}
[2024-11-22 02:38:02.513] [info]  DiscordSplash.onStateUpdate: {"status":"installing-updates","current":3,"total":6,"progress":58}
[2024-11-22 02:38:02.513] [info]  Splash.onStateUpdate: {"status":"installing-updates","current":3,"total":6,"progress":58}
[2024-11-22 02:38:02.514] [info]  DiscordSplash.onStateUpdate: {"status":"installing-updates","current":3,"total":6,"progress":59}
[2024-11-22 02:38:02.514] [info]  Splash.onStateUpdate: {"status":"installing-updates","current":3,"total":6,"progress":59}
[2024-11-22 02:38:02.515] [info]  DiscordSplash.onStateUpdate: {"status":"installing-updates","current":3,"total":6,"progress":59}
[2024-11-22 02:38:02.515] [info]  Splash.onStateUpdate: {"status":"installing-updates","current":3,"total":6,"progress":59}
[2024-11-22 02:38:02.516] [info]  DiscordSplash.onStateUpdate: {"status":"installing-updates","current":3,"total":6,"progress":59}
[2024-11-22 02:38:02.516] [info]  Splash.onStateUpdate: {"status":"installing-updates","current":3,"total":6,"progress":59}
[2024-11-22 02:38:02.516] [info]  DiscordSplash.onStateUpdate: {"status":"installing-updates","current":3,"total":6,"progress":59}
[2024-11-22 02:38:02.517] [info]  Splash.onStateUpdate: {"status":"installing-updates","current":3,"total":6,"progress":59}
[2024-11-22 02:38:02.517] [info]  DiscordSplash.onStateUpdate: {"status":"installing-updates","current":3,"total":6,"progress":59}
[2024-11-22 02:38:02.517] [info]  Splash.onStateUpdate: {"status":"installing-updates","current":3,"total":6,"progress":59}
[2024-11-22 02:38:02.518] [info]  DiscordSplash.onStateUpdate: {"status":"installing-updates","current":3,"total":6,"progress":59}
[2024-11-22 02:38:02.518] [info]  Splash.onStateUpdate: {"status":"installing-updates","current":3,"total":6,"progress":59}
[2024-11-22 02:38:02.519] [info]  DiscordSplash.onStateUpdate: {"status":"installing-updates","current":3,"total":6,"progress":60}
[2024-11-22 02:38:02.519] [info]  Splash.onStateUpdate: {"status":"installing-updates","current":3,"total":6,"progress":60}
[2024-11-22 02:38:02.520] [info]  DiscordSplash.onStateUpdate: {"status":"installing-updates","current":3,"total":6,"progress":60}
[2024-11-22 02:38:02.520] [info]  Splash.onStateUpdate: {"status":"installing-updates","current":3,"total":6,"progress":60}
[2024-11-22 02:38:02.520] [info]  DiscordSplash.onStateUpdate: {"status":"installing-updates","current":3,"total":6,"progress":60}
[2024-11-22 02:38:02.520] [info]  Splash.onStateUpdate: {"status":"installing-updates","current":3,"total":6,"progress":60}
[2024-11-22 02:38:02.521] [info]  DiscordSplash.onStateUpdate: {"status":"installing-updates","current":3,"total":6,"progress":60}
[2024-11-22 02:38:02.521] [info]  Splash.onStateUpdate: {"status":"installing-updates","current":3,"total":6,"progress":60}
[2024-11-22 02:38:02.522] [info]  DiscordSplash.onStateUpdate: {"status":"installing-updates","current":3,"total":6,"progress":60}
[2024-11-22 02:38:02.522] [info]  Splash.onStateUpdate: {"status":"installing-updates","current":3,"total":6,"progress":60}
[2024-11-22 02:38:02.522] [info]  DiscordSplash.onStateUpdate: {"status":"installing-updates","current":3,"total":6,"progress":60}
[2024-11-22 02:38:02.522] [info]  Splash.onStateUpdate: {"status":"installing-updates","current":3,"total":6,"progress":60}
[2024-11-22 02:38:02.523] [info]  DiscordSplash.onStateUpdate: {"status":"installing-updates","current":3,"total":6,"progress":61}
[2024-11-22 02:38:02.523] [info]  Splash.onStateUpdate: {"status":"installing-updates","current":3,"total":6,"progress":61}
[2024-11-22 02:38:02.523] [info]  DiscordSplash.onStateUpdate: {"status":"installing-updates","current":3,"total":6,"progress":61}
[2024-11-22 02:38:02.523] [info]  Splash.onStateUpdate: {"status":"installing-updates","current":3,"total":6,"progress":61}
[2024-11-22 02:38:02.524] [info]  DiscordSplash.onStateUpdate: {"status":"installing-updates","current":3,"total":6,"progress":61}
[2024-11-22 02:38:02.524] [info]  Splash.onStateUpdate: {"status":"installing-updates","current":3,"total":6,"progress":61}
[2024-11-22 02:38:02.524] [info]  DiscordSplash.onStateUpdate: {"status":"installing-updates","current":3,"total":6,"progress":61}
[2024-11-22 02:38:02.524] [info]  Splash.onStateUpdate: {"status":"installing-updates","current":3,"total":6,"progress":61}
[2024-11-22 02:38:02.525] [info]  DiscordSplash.onStateUpdate: {"status":"installing-updates","current":3,"total":6,"progress":61}
[2024-11-22 02:38:02.525] [info]  Splash.onStateUpdate: {"status":"installing-updates","current":3,"total":6,"progress":61}
[2024-11-22 02:38:02.525] [info]  DiscordSplash.onStateUpdate: {"status":"installing-updates","current":3,"total":6,"progress":61}
[2024-11-22 02:38:02.525] [info]  Splash.onStateUpdate: {"status":"installing-updates","current":3,"total":6,"progress":61}
[2024-11-22 02:38:02.526] [info]  DiscordSplash.onStateUpdate: {"status":"installing-updates","current":3,"total":6,"progress":62}
[2024-11-22 02:38:02.526] [info]  Splash.onStateUpdate: {"status":"installing-updates","current":3,"total":6,"progress":62}
[2024-11-22 02:38:02.527] [info]  DiscordSplash.onStateUpdate: {"status":"installing-updates","current":3,"total":6,"progress":62}
[2024-11-22 02:38:02.527] [info]  Splash.onStateUpdate: {"status":"installing-updates","current":3,"total":6,"progress":62}
[2024-11-22 02:38:02.528] [info]  DiscordSplash.onStateUpdate: {"status":"installing-updates","current":3,"total":6,"progress":62}
[2024-11-22 02:38:02.528] [info]  Splash.onStateUpdate: {"status":"installing-updates","current":3,"total":6,"progress":62}
[2024-11-22 02:38:02.532] [info]  DiscordSplash.onStateUpdate: {"status":"installing-updates","current":3,"total":6,"progress":62}
[2024-11-22 02:38:02.532] [info]  Splash.onStateUpdate: {"status":"installing-updates","current":3,"total":6,"progress":62}
[2024-11-22 02:38:02.533] [info]  DiscordSplash.onStateUpdate: {"status":"installing-updates","current":3,"total":6,"progress":62}
[2024-11-22 02:38:02.533] [info]  Splash.onStateUpdate: {"status":"installing-updates","current":3,"total":6,"progress":62}
[2024-11-22 02:38:02.534] [info]  DiscordSplash.onStateUpdate: {"status":"installing-updates","current":3,"total":6,"progress":62}
[2024-11-22 02:38:02.534] [info]  Splash.onStateUpdate: {"status":"installing-updates","current":3,"total":6,"progress":62}
[2024-11-22 02:38:02.535] [info]  DiscordSplash.onStateUpdate: {"status":"installing-updates","current":3,"total":6,"progress":62}
[2024-11-22 02:38:02.535] [info]  Splash.onStateUpdate: {"status":"installing-updates","current":3,"total":6,"progress":62}
[2024-11-22 02:38:02.535] [info]  DiscordSplash.onStateUpdate: {"status":"installing-updates","current":3,"total":6,"progress":63}
[2024-11-22 02:38:02.535] [info]  Splash.onStateUpdate: {"status":"installing-updates","current":3,"total":6,"progress":63}
[2024-11-22 02:38:02.536] [info]  DiscordSplash.onStateUpdate: {"status":"installing-updates","current":3,"total":6,"progress":63}
[2024-11-22 02:38:02.536] [info]  Splash.onStateUpdate: {"status":"installing-updates","current":3,"total":6,"progress":63}
[2024-11-22 02:38:02.536] [info]  DiscordSplash.onStateUpdate: {"status":"installing-updates","current":3,"total":6,"progress":63}
[2024-11-22 02:38:02.536] [info]  Splash.onStateUpdate: {"status":"installing-updates","current":3,"total":6,"progress":63}
[2024-11-22 02:38:02.537] [info]  DiscordSplash.onStateUpdate: {"status":"installing-updates","current":3,"total":6,"progress":63}
[2024-11-22 02:38:02.537] [info]  Splash.onStateUpdate: {"status":"installing-updates","current":3,"total":6,"progress":63}
[2024-11-22 02:38:02.537] [info]  DiscordSplash.onStateUpdate: {"status":"installing-updates","current":3,"total":6,"progress":63}
[2024-11-22 02:38:02.537] [info]  Splash.onStateUpdate: {"status":"installing-updates","current":3,"total":6,"progress":63}
[2024-11-22 02:38:02.538] [info]  DiscordSplash.onStateUpdate: {"status":"installing-updates","current":3,"total":6,"progress":63}
[2024-11-22 02:38:02.538] [info]  Splash.onStateUpdate: {"status":"installing-updates","current":3,"total":6,"progress":63}
[2024-11-22 02:38:02.538] [info]  DiscordSplash.onStateUpdate: {"status":"installing-updates","current":3,"total":6,"progress":64}
[2024-11-22 02:38:02.538] [info]  Splash.onStateUpdate: {"status":"installing-updates","current":3,"total":6,"progress":64}
[2024-11-22 02:38:02.539] [info]  DiscordSplash.onStateUpdate: {"status":"installing-updates","current":3,"total":6,"progress":64}
[2024-11-22 02:38:02.539] [info]  Splash.onStateUpdate: {"status":"installing-updates","current":3,"total":6,"progress":64}
[2024-11-22 02:38:02.539] [info]  DiscordSplash.onStateUpdate: {"status":"installing-updates","current":3,"total":6,"progress":64}
[2024-11-22 02:38:02.539] [info]  Splash.onStateUpdate: {"status":"installing-updates","current":3,"total":6,"progress":64}
[2024-11-22 02:38:02.540] [info]  DiscordSplash.onStateUpdate: {"status":"installing-updates","current":3,"total":6,"progress":64}
[2024-11-22 02:38:02.540] [info]  Splash.onStateUpdate: {"status":"installing-updates","current":3,"total":6,"progress":64}
[2024-11-22 02:38:02.540] [info]  DiscordSplash.onStateUpdate: {"status":"installing-updates","current":3,"total":6,"progress":64}
[2024-11-22 02:38:02.540] [info]  Splash.onStateUpdate: {"status":"installing-updates","current":3,"total":6,"progress":64}
[2024-11-22 02:38:02.541] [info]  DiscordSplash.onStateUpdate: {"status":"installing-updates","current":3,"total":6,"progress":64}
[2024-11-22 02:38:02.541] [info]  Splash.onStateUpdate: {"status":"installing-updates","current":3,"total":6,"progress":64}
[2024-11-22 02:38:02.541] [info]  DiscordSplash.onStateUpdate: {"status":"installing-updates","current":3,"total":6,"progress":65}
[2024-11-22 02:38:02.541] [info]  Splash.onStateUpdate: {"status":"installing-updates","current":3,"total":6,"progress":65}
[2024-11-22 02:38:02.541] [info]  DiscordSplash.onStateUpdate: {"status":"installing-updates","current":3,"total":6,"progress":65}
[2024-11-22 02:38:02.541] [info]  Splash.onStateUpdate: {"status":"installing-updates","current":3,"total":6,"progress":65}
[2024-11-22 02:38:02.542] [info]  DiscordSplash.onStateUpdate: {"status":"installing-updates","current":3,"total":6,"progress":65}
[2024-11-22 02:38:02.542] [info]  Splash.onStateUpdate: {"status":"installing-updates","current":3,"total":6,"progress":65}
[2024-11-22 02:38:02.542] [info]  DiscordSplash.onStateUpdate: {"status":"installing-updates","current":3,"total":6,"progress":65}
[2024-11-22 02:38:02.542] [info]  Splash.onStateUpdate: {"status":"installing-updates","current":3,"total":6,"progress":65}
[2024-11-22 02:38:02.543] [info]  DiscordSplash.onStateUpdate: {"status":"installing-updates","current":3,"total":6,"progress":65}
[2024-11-22 02:38:02.543] [info]  Splash.onStateUpdate: {"status":"installing-updates","current":3,"total":6,"progress":65}
[2024-11-22 02:38:02.544] [info]  DiscordSplash.onStateUpdate: {"status":"installing-updates","current":3,"total":6,"progress":65}
[2024-11-22 02:38:02.544] [info]  Splash.onStateUpdate: {"status":"installing-updates","current":3,"total":6,"progress":65}
[2024-11-22 02:38:02.544] [info]  DiscordSplash.onStateUpdate: {"status":"installing-updates","current":3,"total":6,"progress":66}
[2024-11-22 02:38:02.544] [info]  Splash.onStateUpdate: {"status":"installing-updates","current":3,"total":6,"progress":66}
[2024-11-22 02:38:02.545] [info]  DiscordSplash.onStateUpdate: {"status":"installing-updates","current":3,"total":6,"progress":66}
[2024-11-22 02:38:02.545] [info]  Splash.onStateUpdate: {"status":"installing-updates","current":3,"total":6,"progress":66}
[2024-11-22 02:38:02.545] [info]  DiscordSplash.onStateUpdate: {"status":"installing-updates","current":3,"total":6,"progress":66}
[2024-11-22 02:38:02.546] [info]  Splash.onStateUpdate: {"status":"installing-updates","current":3,"total":6,"progress":66}
[2024-11-22 02:38:02.546] [info]  DiscordSplash.onStateUpdate: {"status":"installing-updates","current":3,"total":6,"progress":66}
[2024-11-22 02:38:02.546] [info]  Splash.onStateUpdate: {"status":"installing-updates","current":3,"total":6,"progress":66}
[2024-11-22 02:38:02.547] [info]  DiscordSplash.onStateUpdate: {"status":"installing-updates","current":3,"total":6,"progress":66}
[2024-11-22 02:38:02.547] [info]  Splash.onStateUpdate: {"status":"installing-updates","current":3,"total":6,"progress":66}
[2024-11-22 02:38:02.547] [info]  DiscordSplash.onStateUpdate: {"status":"installing-updates","current":3,"total":6,"progress":66}
[2024-11-22 02:38:02.547] [info]  Splash.onStateUpdate: {"status":"installing-updates","current":3,"total":6,"progress":66}
[2024-11-22 02:38:02.547] [info]  DiscordSplash.onStateUpdate: {"status":"installing-updates","current":3,"total":6,"progress":67}
[2024-11-22 02:38:02.548] [info]  Splash.onStateUpdate: {"status":"installing-updates","current":3,"total":6,"progress":67}
[2024-11-22 02:38:02.548] [info]  DiscordSplash.onStateUpdate: {"status":"installing-updates","current":3,"total":6,"progress":67}
[2024-11-22 02:38:02.548] [info]  Splash.onStateUpdate: {"status":"installing-updates","current":3,"total":6,"progress":67}
[2024-11-22 02:38:02.548] [info]  DiscordSplash.onStateUpdate: {"status":"installing-updates","current":3,"total":6,"progress":67}
[2024-11-22 02:38:02.548] [info]  Splash.onStateUpdate: {"status":"installing-updates","current":3,"total":6,"progress":67}
[2024-11-22 02:38:02.549] [info]  DiscordSplash.onStateUpdate: {"status":"installing-updates","current":3,"total":6,"progress":67}
[2024-11-22 02:38:02.549] [info]  Splash.onStateUpdate: {"status":"installing-updates","current":3,"total":6,"progress":67}
[2024-11-22 02:38:02.550] [info]  DiscordSplash.onStateUpdate: {"status":"installing-updates","current":3,"total":6,"progress":67}
[2024-11-22 02:38:02.550] [info]  Splash.onStateUpdate: {"status":"installing-updates","current":3,"total":6,"progress":67}
[2024-11-22 02:38:02.550] [info]  DiscordSplash.onStateUpdate: {"status":"installing-updates","current":3,"total":6,"progress":67}
[2024-11-22 02:38:02.550] [info]  Splash.onStateUpdate: {"status":"installing-updates","current":3,"total":6,"progress":67}
[2024-11-22 02:38:02.550] [info]  DiscordSplash.onStateUpdate: {"status":"installing-updates","current":3,"total":6,"progress":68}
[2024-11-22 02:38:02.550] [info]  Splash.onStateUpdate: {"status":"installing-updates","current":3,"total":6,"progress":68}
[2024-11-22 02:38:02.551] [info]  DiscordSplash.onStateUpdate: {"status":"installing-updates","current":3,"total":6,"progress":68}
[2024-11-22 02:38:02.551] [info]  Splash.onStateUpdate: {"status":"installing-updates","current":3,"total":6,"progress":68}
[2024-11-22 02:38:02.551] [info]  DiscordSplash.onStateUpdate: {"status":"installing-updates","current":3,"total":6,"progress":68}
[2024-11-22 02:38:02.551] [info]  Splash.onStateUpdate: {"status":"installing-updates","current":3,"total":6,"progress":68}
[2024-11-22 02:38:02.552] [info]  DiscordSplash.onStateUpdate: {"status":"installing-updates","current":3,"total":6,"progress":68}
[2024-11-22 02:38:02.552] [info]  Splash.onStateUpdate: {"status":"installing-updates","current":3,"total":6,"progress":68}
[2024-11-22 02:38:02.552] [info]  DiscordSplash.onStateUpdate: {"status":"installing-updates","current":3,"total":6,"progress":68}
[2024-11-22 02:38:02.552] [info]  Splash.onStateUpdate: {"status":"installing-updates","current":3,"total":6,"progress":68}
[2024-11-22 02:38:02.553] [info]  DiscordSplash.onStateUpdate: {"status":"installing-updates","current":3,"total":6,"progress":68}
[2024-11-22 02:38:02.553] [info]  Splash.onStateUpdate: {"status":"installing-updates","current":3,"total":6,"progress":68}
[2024-11-22 02:38:02.553] [info]  DiscordSplash.onStateUpdate: {"status":"installing-updates","current":3,"total":6,"progress":68}
[2024-11-22 02:38:02.553] [info]  Splash.onStateUpdate: {"status":"installing-updates","current":3,"total":6,"progress":68}
[2024-11-22 02:38:02.554] [info]  DiscordSplash.onStateUpdate: {"status":"installing-updates","current":3,"total":6,"progress":69}
[2024-11-22 02:38:02.554] [info]  Splash.onStateUpdate: {"status":"installing-updates","current":3,"total":6,"progress":69}
[2024-11-22 02:38:02.554] [info]  DiscordSplash.onStateUpdate: {"status":"installing-updates","current":3,"total":6,"progress":69}
[2024-11-22 02:38:02.554] [info]  Splash.onStateUpdate: {"status":"installing-updates","current":3,"total":6,"progress":69}
[2024-11-22 02:38:02.555] [info]  DiscordSplash.onStateUpdate: {"status":"installing-updates","current":3,"total":6,"progress":69}
[2024-11-22 02:38:02.555] [info]  Splash.onStateUpdate: {"status":"installing-updates","current":3,"total":6,"progress":69}
[2024-11-22 02:38:02.555] [info]  DiscordSplash.onStateUpdate: {"status":"installing-updates","current":3,"total":6,"progress":69}
[2024-11-22 02:38:02.555] [info]  Splash.onStateUpdate: {"status":"installing-updates","current":3,"total":6,"progress":69}
[2024-11-22 02:38:02.555] [info]  DiscordSplash.onStateUpdate: {"status":"installing-updates","current":3,"total":6,"progress":69}
[2024-11-22 02:38:02.555] [info]  Splash.onStateUpdate: {"status":"installing-updates","current":3,"total":6,"progress":69}
[2024-11-22 02:38:02.556] [info]  DiscordSplash.onStateUpdate: {"status":"installing-updates","current":3,"total":6,"progress":69}
[2024-11-22 02:38:02.556] [info]  Splash.onStateUpdate: {"status":"installing-updates","current":3,"total":6,"progress":69}
[2024-11-22 02:38:02.557] [info]  DiscordSplash.onStateUpdate: {"status":"installing-updates","current":3,"total":6,"progress":70}
[2024-11-22 02:38:02.557] [info]  Splash.onStateUpdate: {"status":"installing-updates","current":3,"total":6,"progress":70}
[2024-11-22 02:38:02.557] [info]  DiscordSplash.onStateUpdate: {"status":"installing-updates","current":3,"total":6,"progress":70}
[2024-11-22 02:38:02.557] [info]  Splash.onStateUpdate: {"status":"installing-updates","current":3,"total":6,"progress":70}
[2024-11-22 02:38:02.557] [info]  DiscordSplash.onStateUpdate: {"status":"installing-updates","current":3,"total":6,"progress":70}
[2024-11-22 02:38:02.557] [info]  Splash.onStateUpdate: {"status":"installing-updates","current":3,"total":6,"progress":70}
[2024-11-22 02:38:02.558] [info]  DiscordSplash.onStateUpdate: {"status":"installing-updates","current":3,"total":6,"progress":70}
[2024-11-22 02:38:02.558] [info]  Splash.onStateUpdate: {"status":"installing-updates","current":3,"total":6,"progress":70}
[2024-11-22 02:38:02.558] [info]  DiscordSplash.onStateUpdate: {"status":"installing-updates","current":3,"total":6,"progress":70}
[2024-11-22 02:38:02.558] [info]  Splash.onStateUpdate: {"status":"installing-updates","current":3,"total":6,"progress":70}
[2024-11-22 02:38:02.558] [info]  DiscordSplash.onStateUpdate: {"status":"installing-updates","current":3,"total":6,"progress":70}
[2024-11-22 02:38:02.559] [info]  Splash.onStateUpdate: {"status":"installing-updates","current":3,"total":6,"progress":70}
[2024-11-22 02:38:02.559] [info]  DiscordSplash.onStateUpdate: {"status":"installing-updates","current":3,"total":6,"progress":71}
[2024-11-22 02:38:02.559] [info]  Splash.onStateUpdate: {"status":"installing-updates","current":3,"total":6,"progress":71}
[2024-11-22 02:38:02.559] [info]  DiscordSplash.onStateUpdate: {"status":"installing-updates","current":3,"total":6,"progress":71}
[2024-11-22 02:38:02.559] [info]  Splash.onStateUpdate: {"status":"installing-updates","current":3,"total":6,"progress":71}
[2024-11-22 02:38:02.560] [info]  DiscordSplash.onStateUpdate: {"status":"installing-updates","current":3,"total":6,"progress":71}
[2024-11-22 02:38:02.560] [info]  Splash.onStateUpdate: {"status":"installing-updates","current":3,"total":6,"progress":71}
[2024-11-22 02:38:02.560] [info]  DiscordSplash.onStateUpdate: {"status":"installing-updates","current":3,"total":6,"progress":71}
[2024-11-22 02:38:02.560] [info]  Splash.onStateUpdate: {"status":"installing-updates","current":3,"total":6,"progress":71}
[2024-11-22 02:38:02.561] [info]  DiscordSplash.onStateUpdate: {"status":"installing-updates","current":3,"total":6,"progress":71}
[2024-11-22 02:38:02.561] [info]  Splash.onStateUpdate: {"status":"installing-updates","current":3,"total":6,"progress":71}
[2024-11-22 02:38:02.561] [info]  DiscordSplash.onStateUpdate: {"status":"installing-updates","current":3,"total":6,"progress":71}
[2024-11-22 02:38:02.561] [info]  Splash.onStateUpdate: {"status":"installing-updates","current":3,"total":6,"progress":71}
[2024-11-22 02:38:02.562] [info]  DiscordSplash.onStateUpdate: {"status":"installing-updates","current":3,"total":6,"progress":72}
[2024-11-22 02:38:02.562] [info]  Splash.onStateUpdate: {"status":"installing-updates","current":3,"total":6,"progress":72}
[2024-11-22 02:38:02.562] [info]  DiscordSplash.onStateUpdate: {"status":"installing-updates","current":3,"total":6,"progress":72}
[2024-11-22 02:38:02.562] [info]  Splash.onStateUpdate: {"status":"installing-updates","current":3,"total":6,"progress":72}
[2024-11-22 02:38:02.562] [info]  DiscordSplash.onStateUpdate: {"status":"installing-updates","current":3,"total":6,"progress":72}
[2024-11-22 02:38:02.563] [info]  Splash.onStateUpdate: {"status":"installing-updates","current":3,"total":6,"progress":72}
[2024-11-22 02:38:02.563] [info]  DiscordSplash.onStateUpdate: {"status":"installing-updates","current":3,"total":6,"progress":72}
[2024-11-22 02:38:02.563] [info]  Splash.onStateUpdate: {"status":"installing-updates","current":3,"total":6,"progress":72}
[2024-11-22 02:38:02.564] [info]  DiscordSplash.onStateUpdate: {"status":"installing-updates","current":3,"total":6,"progress":72}
[2024-11-22 02:38:02.564] [info]  Splash.onStateUpdate: {"status":"installing-updates","current":3,"total":6,"progress":72}
[2024-11-22 02:38:02.565] [info]  DiscordSplash.onStateUpdate: {"status":"installing-updates","current":3,"total":6,"progress":72}
[2024-11-22 02:38:02.565] [info]  Splash.onStateUpdate: {"status":"installing-updates","current":3,"total":6,"progress":72}
[2024-11-22 02:38:02.566] [info]  DiscordSplash.onStateUpdate: {"status":"installing-updates","current":3,"total":6,"progress":73}
[2024-11-22 02:38:02.566] [info]  Splash.onStateUpdate: {"status":"installing-updates","current":3,"total":6,"progress":73}
[2024-11-22 02:38:02.567] [info]  DiscordSplash.onStateUpdate: {"status":"installing-updates","current":3,"total":6,"progress":73}
[2024-11-22 02:38:02.567] [info]  Splash.onStateUpdate: {"status":"installing-updates","current":3,"total":6,"progress":73}
[2024-11-22 02:38:02.568] [info]  DiscordSplash.onStateUpdate: {"status":"installing-updates","current":3,"total":6,"progress":73}
[2024-11-22 02:38:02.568] [info]  Splash.onStateUpdate: {"status":"installing-updates","current":3,"total":6,"progress":73}
[2024-11-22 02:38:02.568] [info]  DiscordSplash.onStateUpdate: {"status":"installing-updates","current":3,"total":6,"progress":73}
[2024-11-22 02:38:02.568] [info]  Splash.onStateUpdate: {"status":"installing-updates","current":3,"total":6,"progress":73}
[2024-11-22 02:38:02.569] [info]  DiscordSplash.onStateUpdate: {"status":"installing-updates","current":3,"total":6,"progress":73}
[2024-11-22 02:38:02.569] [info]  Splash.onStateUpdate: {"status":"installing-updates","current":3,"total":6,"progress":73}
[2024-11-22 02:38:02.569] [info]  DiscordSplash.onStateUpdate: {"status":"installing-updates","current":3,"total":6,"progress":73}
[2024-11-22 02:38:02.569] [info]  Splash.onStateUpdate: {"status":"installing-updates","current":3,"total":6,"progress":73}
[2024-11-22 02:38:02.570] [info]  DiscordSplash.onStateUpdate: {"status":"installing-updates","current":3,"total":6,"progress":74}
[2024-11-22 02:38:02.570] [info]  Splash.onStateUpdate: {"status":"installing-updates","current":3,"total":6,"progress":74}
[2024-11-22 02:38:02.570] [info]  DiscordSplash.onStateUpdate: {"status":"installing-updates","current":3,"total":6,"progress":74}
[2024-11-22 02:38:02.570] [info]  Splash.onStateUpdate: {"status":"installing-updates","current":3,"total":6,"progress":74}
[2024-11-22 02:38:02.571] [info]  DiscordSplash.onStateUpdate: {"status":"installing-updates","current":3,"total":6,"progress":74}
[2024-11-22 02:38:02.571] [info]  Splash.onStateUpdate: {"status":"installing-updates","current":3,"total":6,"progress":74}
[2024-11-22 02:38:02.572] [info]  DiscordSplash.onStateUpdate: {"status":"installing-updates","current":3,"total":6,"progress":74}
[2024-11-22 02:38:02.572] [info]  Splash.onStateUpdate: {"status":"installing-updates","current":3,"total":6,"progress":74}
[2024-11-22 02:38:02.572] [info]  DiscordSplash.onStateUpdate: {"status":"installing-updates","current":3,"total":6,"progress":74}
[2024-11-22 02:38:02.572] [info]  Splash.onStateUpdate: {"status":"installing-updates","current":3,"total":6,"progress":74}
[2024-11-22 02:38:02.573] [info]  DiscordSplash.onStateUpdate: {"status":"installing-updates","current":3,"total":6,"progress":74}
[2024-11-22 02:38:02.573] [info]  Splash.onStateUpdate: {"status":"installing-updates","current":3,"total":6,"progress":74}
[2024-11-22 02:38:02.573] [info]  DiscordSplash.onStateUpdate: {"status":"installing-updates","current":3,"total":6,"progress":75}
[2024-11-22 02:38:02.573] [info]  Splash.onStateUpdate: {"status":"installing-updates","current":3,"total":6,"progress":75}
[2024-11-22 02:38:02.574] [info]  DiscordSplash.onStateUpdate: {"status":"installing-updates","current":3,"total":6,"progress":75}
[2024-11-22 02:38:02.574] [info]  Splash.onStateUpdate: {"status":"installing-updates","current":3,"total":6,"progress":75}
[2024-11-22 02:38:02.574] [info]  DiscordSplash.onStateUpdate: {"status":"installing-updates","current":3,"total":6,"progress":75}
[2024-11-22 02:38:02.574] [info]  Splash.onStateUpdate: {"status":"installing-updates","current":3,"total":6,"progress":75}
[2024-11-22 02:38:02.574] [info]  DiscordSplash.onStateUpdate: {"status":"installing-updates","current":3,"total":6,"progress":75}
[2024-11-22 02:38:02.575] [info]  Splash.onStateUpdate: {"status":"installing-updates","current":3,"total":6,"progress":75}
[2024-11-22 02:38:02.575] [info]  DiscordSplash.onStateUpdate: {"status":"installing-updates","current":3,"total":6,"progress":75}
[2024-11-22 02:38:02.575] [info]  Splash.onStateUpdate: {"status":"installing-updates","current":3,"total":6,"progress":75}
[2024-11-22 02:38:02.575] [info]  DiscordSplash.onStateUpdate: {"status":"installing-updates","current":3,"total":6,"progress":75}
[2024-11-22 02:38:02.575] [info]  Splash.onStateUpdate: {"status":"installing-updates","current":3,"total":6,"progress":75}
[2024-11-22 02:38:02.576] [info]  DiscordSplash.onStateUpdate: {"status":"installing-updates","current":3,"total":6,"progress":75}
[2024-11-22 02:38:02.576] [info]  Splash.onStateUpdate: {"status":"installing-updates","current":3,"total":6,"progress":75}
[2024-11-22 02:38:02.576] [info]  DiscordSplash.onStateUpdate: {"status":"installing-updates","current":3,"total":6,"progress":76}
[2024-11-22 02:38:02.576] [info]  Splash.onStateUpdate: {"status":"installing-updates","current":3,"total":6,"progress":76}
[2024-11-22 02:38:02.577] [info]  DiscordSplash.onStateUpdate: {"status":"installing-updates","current":3,"total":6,"progress":76}
[2024-11-22 02:38:02.577] [info]  Splash.onStateUpdate: {"status":"installing-updates","current":3,"total":6,"progress":76}
[2024-11-22 02:38:02.577] [info]  DiscordSplash.onStateUpdate: {"status":"installing-updates","current":3,"total":6,"progress":76}
[2024-11-22 02:38:02.577] [info]  Splash.onStateUpdate: {"status":"installing-updates","current":3,"total":6,"progress":76}
[2024-11-22 02:38:02.578] [info]  DiscordSplash.onStateUpdate: {"status":"installing-updates","current":3,"total":6,"progress":76}
[2024-11-22 02:38:02.578] [info]  Splash.onStateUpdate: {"status":"installing-updates","current":3,"total":6,"progress":76}
[2024-11-22 02:38:02.578] [info]  DiscordSplash.onStateUpdate: {"status":"installing-updates","current":3,"total":6,"progress":76}
[2024-11-22 02:38:02.578] [info]  Splash.onStateUpdate: {"status":"installing-updates","current":3,"total":6,"progress":76}
[2024-11-22 02:38:02.579] [info]  DiscordSplash.onStateUpdate: {"status":"installing-updates","current":3,"total":6,"progress":76}
[2024-11-22 02:38:02.579] [info]  Splash.onStateUpdate: {"status":"installing-updates","current":3,"total":6,"progress":76}
[2024-11-22 02:38:02.579] [info]  DiscordSplash.onStateUpdate: {"status":"installing-updates","current":3,"total":6,"progress":77}
[2024-11-22 02:38:02.579] [info]  Splash.onStateUpdate: {"status":"installing-updates","current":3,"total":6,"progress":77}
[2024-11-22 02:38:02.580] [info]  DiscordSplash.onStateUpdate: {"status":"installing-updates","current":3,"total":6,"progress":77}
[2024-11-22 02:38:02.580] [info]  Splash.onStateUpdate: {"status":"installing-updates","current":3,"total":6,"progress":77}
[2024-11-22 02:38:02.580] [info]  DiscordSplash.onStateUpdate: {"status":"installing-updates","current":3,"total":6,"progress":77}
[2024-11-22 02:38:02.580] [info]  Splash.onStateUpdate: {"status":"installing-updates","current":3,"total":6,"progress":77}
[2024-11-22 02:38:02.580] [info]  DiscordSplash.onStateUpdate: {"status":"installing-updates","current":3,"total":6,"progress":77}
[2024-11-22 02:38:02.580] [info]  Splash.onStateUpdate: {"status":"installing-updates","current":3,"total":6,"progress":77}
[2024-11-22 02:38:02.581] [info]  DiscordSplash.onStateUpdate: {"status":"installing-updates","current":3,"total":6,"progress":77}
[2024-11-22 02:38:02.581] [info]  Splash.onStateUpdate: {"status":"installing-updates","current":3,"total":6,"progress":77}
[2024-11-22 02:38:02.581] [info]  DiscordSplash.onStateUpdate: {"status":"installing-updates","current":3,"total":6,"progress":77}
[2024-11-22 02:38:02.581] [info]  Splash.onStateUpdate: {"status":"installing-updates","current":3,"total":6,"progress":77}
[2024-11-22 02:38:02.582] [info]  DiscordSplash.onStateUpdate: {"status":"installing-updates","current":3,"total":6,"progress":78}
[2024-11-22 02:38:02.582] [info]  Splash.onStateUpdate: {"status":"installing-updates","current":3,"total":6,"progress":78}
[2024-11-22 02:38:02.582] [info]  DiscordSplash.onStateUpdate: {"status":"installing-updates","current":3,"total":6,"progress":78}
[2024-11-22 02:38:02.582] [info]  Splash.onStateUpdate: {"status":"installing-updates","current":3,"total":6,"progress":78}
[2024-11-22 02:38:02.583] [info]  DiscordSplash.onStateUpdate: {"status":"installing-updates","current":3,"total":6,"progress":78}
[2024-11-22 02:38:02.583] [info]  Splash.onStateUpdate: {"status":"installing-updates","current":3,"total":6,"progress":78}
[2024-11-22 02:38:02.584] [info]  DiscordSplash.onStateUpdate: {"status":"installing-updates","current":3,"total":6,"progress":78}
[2024-11-22 02:38:02.584] [info]  Splash.onStateUpdate: {"status":"installing-updates","current":3,"total":6,"progress":78}
[2024-11-22 02:38:02.585] [info]  DiscordSplash.onStateUpdate: {"status":"installing-updates","current":3,"total":6,"progress":78}
[2024-11-22 02:38:02.585] [info]  Splash.onStateUpdate: {"status":"installing-updates","current":3,"total":6,"progress":78}
[2024-11-22 02:38:02.585] [info]  DiscordSplash.onStateUpdate: {"status":"installing-updates","current":3,"total":6,"progress":78}
[2024-11-22 02:38:02.585] [info]  Splash.onStateUpdate: {"status":"installing-updates","current":3,"total":6,"progress":78}
[2024-11-22 02:38:02.586] [info]  DiscordSplash.onStateUpdate: {"status":"installing-updates","current":3,"total":6,"progress":79}
[2024-11-22 02:38:02.586] [info]  Splash.onStateUpdate: {"status":"installing-updates","current":3,"total":6,"progress":79}
[2024-11-22 02:38:02.586] [info]  DiscordSplash.onStateUpdate: {"status":"installing-updates","current":3,"total":6,"progress":79}
[2024-11-22 02:38:02.586] [info]  Splash.onStateUpdate: {"status":"installing-updates","current":3,"total":6,"progress":79}
[2024-11-22 02:38:02.587] [info]  DiscordSplash.onStateUpdate: {"status":"installing-updates","current":3,"total":6,"progress":79}
[2024-11-22 02:38:02.587] [info]  Splash.onStateUpdate: {"status":"installing-updates","current":3,"total":6,"progress":79}
[2024-11-22 02:38:02.587] [info]  DiscordSplash.onStateUpdate: {"status":"installing-updates","current":3,"total":6,"progress":79}
[2024-11-22 02:38:02.587] [info]  Splash.onStateUpdate: {"status":"installing-updates","current":3,"total":6,"progress":79}
[2024-11-22 02:38:02.588] [info]  DiscordSplash.onStateUpdate: {"status":"installing-updates","current":3,"total":6,"progress":79}
[2024-11-22 02:38:02.588] [info]  Splash.onStateUpdate: {"status":"installing-updates","current":3,"total":6,"progress":79}
[2024-11-22 02:38:02.588] [info]  DiscordSplash.onStateUpdate: {"status":"installing-updates","current":3,"total":6,"progress":79}
[2024-11-22 02:38:02.588] [info]  Splash.onStateUpdate: {"status":"installing-updates","current":3,"total":6,"progress":79}
[2024-11-22 02:38:02.588] [info]  DiscordSplash.onStateUpdate: {"status":"installing-updates","current":3,"total":6,"progress":80}
[2024-11-22 02:38:02.588] [info]  Splash.onStateUpdate: {"status":"installing-updates","current":3,"total":6,"progress":80}
[2024-11-22 02:38:02.589] [info]  DiscordSplash.onStateUpdate: {"status":"installing-updates","current":3,"total":6,"progress":80}
[2024-11-22 02:38:02.589] [info]  Splash.onStateUpdate: {"status":"installing-updates","current":3,"total":6,"progress":80}
[2024-11-22 02:38:02.589] [info]  DiscordSplash.onStateUpdate: {"status":"installing-updates","current":3,"total":6,"progress":80}
[2024-11-22 02:38:02.589] [info]  Splash.onStateUpdate: {"status":"installing-updates","current":3,"total":6,"progress":80}
[2024-11-22 02:38:02.590] [info]  DiscordSplash.onStateUpdate: {"status":"installing-updates","current":3,"total":6,"progress":80}
[2024-11-22 02:38:02.590] [info]  Splash.onStateUpdate: {"status":"installing-updates","current":3,"total":6,"progress":80}
[2024-11-22 02:38:02.590] [info]  DiscordSplash.onStateUpdate: {"status":"installing-updates","current":3,"total":6,"progress":80}
[2024-11-22 02:38:02.590] [info]  Splash.onStateUpdate: {"status":"installing-updates","current":3,"total":6,"progress":80}
[2024-11-22 02:38:02.591] [info]  DiscordSplash.onStateUpdate: {"status":"installing-updates","current":3,"total":6,"progress":80}
[2024-11-22 02:38:02.591] [info]  Splash.onStateUpdate: {"status":"installing-updates","current":3,"total":6,"progress":80}
[2024-11-22 02:38:02.592] [info]  DiscordSplash.onStateUpdate: {"status":"installing-updates","current":3,"total":6,"progress":81}
[2024-11-22 02:38:02.592] [info]  Splash.onStateUpdate: {"status":"installing-updates","current":3,"total":6,"progress":81}
[2024-11-22 02:38:02.592] [info]  DiscordSplash.onStateUpdate: {"status":"installing-updates","current":3,"total":6,"progress":81}
[2024-11-22 02:38:02.592] [info]  Splash.onStateUpdate: {"status":"installing-updates","current":3,"total":6,"progress":81}
[2024-11-22 02:38:02.592] [info]  DiscordSplash.onStateUpdate: {"status":"installing-updates","current":3,"total":6,"progress":81}
[2024-11-22 02:38:02.593] [info]  Splash.onStateUpdate: {"status":"installing-updates","current":3,"total":6,"progress":81}
[2024-11-22 02:38:02.593] [info]  DiscordSplash.onStateUpdate: {"status":"installing-updates","current":3,"total":6,"progress":81}
[2024-11-22 02:38:02.593] [info]  Splash.onStateUpdate: {"status":"installing-updates","current":3,"total":6,"progress":81}
[2024-11-22 02:38:02.593] [info]  DiscordSplash.onStateUpdate: {"status":"installing-updates","current":3,"total":6,"progress":81}
[2024-11-22 02:38:02.594] [info]  Splash.onStateUpdate: {"status":"installing-updates","current":3,"total":6,"progress":81}
[2024-11-22 02:38:02.594] [info]  DiscordSplash.onStateUpdate: {"status":"installing-updates","current":3,"total":6,"progress":81}
[2024-11-22 02:38:02.594] [info]  Splash.onStateUpdate: {"status":"installing-updates","current":3,"total":6,"progress":81}
[2024-11-22 02:38:02.595] [info]  DiscordSplash.onStateUpdate: {"status":"installing-updates","current":3,"total":6,"progress":81}
[2024-11-22 02:38:02.595] [info]  Splash.onStateUpdate: {"status":"installing-updates","current":3,"total":6,"progress":81}
[2024-11-22 02:38:02.595] [info]  DiscordSplash.onStateUpdate: {"status":"installing-updates","current":3,"total":6,"progress":82}
[2024-11-22 02:38:02.596] [info]  Splash.onStateUpdate: {"status":"installing-updates","current":3,"total":6,"progress":82}
[2024-11-22 02:38:02.596] [info]  DiscordSplash.onStateUpdate: {"status":"installing-updates","current":3,"total":6,"progress":82}
[2024-11-22 02:38:02.596] [info]  Splash.onStateUpdate: {"status":"installing-updates","current":3,"total":6,"progress":82}
[2024-11-22 02:38:02.597] [info]  DiscordSplash.onStateUpdate: {"status":"installing-updates","current":3,"total":6,"progress":82}
[2024-11-22 02:38:02.597] [info]  Splash.onStateUpdate: {"status":"installing-updates","current":3,"total":6,"progress":82}
[2024-11-22 02:38:02.597] [info]  DiscordSplash.onStateUpdate: {"status":"installing-updates","current":3,"total":6,"progress":82}
[2024-11-22 02:38:02.598] [info]  Splash.onStateUpdate: {"status":"installing-updates","current":3,"total":6,"progress":82}
[2024-11-22 02:38:02.599] [info]  DiscordSplash.onStateUpdate: {"status":"installing-updates","current":3,"total":6,"progress":82}
[2024-11-22 02:38:02.599] [info]  Splash.onStateUpdate: {"status":"installing-updates","current":3,"total":6,"progress":82}
[2024-11-22 02:38:02.599] [info]  DiscordSplash.onStateUpdate: {"status":"installing-updates","current":3,"total":6,"progress":82}
[2024-11-22 02:38:02.599] [info]  Splash.onStateUpdate: {"status":"installing-updates","current":3,"total":6,"progress":82}
[2024-11-22 02:38:02.600] [info]  DiscordSplash.onStateUpdate: {"status":"installing-updates","current":3,"total":6,"progress":83}
[2024-11-22 02:38:02.600] [info]  Splash.onStateUpdate: {"status":"installing-updates","current":3,"total":6,"progress":83}
[2024-11-22 02:38:02.600] [info]  DiscordSplash.onStateUpdate: {"status":"installing-updates","current":3,"total":6,"progress":83}
[2024-11-22 02:38:02.600] [info]  Splash.onStateUpdate: {"status":"installing-updates","current":3,"total":6,"progress":83}
[2024-11-22 02:38:02.601] [info]  DiscordSplash.onStateUpdate: {"status":"installing-updates","current":3,"total":6,"progress":83}
[2024-11-22 02:38:02.601] [info]  Splash.onStateUpdate: {"status":"installing-updates","current":3,"total":6,"progress":83}
[2024-11-22 02:38:02.601] [info]  DiscordSplash.onStateUpdate: {"status":"installing-updates","current":3,"total":6,"progress":83}
[2024-11-22 02:38:02.601] [info]  Splash.onStateUpdate: {"status":"installing-updates","current":3,"total":6,"progress":83}
[2024-11-22 02:38:02.601] [info]  DiscordSplash.onStateUpdate: {"status":"installing-updates","current":3,"total":6,"progress":83}
[2024-11-22 02:38:02.601] [info]  Splash.onStateUpdate: {"status":"installing-updates","current":3,"total":6,"progress":83}
[2024-11-22 02:38:02.602] [info]  DiscordSplash.onStateUpdate: {"status":"installing-updates","current":3,"total":6,"progress":83}
[2024-11-22 02:38:02.602] [info]  Splash.onStateUpdate: {"status":"installing-updates","current":3,"total":6,"progress":83}
[2024-11-22 02:38:02.602] [info]  DiscordSplash.onStateUpdate: {"status":"installing-updates","current":3,"total":6,"progress":84}
[2024-11-22 02:38:02.602] [info]  Splash.onStateUpdate: {"status":"installing-updates","current":3,"total":6,"progress":84}
[2024-11-22 02:38:02.603] [info]  DiscordSplash.onStateUpdate: {"status":"installing-updates","current":3,"total":6,"progress":84}
[2024-11-22 02:38:02.603] [info]  Splash.onStateUpdate: {"status":"installing-updates","current":3,"total":6,"progress":84}
[2024-11-22 02:38:02.603] [info]  DiscordSplash.onStateUpdate: {"status":"installing-updates","current":3,"total":6,"progress":84}
[2024-11-22 02:38:02.603] [info]  Splash.onStateUpdate: {"status":"installing-updates","current":3,"total":6,"progress":84}
[2024-11-22 02:38:02.604] [info]  DiscordSplash.onStateUpdate: {"status":"installing-updates","current":3,"total":6,"progress":84}
[2024-11-22 02:38:02.604] [info]  Splash.onStateUpdate: {"status":"installing-updates","current":3,"total":6,"progress":84}
[2024-11-22 02:38:02.604] [info]  DiscordSplash.onStateUpdate: {"status":"installing-updates","current":3,"total":6,"progress":84}
[2024-11-22 02:38:02.604] [info]  Splash.onStateUpdate: {"status":"installing-updates","current":3,"total":6,"progress":84}
[2024-11-22 02:38:02.604] [info]  DiscordSplash.onStateUpdate: {"status":"installing-updates","current":3,"total":6,"progress":84}
[2024-11-22 02:38:02.604] [info]  Splash.onStateUpdate: {"status":"installing-updates","current":3,"total":6,"progress":84}
[2024-11-22 02:38:02.605] [info]  DiscordSplash.onStateUpdate: {"status":"installing-updates","current":3,"total":6,"progress":85}
[2024-11-22 02:38:02.605] [info]  Splash.onStateUpdate: {"status":"installing-updates","current":3,"total":6,"progress":85}
[2024-11-22 02:38:02.606] [info]  DiscordSplash.onStateUpdate: {"status":"installing-updates","current":3,"total":6,"progress":85}
[2024-11-22 02:38:02.606] [info]  Splash.onStateUpdate: {"status":"installing-updates","current":3,"total":6,"progress":85}
[2024-11-22 02:38:02.606] [info]  DiscordSplash.onStateUpdate: {"status":"installing-updates","current":3,"total":6,"progress":85}
[2024-11-22 02:38:02.606] [info]  Splash.onStateUpdate: {"status":"installing-updates","current":3,"total":6,"progress":85}
[2024-11-22 02:38:02.606] [info]  DiscordSplash.onStateUpdate: {"status":"installing-updates","current":3,"total":6,"progress":85}
[2024-11-22 02:38:02.606] [info]  Splash.onStateUpdate: {"status":"installing-updates","current":3,"total":6,"progress":85}
[2024-11-22 02:38:02.607] [info]  DiscordSplash.onStateUpdate: {"status":"installing-updates","current":3,"total":6,"progress":85}
[2024-11-22 02:38:02.607] [info]  Splash.onStateUpdate: {"status":"installing-updates","current":3,"total":6,"progress":85}
[2024-11-22 02:38:02.607] [info]  DiscordSplash.onStateUpdate: {"status":"installing-updates","current":3,"total":6,"progress":85}
[2024-11-22 02:38:02.607] [info]  Splash.onStateUpdate: {"status":"installing-updates","current":3,"total":6,"progress":85}
[2024-11-22 02:38:02.608] [info]  DiscordSplash.onStateUpdate: {"status":"installing-updates","current":3,"total":6,"progress":86}
[2024-11-22 02:38:02.608] [info]  Splash.onStateUpdate: {"status":"installing-updates","current":3,"total":6,"progress":86}
[2024-11-22 02:38:02.608] [info]  DiscordSplash.onStateUpdate: {"status":"installing-updates","current":3,"total":6,"progress":86}
[2024-11-22 02:38:02.608] [info]  Splash.onStateUpdate: {"status":"installing-updates","current":3,"total":6,"progress":86}
[2024-11-22 02:38:02.608] [info]  DiscordSplash.onStateUpdate: {"status":"installing-updates","current":3,"total":6,"progress":86}
[2024-11-22 02:38:02.608] [info]  Splash.onStateUpdate: {"status":"installing-updates","current":3,"total":6,"progress":86}
[2024-11-22 02:38:02.609] [info]  DiscordSplash.onStateUpdate: {"status":"installing-updates","current":3,"total":6,"progress":86}
[2024-11-22 02:38:02.609] [info]  Splash.onStateUpdate: {"status":"installing-updates","current":3,"total":6,"progress":86}
[2024-11-22 02:38:02.609] [info]  DiscordSplash.onStateUpdate: {"status":"installing-updates","current":3,"total":6,"progress":86}
[2024-11-22 02:38:02.609] [info]  Splash.onStateUpdate: {"status":"installing-updates","current":3,"total":6,"progress":86}
[2024-11-22 02:38:02.610] [info]  DiscordSplash.onStateUpdate: {"status":"installing-updates","current":3,"total":6,"progress":86}
[2024-11-22 02:38:02.610] [info]  Splash.onStateUpdate: {"status":"installing-updates","current":3,"total":6,"progress":86}
[2024-11-22 02:38:02.610] [info]  DiscordSplash.onStateUpdate: {"status":"installing-updates","current":3,"total":6,"progress":87}
[2024-11-22 02:38:02.610] [info]  Splash.onStateUpdate: {"status":"installing-updates","current":3,"total":6,"progress":87}
[2024-11-22 02:38:02.610] [info]  DiscordSplash.onStateUpdate: {"status":"installing-updates","current":3,"total":6,"progress":87}
[2024-11-22 02:38:02.610] [info]  Splash.onStateUpdate: {"status":"installing-updates","current":3,"total":6,"progress":87}
[2024-11-22 02:38:02.611] [info]  DiscordSplash.onStateUpdate: {"status":"installing-updates","current":3,"total":6,"progress":87}
[2024-11-22 02:38:02.611] [info]  Splash.onStateUpdate: {"status":"installing-updates","current":3,"total":6,"progress":87}
[2024-11-22 02:38:02.659] [info]  DiscordSplash.onStateUpdate: {"status":"installing-updates","current":3,"total":6,"progress":87}
[2024-11-22 02:38:02.659] [info]  Splash.onStateUpdate: {"status":"installing-updates","current":3,"total":6,"progress":87}
[2024-11-22 02:38:02.703] [info]  DiscordSplash.onStateUpdate: {"status":"installing-updates","current":3,"total":6,"progress":87}
[2024-11-22 02:38:02.703] [info]  Splash.onStateUpdate: {"status":"installing-updates","current":3,"total":6,"progress":87}
[2024-11-22 02:38:02.704] [info]  DiscordSplash.onStateUpdate: {"status":"installing-updates","current":3,"total":6,"progress":87}
[2024-11-22 02:38:02.704] [info]  Splash.onStateUpdate: {"status":"installing-updates","current":3,"total":6,"progress":87}
[2024-11-22 02:38:02.704] [info]  DiscordSplash.onStateUpdate: {"status":"installing-updates","current":3,"total":6,"progress":87}
[2024-11-22 02:38:02.704] [info]  Splash.onStateUpdate: {"status":"installing-updates","current":3,"total":6,"progress":87}
[2024-11-22 02:38:02.704] [info]  DiscordSplash.onStateUpdate: {"status":"installing-updates","current":3,"total":6,"progress":88}
[2024-11-22 02:38:02.704] [info]  Splash.onStateUpdate: {"status":"installing-updates","current":3,"total":6,"progress":88}
[2024-11-22 02:38:02.705] [info]  DiscordSplash.onStateUpdate: {"status":"installing-updates","current":3,"total":6,"progress":88}
[2024-11-22 02:38:02.705] [info]  Splash.onStateUpdate: {"status":"installing-updates","current":3,"total":6,"progress":88}
[2024-11-22 02:38:02.706] [info]  DiscordSplash.onStateUpdate: {"status":"installing-updates","current":3,"total":6,"progress":88}
[2024-11-22 02:38:02.706] [info]  Splash.onStateUpdate: {"status":"installing-updates","current":3,"total":6,"progress":88}
[2024-11-22 02:38:02.706] [info]  DiscordSplash.onStateUpdate: {"status":"installing-updates","current":3,"total":6,"progress":88}
[2024-11-22 02:38:02.706] [info]  Splash.onStateUpdate: {"status":"installing-updates","current":3,"total":6,"progress":88}
[2024-11-22 02:38:02.707] [info]  DiscordSplash.onStateUpdate: {"status":"installing-updates","current":3,"total":6,"progress":88}
[2024-11-22 02:38:02.707] [info]  Splash.onStateUpdate: {"status":"installing-updates","current":3,"total":6,"progress":88}
[2024-11-22 02:38:02.707] [info]  DiscordSplash.onStateUpdate: {"status":"installing-updates","current":3,"total":6,"progress":88}
[2024-11-22 02:38:02.707] [info]  Splash.onStateUpdate: {"status":"installing-updates","current":3,"total":6,"progress":88}
[2024-11-22 02:38:02.708] [info]  DiscordSplash.onStateUpdate: {"status":"installing-updates","current":3,"total":6,"progress":89}
[2024-11-22 02:38:02.708] [info]  Splash.onStateUpdate: {"status":"installing-updates","current":3,"total":6,"progress":89}
[2024-11-22 02:38:02.708] [info]  DiscordSplash.onStateUpdate: {"status":"installing-updates","current":3,"total":6,"progress":89}
[2024-11-22 02:38:02.708] [info]  Splash.onStateUpdate: {"status":"installing-updates","current":3,"total":6,"progress":89}
[2024-11-22 02:38:02.708] [info]  DiscordSplash.onStateUpdate: {"status":"installing-updates","current":3,"total":6,"progress":89}
[2024-11-22 02:38:02.709] [info]  Splash.onStateUpdate: {"status":"installing-updates","current":3,"total":6,"progress":89}
[2024-11-22 02:38:02.709] [info]  DiscordSplash.onStateUpdate: {"status":"installing-updates","current":3,"total":6,"progress":89}
[2024-11-22 02:38:02.709] [info]  Splash.onStateUpdate: {"status":"installing-updates","current":3,"total":6,"progress":89}
[2024-11-22 02:38:02.709] [info]  DiscordSplash.onStateUpdate: {"status":"installing-updates","current":3,"total":6,"progress":89}
[2024-11-22 02:38:02.710] [info]  Splash.onStateUpdate: {"status":"installing-updates","current":3,"total":6,"progress":89}
[2024-11-22 02:38:02.710] [info]  DiscordSplash.onStateUpdate: {"status":"installing-updates","current":3,"total":6,"progress":89}
[2024-11-22 02:38:02.710] [info]  Splash.onStateUpdate: {"status":"installing-updates","current":3,"total":6,"progress":89}
[2024-11-22 02:38:02.710] [info]  DiscordSplash.onStateUpdate: {"status":"installing-updates","current":3,"total":6,"progress":90}
[2024-11-22 02:38:02.710] [info]  Splash.onStateUpdate: {"status":"installing-updates","current":3,"total":6,"progress":90}
[2024-11-22 02:38:02.711] [info]  DiscordSplash.onStateUpdate: {"status":"installing-updates","current":3,"total":6,"progress":90}
[2024-11-22 02:38:02.711] [info]  Splash.onStateUpdate: {"status":"installing-updates","current":3,"total":6,"progress":90}
[2024-11-22 02:38:02.711] [info]  DiscordSplash.onStateUpdate: {"status":"installing-updates","current":3,"total":6,"progress":90}
[2024-11-22 02:38:02.711] [info]  Splash.onStateUpdate: {"status":"installing-updates","current":3,"total":6,"progress":90}
[2024-11-22 02:38:02.712] [info]  DiscordSplash.onStateUpdate: {"status":"installing-updates","current":3,"total":6,"progress":90}
[2024-11-22 02:38:02.712] [info]  Splash.onStateUpdate: {"status":"installing-updates","current":3,"total":6,"progress":90}
[2024-11-22 02:38:02.712] [info]  DiscordSplash.onStateUpdate: {"status":"installing-updates","current":3,"total":6,"progress":90}
[2024-11-22 02:38:02.712] [info]  Splash.onStateUpdate: {"status":"installing-updates","current":3,"total":6,"progress":90}
[2024-11-22 02:38:02.713] [info]  DiscordSplash.onStateUpdate: {"status":"installing-updates","current":3,"total":6,"progress":90}
[2024-11-22 02:38:02.713] [info]  Splash.onStateUpdate: {"status":"installing-updates","current":3,"total":6,"progress":90}
[2024-11-22 02:38:02.714] [info]  DiscordSplash.onStateUpdate: {"status":"installing-updates","current":3,"total":6,"progress":91}
[2024-11-22 02:38:02.714] [info]  Splash.onStateUpdate: {"status":"installing-updates","current":3,"total":6,"progress":91}
[2024-11-22 02:38:02.714] [info]  DiscordSplash.onStateUpdate: {"status":"installing-updates","current":3,"total":6,"progress":91}
[2024-11-22 02:38:02.714] [info]  Splash.onStateUpdate: {"status":"installing-updates","current":3,"total":6,"progress":91}
[2024-11-22 02:38:02.714] [info]  DiscordSplash.onStateUpdate: {"status":"installing-updates","current":3,"total":6,"progress":91}
[2024-11-22 02:38:02.714] [info]  Splash.onStateUpdate: {"status":"installing-updates","current":3,"total":6,"progress":91}
[2024-11-22 02:38:02.715] [info]  DiscordSplash.onStateUpdate: {"status":"installing-updates","current":3,"total":6,"progress":91}
[2024-11-22 02:38:02.715] [info]  Splash.onStateUpdate: {"status":"installing-updates","current":3,"total":6,"progress":91}
[2024-11-22 02:38:02.716] [info]  DiscordSplash.onStateUpdate: {"status":"installing-updates","current":3,"total":6,"progress":91}
[2024-11-22 02:38:02.716] [info]  Splash.onStateUpdate: {"status":"installing-updates","current":3,"total":6,"progress":91}
[2024-11-22 02:38:02.716] [info]  DiscordSplash.onStateUpdate: {"status":"installing-updates","current":3,"total":6,"progress":91}
[2024-11-22 02:38:02.716] [info]  Splash.onStateUpdate: {"status":"installing-updates","current":3,"total":6,"progress":91}
[2024-11-22 02:38:02.717] [info]  DiscordSplash.onStateUpdate: {"status":"installing-updates","current":3,"total":6,"progress":92}
[2024-11-22 02:38:02.717] [info]  Splash.onStateUpdate: {"status":"installing-updates","current":3,"total":6,"progress":92}
[2024-11-22 02:38:02.718] [info]  DiscordSplash.onStateUpdate: {"status":"installing-updates","current":3,"total":6,"progress":92}
[2024-11-22 02:38:02.718] [info]  Splash.onStateUpdate: {"status":"installing-updates","current":3,"total":6,"progress":92}
[2024-11-22 02:38:02.718] [info]  DiscordSplash.onStateUpdate: {"status":"installing-updates","current":3,"total":6,"progress":92}
[2024-11-22 02:38:02.719] [info]  Splash.onStateUpdate: {"status":"installing-updates","current":3,"total":6,"progress":92}
[2024-11-22 02:38:02.719] [info]  DiscordSplash.onStateUpdate: {"status":"installing-updates","current":3,"total":6,"progress":92}
[2024-11-22 02:38:02.719] [info]  Splash.onStateUpdate: {"status":"installing-updates","current":3,"total":6,"progress":92}
[2024-11-22 02:38:02.720] [info]  DiscordSplash.onStateUpdate: {"status":"installing-updates","current":3,"total":6,"progress":92}
[2024-11-22 02:38:02.720] [info]  Splash.onStateUpdate: {"status":"installing-updates","current":3,"total":6,"progress":92}
[2024-11-22 02:38:02.720] [info]  DiscordSplash.onStateUpdate: {"status":"installing-updates","current":3,"total":6,"progress":92}
[2024-11-22 02:38:02.720] [info]  Splash.onStateUpdate: {"status":"installing-updates","current":3,"total":6,"progress":92}
[2024-11-22 02:38:02.721] [info]  DiscordSplash.onStateUpdate: {"status":"installing-updates","current":3,"total":6,"progress":93}
[2024-11-22 02:38:02.721] [info]  Splash.onStateUpdate: {"status":"installing-updates","current":3,"total":6,"progress":93}
[2024-11-22 02:38:02.722] [info]  DiscordSplash.onStateUpdate: {"status":"installing-updates","current":3,"total":6,"progress":93}
[2024-11-22 02:38:02.722] [info]  Splash.onStateUpdate: {"status":"installing-updates","current":3,"total":6,"progress":93}
[2024-11-22 02:38:02.723] [info]  DiscordSplash.onStateUpdate: {"status":"installing-updates","current":3,"total":6,"progress":93}
[2024-11-22 02:38:02.723] [info]  Splash.onStateUpdate: {"status":"installing-updates","current":3,"total":6,"progress":93}
[2024-11-22 02:38:02.723] [info]  DiscordSplash.onStateUpdate: {"status":"installing-updates","current":3,"total":6,"progress":93}
[2024-11-22 02:38:02.723] [info]  Splash.onStateUpdate: {"status":"installing-updates","current":3,"total":6,"progress":93}
[2024-11-22 02:38:02.724] [info]  DiscordSplash.onStateUpdate: {"status":"installing-updates","current":3,"total":6,"progress":93}
[2024-11-22 02:38:02.724] [info]  Splash.onStateUpdate: {"status":"installing-updates","current":3,"total":6,"progress":93}
[2024-11-22 02:38:02.724] [info]  DiscordSplash.onStateUpdate: {"status":"installing-updates","current":3,"total":6,"progress":93}
[2024-11-22 02:38:02.724] [info]  Splash.onStateUpdate: {"status":"installing-updates","current":3,"total":6,"progress":93}
[2024-11-22 02:38:02.725] [info]  DiscordSplash.onStateUpdate: {"status":"installing-updates","current":3,"total":6,"progress":93}
[2024-11-22 02:38:02.725] [info]  Splash.onStateUpdate: {"status":"installing-updates","current":3,"total":6,"progress":93}
[2024-11-22 02:38:02.725] [info]  DiscordSplash.onStateUpdate: {"status":"installing-updates","current":3,"total":6,"progress":94}
[2024-11-22 02:38:02.725] [info]  Splash.onStateUpdate: {"status":"installing-updates","current":3,"total":6,"progress":94}
[2024-11-22 02:38:02.726] [info]  DiscordSplash.onStateUpdate: {"status":"installing-updates","current":3,"total":6,"progress":94}
[2024-11-22 02:38:02.726] [info]  Splash.onStateUpdate: {"status":"installing-updates","current":3,"total":6,"progress":94}
[2024-11-22 02:38:02.726] [info]  DiscordSplash.onStateUpdate: {"status":"installing-updates","current":3,"total":6,"progress":94}
[2024-11-22 02:38:02.726] [info]  Splash.onStateUpdate: {"status":"installing-updates","current":3,"total":6,"progress":94}
[2024-11-22 02:38:02.727] [info]  DiscordSplash.onStateUpdate: {"status":"installing-updates","current":3,"total":6,"progress":94}
[2024-11-22 02:38:02.727] [info]  Splash.onStateUpdate: {"status":"installing-updates","current":3,"total":6,"progress":94}
[2024-11-22 02:38:02.727] [info]  DiscordSplash.onStateUpdate: {"status":"installing-updates","current":3,"total":6,"progress":94}
[2024-11-22 02:38:02.727] [info]  Splash.onStateUpdate: {"status":"installing-updates","current":3,"total":6,"progress":94}
[2024-11-22 02:38:02.728] [info]  DiscordSplash.onStateUpdate: {"status":"installing-updates","current":3,"total":6,"progress":94}
[2024-11-22 02:38:02.728] [info]  Splash.onStateUpdate: {"status":"installing-updates","current":3,"total":6,"progress":94}
[2024-11-22 02:38:02.728] [info]  DiscordSplash.onStateUpdate: {"status":"installing-updates","current":3,"total":6,"progress":95}
[2024-11-22 02:38:02.728] [info]  Splash.onStateUpdate: {"status":"installing-updates","current":3,"total":6,"progress":95}
[2024-11-22 02:38:02.729] [info]  DiscordSplash.onStateUpdate: {"status":"installing-updates","current":3,"total":6,"progress":95}
[2024-11-22 02:38:02.729] [info]  Splash.onStateUpdate: {"status":"installing-updates","current":3,"total":6,"progress":95}
[2024-11-22 02:38:02.729] [info]  DiscordSplash.onStateUpdate: {"status":"installing-updates","current":3,"total":6,"progress":95}
[2024-11-22 02:38:02.729] [info]  Splash.onStateUpdate: {"status":"installing-updates","current":3,"total":6,"progress":95}
[2024-11-22 02:38:02.730] [info]  DiscordSplash.onStateUpdate: {"status":"installing-updates","current":3,"total":6,"progress":95}
[2024-11-22 02:38:02.730] [info]  Splash.onStateUpdate: {"status":"installing-updates","current":3,"total":6,"progress":95}
[2024-11-22 02:38:02.731] [info]  DiscordSplash.onStateUpdate: {"status":"installing-updates","current":3,"total":6,"progress":95}
[2024-11-22 02:38:02.731] [info]  Splash.onStateUpdate: {"status":"installing-updates","current":3,"total":6,"progress":95}
[2024-11-22 02:38:02.732] [info]  DiscordSplash.onStateUpdate: {"status":"installing-updates","current":3,"total":6,"progress":95}
[2024-11-22 02:38:02.732] [info]  Splash.onStateUpdate: {"status":"installing-updates","current":3,"total":6,"progress":95}
[2024-11-22 02:38:02.733] [info]  DiscordSplash.onStateUpdate: {"status":"installing-updates","current":3,"total":6,"progress":96}
[2024-11-22 02:38:02.733] [info]  Splash.onStateUpdate: {"status":"installing-updates","current":3,"total":6,"progress":96}
[2024-11-22 02:38:02.733] [info]  DiscordSplash.onStateUpdate: {"status":"installing-updates","current":3,"total":6,"progress":96}
[2024-11-22 02:38:02.733] [info]  Splash.onStateUpdate: {"status":"installing-updates","current":3,"total":6,"progress":96}
[2024-11-22 02:38:02.733] [info]  DiscordSplash.onStateUpdate: {"status":"installing-updates","current":3,"total":6,"progress":96}
[2024-11-22 02:38:02.734] [info]  Splash.onStateUpdate: {"status":"installing-updates","current":3,"total":6,"progress":96}
[2024-11-22 02:38:02.734] [info]  DiscordSplash.onStateUpdate: {"status":"installing-updates","current":3,"total":6,"progress":96}
[2024-11-22 02:38:02.734] [info]  Splash.onStateUpdate: {"status":"installing-updates","current":3,"total":6,"progress":96}
[2024-11-22 02:38:02.735] [info]  DiscordSplash.onStateUpdate: {"status":"installing-updates","current":3,"total":6,"progress":96}
[2024-11-22 02:38:02.735] [info]  Splash.onStateUpdate: {"status":"installing-updates","current":3,"total":6,"progress":96}
[2024-11-22 02:38:02.735] [info]  DiscordSplash.onStateUpdate: {"status":"installing-updates","current":3,"total":6,"progress":96}
[2024-11-22 02:38:02.735] [info]  Splash.onStateUpdate: {"status":"installing-updates","current":3,"total":6,"progress":96}
[2024-11-22 02:38:02.735] [info]  DiscordSplash.onStateUpdate: {"status":"installing-updates","current":3,"total":6,"progress":97}
[2024-11-22 02:38:02.736] [info]  Splash.onStateUpdate: {"status":"installing-updates","current":3,"total":6,"progress":97}
[2024-11-22 02:38:02.736] [info]  DiscordSplash.onStateUpdate: {"status":"installing-updates","current":3,"total":6,"progress":97}
[2024-11-22 02:38:02.736] [info]  Splash.onStateUpdate: {"status":"installing-updates","current":3,"total":6,"progress":97}
[2024-11-22 02:38:02.736] [info]  DiscordSplash.onStateUpdate: {"status":"installing-updates","current":3,"total":6,"progress":97}
[2024-11-22 02:38:02.736] [info]  Splash.onStateUpdate: {"status":"installing-updates","current":3,"total":6,"progress":97}
[2024-11-22 02:38:02.737] [info]  DiscordSplash.onStateUpdate: {"status":"installing-updates","current":3,"total":6,"progress":97}
[2024-11-22 02:38:02.737] [info]  Splash.onStateUpdate: {"status":"installing-updates","current":3,"total":6,"progress":97}
[2024-11-22 02:38:02.738] [info]  DiscordSplash.onStateUpdate: {"status":"installing-updates","current":3,"total":6,"progress":97}
[2024-11-22 02:38:02.738] [info]  Splash.onStateUpdate: {"status":"installing-updates","current":3,"total":6,"progress":97}
[2024-11-22 02:38:02.738] [info]  DiscordSplash.onStateUpdate: {"status":"installing-updates","current":3,"total":6,"progress":97}
[2024-11-22 02:38:02.738] [info]  Splash.onStateUpdate: {"status":"installing-updates","current":3,"total":6,"progress":97}
[2024-11-22 02:38:02.739] [info]  DiscordSplash.onStateUpdate: {"status":"installing-updates","current":3,"total":6,"progress":98}
[2024-11-22 02:38:02.739] [info]  Splash.onStateUpdate: {"status":"installing-updates","current":3,"total":6,"progress":98}
[2024-11-22 02:38:02.739] [info]  DiscordSplash.onStateUpdate: {"status":"installing-updates","current":3,"total":6,"progress":98}
[2024-11-22 02:38:02.739] [info]  Splash.onStateUpdate: {"status":"installing-updates","current":3,"total":6,"progress":98}
[2024-11-22 02:38:02.740] [info]  DiscordSplash.onStateUpdate: {"status":"installing-updates","current":3,"total":6,"progress":98}
[2024-11-22 02:38:02.740] [info]  Splash.onStateUpdate: {"status":"installing-updates","current":3,"total":6,"progress":98}
[2024-11-22 02:38:02.740] [info]  DiscordSplash.onStateUpdate: {"status":"installing-updates","current":3,"total":6,"progress":98}
[2024-11-22 02:38:02.740] [info]  Splash.onStateUpdate: {"status":"installing-updates","current":3,"total":6,"progress":98}
[2024-11-22 02:38:02.741] [info]  DiscordSplash.onStateUpdate: {"status":"installing-updates","current":3,"total":6,"progress":98}
[2024-11-22 02:38:02.741] [info]  Splash.onStateUpdate: {"status":"installing-updates","current":3,"total":6,"progress":98}
[2024-11-22 02:38:02.741] [info]  DiscordSplash.onStateUpdate: {"status":"installing-updates","current":3,"total":6,"progress":98}
[2024-11-22 02:38:02.741] [info]  Splash.onStateUpdate: {"status":"installing-updates","current":3,"total":6,"progress":98}
[2024-11-22 02:38:02.742] [info]  DiscordSplash.onStateUpdate: {"status":"installing-updates","current":3,"total":6,"progress":99}
[2024-11-22 02:38:02.742] [info]  Splash.onStateUpdate: {"status":"installing-updates","current":3,"total":6,"progress":99}
[2024-11-22 02:38:02.742] [info]  DiscordSplash.onStateUpdate: {"status":"installing-updates","current":3,"total":6,"progress":99}
[2024-11-22 02:38:02.742] [info]  Splash.onStateUpdate: {"status":"installing-updates","current":3,"total":6,"progress":99}
[2024-11-22 02:38:02.742] [info]  DiscordSplash.onStateUpdate: {"status":"installing-updates","current":3,"total":6,"progress":99}
[2024-11-22 02:38:02.743] [info]  Splash.onStateUpdate: {"status":"installing-updates","current":3,"total":6,"progress":99}
[2024-11-22 02:38:02.743] [info]  DiscordSplash.onStateUpdate: {"status":"installing-updates","current":3,"total":6,"progress":99}
[2024-11-22 02:38:02.743] [info]  Splash.onStateUpdate: {"status":"installing-updates","current":3,"total":6,"progress":99}
[2024-11-22 02:38:02.743] [info]  DiscordSplash.onStateUpdate: {"status":"installing-updates","current":3,"total":6,"progress":99}
[2024-11-22 02:38:02.743] [info]  Splash.onStateUpdate: {"status":"installing-updates","current":3,"total":6,"progress":99}
[2024-11-22 02:38:02.744] [info]  DiscordSplash.onStateUpdate: {"status":"installing-updates","current":3,"total":6,"progress":99}
[2024-11-22 02:38:02.744] [info]  Splash.onStateUpdate: {"status":"installing-updates","current":3,"total":6,"progress":99}
[2024-11-22 02:38:02.744] [info]  DiscordSplash.onStateUpdate: {"status":"installing-updates","current":3,"total":6,"progress":100}
[2024-11-22 02:38:02.745] [info]  Splash.onStateUpdate: {"status":"installing-updates","current":3,"total":6,"progress":100}
[2024-11-22 02:38:02.745] [info]  DiscordSplash.onStateUpdate: {"status":"installing-updates","current":4,"total":6}
[2024-11-22 02:38:02.745] [info]  Splash.onStateUpdate: {"status":"installing-updates","current":4,"total":6}
[2024-11-22 02:38:02.746] [info]  DiscordSplash.onStateUpdate: {"status":"installing-updates","current":4,"total":6,"progress":1}
[2024-11-22 02:38:02.746] [info]  Splash.onStateUpdate: {"status":"installing-updates","current":4,"total":6,"progress":1}
[2024-11-22 02:38:02.746] [info]  DiscordSplash.onStateUpdate: {"status":"installing-updates","current":4,"total":6,"progress":3}
[2024-11-22 02:38:02.746] [info]  Splash.onStateUpdate: {"status":"installing-updates","current":4,"total":6,"progress":3}
[2024-11-22 02:38:02.747] [info]  DiscordSplash.onStateUpdate: {"status":"installing-updates","current":4,"total":6,"progress":5}
[2024-11-22 02:38:02.747] [info]  Splash.onStateUpdate: {"status":"installing-updates","current":4,"total":6,"progress":5}
[2024-11-22 02:38:02.748] [info]  DiscordSplash.onStateUpdate: {"status":"installing-updates","current":4,"total":6,"progress":6}
[2024-11-22 02:38:02.748] [info]  Splash.onStateUpdate: {"status":"installing-updates","current":4,"total":6,"progress":6}
[2024-11-22 02:38:02.749] [info]  DiscordSplash.onStateUpdate: {"status":"installing-updates","current":4,"total":6,"progress":8}
[2024-11-22 02:38:02.749] [info]  Splash.onStateUpdate: {"status":"installing-updates","current":4,"total":6,"progress":8}
[2024-11-22 02:38:02.805] [info]  DiscordSplash.onStateUpdate: {"status":"installing-updates","current":4,"total":6,"progress":10}
[2024-11-22 02:38:02.805] [info]  Splash.onStateUpdate: {"status":"installing-updates","current":4,"total":6,"progress":10}
[2024-11-22 02:38:02.806] [info]  DiscordSplash.onStateUpdate: {"status":"installing-updates","current":4,"total":6,"progress":11}
[2024-11-22 02:38:02.806] [info]  Splash.onStateUpdate: {"status":"installing-updates","current":4,"total":6,"progress":11}
[2024-11-22 02:38:02.807] [info]  DiscordSplash.onStateUpdate: {"status":"installing-updates","current":4,"total":6,"progress":13}
[2024-11-22 02:38:02.807] [info]  Splash.onStateUpdate: {"status":"installing-updates","current":4,"total":6,"progress":13}
[2024-11-22 02:38:02.807] [info]  DiscordSplash.onStateUpdate: {"status":"installing-updates","current":4,"total":6,"progress":15}
[2024-11-22 02:38:02.807] [info]  Splash.onStateUpdate: {"status":"installing-updates","current":4,"total":6,"progress":15}
[2024-11-22 02:38:02.808] [info]  DiscordSplash.onStateUpdate: {"status":"installing-updates","current":4,"total":6,"progress":16}
[2024-11-22 02:38:02.808] [info]  Splash.onStateUpdate: {"status":"installing-updates","current":4,"total":6,"progress":16}
[2024-11-22 02:38:02.808] [info]  DiscordSplash.onStateUpdate: {"status":"installing-updates","current":4,"total":6,"progress":18}
[2024-11-22 02:38:02.808] [info]  Splash.onStateUpdate: {"status":"installing-updates","current":4,"total":6,"progress":18}
[2024-11-22 02:38:02.809] [info]  DiscordSplash.onStateUpdate: {"status":"installing-updates","current":4,"total":6,"progress":20}
[2024-11-22 02:38:02.809] [info]  Splash.onStateUpdate: {"status":"installing-updates","current":4,"total":6,"progress":20}
[2024-11-22 02:38:02.809] [info]  DiscordSplash.onStateUpdate: {"status":"installing-updates","current":4,"total":6,"progress":22}
[2024-11-22 02:38:02.809] [info]  Splash.onStateUpdate: {"status":"installing-updates","current":4,"total":6,"progress":22}
[2024-11-22 02:38:02.810] [info]  DiscordSplash.onStateUpdate: {"status":"installing-updates","current":4,"total":6,"progress":23}
[2024-11-22 02:38:02.810] [info]  Splash.onStateUpdate: {"status":"installing-updates","current":4,"total":6,"progress":23}
[2024-11-22 02:38:02.810] [info]  DiscordSplash.onStateUpdate: {"status":"installing-updates","current":4,"total":6,"progress":25}
[2024-11-22 02:38:02.810] [info]  Splash.onStateUpdate: {"status":"installing-updates","current":4,"total":6,"progress":25}
[2024-11-22 02:38:02.810] [info]  DiscordSplash.onStateUpdate: {"status":"installing-updates","current":4,"total":6,"progress":27}
[2024-11-22 02:38:02.811] [info]  Splash.onStateUpdate: {"status":"installing-updates","current":4,"total":6,"progress":27}
[2024-11-22 02:38:02.811] [info]  DiscordSplash.onStateUpdate: {"status":"installing-updates","current":4,"total":6,"progress":28}
[2024-11-22 02:38:02.811] [info]  Splash.onStateUpdate: {"status":"installing-updates","current":4,"total":6,"progress":28}
[2024-11-22 02:38:02.811] [info]  DiscordSplash.onStateUpdate: {"status":"installing-updates","current":4,"total":6,"progress":30}
[2024-11-22 02:38:02.812] [info]  Splash.onStateUpdate: {"status":"installing-updates","current":4,"total":6,"progress":30}
[2024-11-22 02:38:02.812] [info]  DiscordSplash.onStateUpdate: {"status":"installing-updates","current":4,"total":6,"progress":32}
[2024-11-22 02:38:02.812] [info]  Splash.onStateUpdate: {"status":"installing-updates","current":4,"total":6,"progress":32}
[2024-11-22 02:38:02.813] [info]  DiscordSplash.onStateUpdate: {"status":"installing-updates","current":4,"total":6,"progress":33}
[2024-11-22 02:38:02.813] [info]  Splash.onStateUpdate: {"status":"installing-updates","current":4,"total":6,"progress":33}
[2024-11-22 02:38:02.813] [info]  DiscordSplash.onStateUpdate: {"status":"installing-updates","current":4,"total":6,"progress":35}
[2024-11-22 02:38:02.813] [info]  Splash.onStateUpdate: {"status":"installing-updates","current":4,"total":6,"progress":35}
[2024-11-22 02:38:02.814] [info]  DiscordSplash.onStateUpdate: {"status":"installing-updates","current":4,"total":6,"progress":37}
[2024-11-22 02:38:02.814] [info]  Splash.onStateUpdate: {"status":"installing-updates","current":4,"total":6,"progress":37}
[2024-11-22 02:38:02.814] [info]  DiscordSplash.onStateUpdate: {"status":"installing-updates","current":4,"total":6,"progress":38}
[2024-11-22 02:38:02.814] [info]  Splash.onStateUpdate: {"status":"installing-updates","current":4,"total":6,"progress":38}
[2024-11-22 02:38:02.815] [info]  DiscordSplash.onStateUpdate: {"status":"installing-updates","current":4,"total":6,"progress":40}
[2024-11-22 02:38:02.815] [info]  Splash.onStateUpdate: {"status":"installing-updates","current":4,"total":6,"progress":40}
[2024-11-22 02:38:02.815] [info]  DiscordSplash.onStateUpdate: {"status":"installing-updates","current":4,"total":6,"progress":42}
[2024-11-22 02:38:02.815] [info]  Splash.onStateUpdate: {"status":"installing-updates","current":4,"total":6,"progress":42}
[2024-11-22 02:38:02.816] [info]  DiscordSplash.onStateUpdate: {"status":"installing-updates","current":4,"total":6,"progress":44}
[2024-11-22 02:38:02.816] [info]  Splash.onStateUpdate: {"status":"installing-updates","current":4,"total":6,"progress":44}
[2024-11-22 02:38:02.816] [info]  DiscordSplash.onStateUpdate: {"status":"installing-updates","current":4,"total":6,"progress":45}
[2024-11-22 02:38:02.816] [info]  Splash.onStateUpdate: {"status":"installing-updates","current":4,"total":6,"progress":45}
[2024-11-22 02:38:02.817] [info]  DiscordSplash.onStateUpdate: {"status":"installing-updates","current":4,"total":6,"progress":47}
[2024-11-22 02:38:02.817] [info]  Splash.onStateUpdate: {"status":"installing-updates","current":4,"total":6,"progress":47}
[2024-11-22 02:38:02.817] [info]  DiscordSplash.onStateUpdate: {"status":"installing-updates","current":4,"total":6,"progress":49}
[2024-11-22 02:38:02.817] [info]  Splash.onStateUpdate: {"status":"installing-updates","current":4,"total":6,"progress":49}
[2024-11-22 02:38:02.818] [info]  DiscordSplash.onStateUpdate: {"status":"installing-updates","current":4,"total":6,"progress":50}
[2024-11-22 02:38:02.818] [info]  Splash.onStateUpdate: {"status":"installing-updates","current":4,"total":6,"progress":50}
[2024-11-22 02:38:02.818] [info]  DiscordSplash.onStateUpdate: {"status":"installing-updates","current":4,"total":6,"progress":52}
[2024-11-22 02:38:02.818] [info]  Splash.onStateUpdate: {"status":"installing-updates","current":4,"total":6,"progress":52}
[2024-11-22 02:38:02.819] [info]  DiscordSplash.onStateUpdate: {"status":"installing-updates","current":4,"total":6,"progress":54}
[2024-11-22 02:38:02.819] [info]  Splash.onStateUpdate: {"status":"installing-updates","current":4,"total":6,"progress":54}
[2024-11-22 02:38:02.819] [info]  DiscordSplash.onStateUpdate: {"status":"installing-updates","current":4,"total":6,"progress":55}
[2024-11-22 02:38:02.819] [info]  Splash.onStateUpdate: {"status":"installing-updates","current":4,"total":6,"progress":55}
[2024-11-22 02:38:02.820] [info]  DiscordSplash.onStateUpdate: {"status":"installing-updates","current":4,"total":6,"progress":57}
[2024-11-22 02:38:02.820] [info]  Splash.onStateUpdate: {"status":"installing-updates","current":4,"total":6,"progress":57}
[2024-11-22 02:38:02.821] [info]  DiscordSplash.onStateUpdate: {"status":"installing-updates","current":4,"total":6,"progress":59}
[2024-11-22 02:38:02.821] [info]  Splash.onStateUpdate: {"status":"installing-updates","current":4,"total":6,"progress":59}
[2024-11-22 02:38:02.821] [info]  DiscordSplash.onStateUpdate: {"status":"installing-updates","current":4,"total":6,"progress":61}
[2024-11-22 02:38:02.821] [info]  Splash.onStateUpdate: {"status":"installing-updates","current":4,"total":6,"progress":61}
[2024-11-22 02:38:02.822] [info]  DiscordSplash.onStateUpdate: {"status":"installing-updates","current":4,"total":6,"progress":62}
[2024-11-22 02:38:02.822] [info]  Splash.onStateUpdate: {"status":"installing-updates","current":4,"total":6,"progress":62}
[2024-11-22 02:38:02.822] [info]  DiscordSplash.onStateUpdate: {"status":"installing-updates","current":4,"total":6,"progress":64}
[2024-11-22 02:38:02.822] [info]  Splash.onStateUpdate: {"status":"installing-updates","current":4,"total":6,"progress":64}
[2024-11-22 02:38:02.823] [info]  DiscordSplash.onStateUpdate: {"status":"installing-updates","current":4,"total":6,"progress":66}
[2024-11-22 02:38:02.823] [info]  Splash.onStateUpdate: {"status":"installing-updates","current":4,"total":6,"progress":66}
[2024-11-22 02:38:02.823] [info]  DiscordSplash.onStateUpdate: {"status":"installing-updates","current":4,"total":6,"progress":67}
[2024-11-22 02:38:02.823] [info]  Splash.onStateUpdate: {"status":"installing-updates","current":4,"total":6,"progress":67}
[2024-11-22 02:38:02.824] [info]  DiscordSplash.onStateUpdate: {"status":"installing-updates","current":4,"total":6,"progress":69}
[2024-11-22 02:38:02.824] [info]  Splash.onStateUpdate: {"status":"installing-updates","current":4,"total":6,"progress":69}
[2024-11-22 02:38:02.824] [info]  DiscordSplash.onStateUpdate: {"status":"installing-updates","current":4,"total":6,"progress":71}
[2024-11-22 02:38:02.824] [info]  Splash.onStateUpdate: {"status":"installing-updates","current":4,"total":6,"progress":71}
[2024-11-22 02:38:02.825] [info]  DiscordSplash.onStateUpdate: {"status":"installing-updates","current":4,"total":6,"progress":72}
[2024-11-22 02:38:02.825] [info]  Splash.onStateUpdate: {"status":"installing-updates","current":4,"total":6,"progress":72}
[2024-11-22 02:38:02.825] [info]  DiscordSplash.onStateUpdate: {"status":"installing-updates","current":4,"total":6,"progress":74}
[2024-11-22 02:38:02.825] [info]  Splash.onStateUpdate: {"status":"installing-updates","current":4,"total":6,"progress":74}
[2024-11-22 02:38:02.826] [info]  DiscordSplash.onStateUpdate: {"status":"installing-updates","current":4,"total":6,"progress":76}
[2024-11-22 02:38:02.826] [info]  Splash.onStateUpdate: {"status":"installing-updates","current":4,"total":6,"progress":76}
[2024-11-22 02:38:02.826] [info]  DiscordSplash.onStateUpdate: {"status":"installing-updates","current":4,"total":6,"progress":77}
[2024-11-22 02:38:02.826] [info]  Splash.onStateUpdate: {"status":"installing-updates","current":4,"total":6,"progress":77}
[2024-11-22 02:38:02.826] [info]  DiscordSplash.onStateUpdate: {"status":"installing-updates","current":4,"total":6,"progress":79}
[2024-11-22 02:38:02.826] [info]  Splash.onStateUpdate: {"status":"installing-updates","current":4,"total":6,"progress":79}
[2024-11-22 02:38:02.827] [info]  DiscordSplash.onStateUpdate: {"status":"installing-updates","current":4,"total":6,"progress":81}
[2024-11-22 02:38:02.827] [info]  Splash.onStateUpdate: {"status":"installing-updates","current":4,"total":6,"progress":81}
[2024-11-22 02:38:02.827] [info]  DiscordSplash.onStateUpdate: {"status":"installing-updates","current":4,"total":6,"progress":83}
[2024-11-22 02:38:02.827] [info]  Splash.onStateUpdate: {"status":"installing-updates","current":4,"total":6,"progress":83}
[2024-11-22 02:38:02.828] [info]  DiscordSplash.onStateUpdate: {"status":"installing-updates","current":4,"total":6,"progress":84}
[2024-11-22 02:38:02.828] [info]  Splash.onStateUpdate: {"status":"installing-updates","current":4,"total":6,"progress":84}
[2024-11-22 02:38:02.828] [info]  DiscordSplash.onStateUpdate: {"status":"installing-updates","current":4,"total":6,"progress":86}
[2024-11-22 02:38:02.828] [info]  Splash.onStateUpdate: {"status":"installing-updates","current":4,"total":6,"progress":86}
[2024-11-22 02:38:02.828] [info]  DiscordSplash.onStateUpdate: {"status":"installing-updates","current":4,"total":6,"progress":88}
[2024-11-22 02:38:02.828] [info]  Splash.onStateUpdate: {"status":"installing-updates","current":4,"total":6,"progress":88}
[2024-11-22 02:38:02.829] [info]  DiscordSplash.onStateUpdate: {"status":"installing-updates","current":4,"total":6,"progress":89}
[2024-11-22 02:38:02.829] [info]  Splash.onStateUpdate: {"status":"installing-updates","current":4,"total":6,"progress":89}
[2024-11-22 02:38:02.830] [info]  DiscordSplash.onStateUpdate: {"status":"installing-updates","current":4,"total":6,"progress":91}
[2024-11-22 02:38:02.830] [info]  Splash.onStateUpdate: {"status":"installing-updates","current":4,"total":6,"progress":91}
[2024-11-22 02:38:02.830] [info]  DiscordSplash.onStateUpdate: {"status":"installing-updates","current":4,"total":6,"progress":93}
[2024-11-22 02:38:02.830] [info]  Splash.onStateUpdate: {"status":"installing-updates","current":4,"total":6,"progress":93}
[2024-11-22 02:38:02.830] [info]  DiscordSplash.onStateUpdate: {"status":"installing-updates","current":4,"total":6,"progress":94}
[2024-11-22 02:38:02.830] [info]  Splash.onStateUpdate: {"status":"installing-updates","current":4,"total":6,"progress":94}
[2024-11-22 02:38:02.831] [info]  DiscordSplash.onStateUpdate: {"status":"installing-updates","current":4,"total":6,"progress":96}
[2024-11-22 02:38:02.831] [info]  Splash.onStateUpdate: {"status":"installing-updates","current":4,"total":6,"progress":96}
[2024-11-22 02:38:02.831] [info]  DiscordSplash.onStateUpdate: {"status":"installing-updates","current":4,"total":6,"progress":98}
[2024-11-22 02:38:02.831] [info]  Splash.onStateUpdate: {"status":"installing-updates","current":4,"total":6,"progress":98}
[2024-11-22 02:38:02.831] [info]  DiscordSplash.onStateUpdate: {"status":"installing-updates","current":4,"total":6,"progress":100}
[2024-11-22 02:38:02.832] [info]  Splash.onStateUpdate: {"status":"installing-updates","current":4,"total":6,"progress":100}
[2024-11-22 02:38:02.832] [info]  DiscordSplash.onStateUpdate: {"status":"installing-updates","current":5,"total":6}
[2024-11-22 02:38:02.832] [info]  Splash.onStateUpdate: {"status":"installing-updates","current":5,"total":6}
[2024-11-22 02:38:02.832] [info]  DiscordSplash.onStateUpdate: {"status":"installing-updates","current":5,"total":6,"progress":20}
[2024-11-22 02:38:02.832] [info]  Splash.onStateUpdate: {"status":"installing-updates","current":5,"total":6,"progress":20}
[2024-11-22 02:38:03.168] [info]  DiscordSplash.onStateUpdate: {"status":"installing-updates","current":5,"total":6,"progress":40}
[2024-11-22 02:38:03.168] [info]  Splash.onStateUpdate: {"status":"installing-updates","current":5,"total":6,"progress":40}
[2024-11-22 02:38:03.168] [info]  DiscordSplash.onStateUpdate: {"status":"installing-updates","current":5,"total":6,"progress":60}
[2024-11-22 02:38:03.168] [info]  Splash.onStateUpdate: {"status":"installing-updates","current":5,"total":6,"progress":60}
[2024-11-22 02:38:03.169] [info]  DiscordSplash.onStateUpdate: {"status":"installing-updates","current":5,"total":6,"progress":80}
[2024-11-22 02:38:03.169] [info]  Splash.onStateUpdate: {"status":"installing-updates","current":5,"total":6,"progress":80}
[2024-11-22 02:38:03.177] [info]  DiscordSplash.onStateUpdate: {"status":"installing-updates","current":5,"total":6,"progress":100}
[2024-11-22 02:38:03.177] [info]  Splash.onStateUpdate: {"status":"installing-updates","current":5,"total":6,"progress":100}
[2024-11-22 02:38:03.178] [info]  DiscordSplash.onStateUpdate: {"status":"installing-updates","current":6,"total":6}
[2024-11-22 02:38:03.178] [info]  Splash.onStateUpdate: {"status":"installing-updates","current":6,"total":6}
[2024-11-22 02:38:03.178] [info]  DiscordSplash.onStateUpdate: {"status":"installing-updates","current":6,"total":6,"progress":33}
[2024-11-22 02:38:03.179] [info]  Splash.onStateUpdate: {"status":"installing-updates","current":6,"total":6,"progress":33}
[2024-11-22 02:38:03.179] [info]  DiscordSplash.onStateUpdate: {"status":"installing-updates","current":6,"total":6,"progress":66}
[2024-11-22 02:38:03.179] [info]  Splash.onStateUpdate: {"status":"installing-updates","current":6,"total":6,"progress":66}
[2024-11-22 02:38:03.180] [info]  DiscordSplash.onStateUpdate: {"status":"installing-updates","current":6,"total":6,"progress":100}
[2024-11-22 02:38:03.180] [info]  Splash.onStateUpdate: {"status":"installing-updates","current":6,"total":6,"progress":100}
[2024-11-22 02:38:03.186] [info]  DiscordSplash.onStateUpdate: {"status":"checking-for-updates","current":6,"total":6}
[2024-11-22 02:38:03.186] [info]  Splash.onStateUpdate: {"status":"checking-for-updates","current":6,"total":6}
[2024-11-22 02:38:03.817] [info]  DiscordSplash.onStateUpdate: {"status":"launching","current":6,"total":6}
[2024-11-22 02:38:03.818] [info]  Splash.onStateUpdate: {"status":"launching","current":6,"total":6}
[2024-11-22 02:38:04.312] [error] Unrecognized Content-Security-Policy directive 'prefetch-src'.
[2024-11-22 02:38:04.526] [error] Unrecognized Content-Security-Policy directive 'prefetch-src'.
[2024-11-22 02:38:04.526] [error] Unrecognized Content-Security-Policy directive 'prefetch-src'.
[2024-11-22 02:38:04.970] [info]  Initializing voice engine with audio subsystem: standard
[2024-11-22 02:38:05.049] [info]  [default] [BUILD INFO] Release Channel: stable, Build Number: 346831, Version Hash: a2aed3d715432c6faace4aab73ecc92fc51a5285
[2024-11-22 02:38:05.173] [info]  [default] [NATIVE INFO] host 0.0.75, modules: discord_desktop_core: 1, discord_erlpack: 1, discord_spellcheck: 1, discord_utils: 1, discord_voice: 1, discord_zstd: 1, build: null
[2024-11-22 02:38:05.216] [error] [Spellchecker] sh is not a valid locale.
[2024-11-22 02:38:05.244] [info]  [Spellchecker] Switching to en-US (available)
[2024-11-22 02:38:05.244] [error] Unrecognized Content-Security-Policy directive 'prefetch-src'.
[2024-11-22 02:38:05.433] [error] Unrecognized Content-Security-Policy directive 'prefetch-src'.
[2024-11-22 02:38:05.434] [error] Unrecognized Content-Security-Policy directive 'prefetch-src'.
[2024-11-22 02:38:05.691] [warn]  [CloudSyncUtils] CloudSync is not supported on this platform
[2024-11-22 02:38:07.616] [info]  [RPCServer:WSS] Starting on 6463
[2024-11-22 02:38:07.621] [info]  [RPCServer:IPC] Starting on /run/user/1000/discord-ipc-0
[2024-11-22 02:38:09.983] [info]  [RPCServer:WSS] Socket Message: 3 [object Object]
[2024-11-22 02:38:09.989] [info]  [RPCServer:WSS] Socket Emit: 3 [object Object]
[2024-11-22 02:38:10.012] [info]  [LoginQRSocket] [0ms] connecting to wss://remote-auth-gateway.discord.gg/?v=2
[2024-11-22 02:38:10.523] [info]  [LoginQRSocket] [511ms] got hello, auth timeout=243537ms
[2024-11-22 02:38:10.621] [info]  [LoginQRSocket] [608ms] connected, handshaking with fingerprint: GLxLlK2QM91B2cwUozVosTRfl9fRgul_Aj-LxOinqLY
[2024-11-22 02:38:10.951] [info]  [LoginQRSocket] [939ms] computed nonce proof
[2024-11-22 02:38:11.299] [info]  [LoginQRSocket] [1286ms] handshake complete awaiting remote auth.
[2024-11-22 02:38:19.009] [info]  [Flux] Dispatching LOGIN
[2024-11-22 02:38:20.149] [info]  [Flux] Dispatching LOGIN_SUCCESS
[2024-11-22 02:38:20.155] [info]  [Routing/Utils] transitionTo - Transitioning to /app
[2024-11-22 02:38:20.161] [info]  [GatewaySocket] [CONNECT] wss://gateway.discord.gg, encoding: etf, version: 9, compression: zstd-stream
[2024-11-22 02:38:20.163] [info]  [LoginQRSocket] [10151ms] cleaning up
[2024-11-22 02:38:20.688] [info]  [GatewaySocket] [CONNECTED] wss://gateway.discord.gg/?encoding=etf&v=9&compress=zstd-stream in 527 ms
[2024-11-22 02:38:21.874] [info]  [GatewaySocket] [READY] took 1713ms, as cd6dfbc449649847978790010ee7b115
[2024-11-22 02:38:21.890] [info]  [Flux] Dispatching CONNECTION_OPEN
[2024-11-22 02:38:21.892] [info]  [DatabaseManager] removing database (user: 714728028340748328, database: undefined)
[2024-11-22 02:38:21.901] [warn]  [NativeDispatchUtils] Tried getting Dispatch instance before instantiated
[2024-11-22 02:38:21.935] [info]  [GatewaySocket] [READY_SUPPLEMENTAL] took 1774ms
[2024-11-22 02:38:22.075] [info]  [discord_protos.discord_users.v1.FrecencyUserSettings] Loading proto
[2024-11-22 02:38:22.206] [error] Unrecognized Content-Security-Policy directive 'prefetch-src'.
[2024-11-22 02:38:24.390] [error] Access to XMLHttpRequest at 'https://cdn.discordapp.com/changelogs/config_0.json?x=7' from origin 'https://discordapp.com' has been blocked by CORS policy: No 'Access-Control-Allow-Origin' header is present on the requested resource.
[2024-11-22 02:38:24.393] [error] Uncaught (in promise) Error: Request has been terminated
Possible causes: the network is offline, Origin is not allowed by Access-Control-Allow-Origin, the page is being unloaded, etc.
[2024-11-22 02:39:19.835] [info]  [WindowVisibilityVideoManager] Incoming video enabled changed, incomingVideoEnabled = false
[2024-11-22 02:52:32.035] [info]  [WindowVisibilityVideoManager] Incoming video enabled changed, incomingVideoEnabled = true
[2024-11-22 02:53:29.865] [info]  [WindowVisibilityVideoManager] Incoming video enabled changed, incomingVideoEnabled = false
[2024-11-22 02:55:54.299] [info]  [WindowVisibilityVideoManager] Incoming video enabled changed, incomingVideoEnabled = true
[2024-11-22 02:56:01.100] [info]  [MessageActionCreators] Fetching messages for 1269893881689018431 between undefined and undefined. jump={"jumpType":"ANIMATED"}
[2024-11-22 02:56:01.314] [error] Unrecognized Content-Security-Policy directive 'prefetch-src'.
[2024-11-22 02:56:01.575] [info]  [MessageActionCreators] Fetched 46 messages for 1269893881689018431 isBefore:false isAfter:false
[2024-11-22 02:56:01.580] [info]  [ChannelMessages] loadComplete: resetting state for channelId=1269893881689018431, sending.length=0
[2024-11-22 02:56:01.828] [error] Unrecognized Content-Security-Policy directive 'prefetch-src'.
[2024-11-22 02:56:01.829] [error] Unrecognized Content-Security-Policy directive 'prefetch-src'.
[2024-11-22 02:56:01.831] [error] Unrecognized Content-Security-Policy directive 'prefetch-src'.
[2024-11-22 02:56:01.831] [error] Unrecognized Content-Security-Policy directive 'prefetch-src'.
[2024-11-22 02:56:04.046] [info]  [MessageActionCreators] Fetching messages for 1113045441123205130 between undefined and undefined. jump={"jumpType":"ANIMATED"}
[2024-11-22 02:56:04.110] [info]  [Routing/Utils] transitionTo - Transitioning to /channels/910875858149986354/1113045441123205130
[2024-11-22 02:56:04.626] [info]  [MessageActionCreators] Fetched 50 messages for 1113045441123205130 isBefore:false isAfter:false
[2024-11-22 02:56:04.630] [info]  [ChannelMessages] loadComplete: resetting state for channelId=1113045441123205130, sending.length=0
[2024-11-22 02:56:05.525] [info]  [MessageActionCreators] Fetching messages for 659074735262400532 between undefined and undefined. jump={"jumpType":"ANIMATED"}
[2024-11-22 02:56:05.638] [info]  [Routing/Utils] transitionTo - Transitioning to /channels/659074236559786014/659074735262400532
[2024-11-22 02:56:06.115] [info]  [MessageActionCreators] Fetched 50 messages for 659074735262400532 isBefore:false isAfter:false
[2024-11-22 02:56:06.116] [info]  [ChannelMessages] loadComplete: resetting state for channelId=659074735262400532, sending.length=0
[2024-11-22 02:56:55.873] [info]  [WindowVisibilityVideoManager] Incoming video enabled changed, incomingVideoEnabled = false
[2024-11-22 03:03:15.165] [info]  [WindowVisibilityVideoManager] Incoming video enabled changed, incomingVideoEnabled = true
[2024-11-22 03:03:22.251] [info]  [Routing/Utils] transitionTo - Transitioning to /channels/910875858149986354/1113045441123205130
[2024-11-22 03:04:01.864] [info]  [WindowVisibilityVideoManager] Incoming video enabled changed, incomingVideoEnabled = false
[2024-11-22 03:04:29.208] [info]  [WindowVisibilityVideoManager] Incoming video enabled changed, incomingVideoEnabled = true
[2024-11-22 03:07:03.833] [info]  [WindowVisibilityVideoManager] Incoming video enabled changed, incomingVideoEnabled = false
[2024-11-22 03:08:13.644] [info]  [WindowVisibilityVideoManager] Incoming video enabled changed, incomingVideoEnabled = true
[2024-11-22 03:08:59.840] [info]  [WindowVisibilityVideoManager] Incoming video enabled changed, incomingVideoEnabled = false
[2024-11-22 13:17:18.318] [info]  DiscordSplash.signalReady
[2024-11-22 13:17:18.342] [info]  DiscordSplash.onStateUpdate: {"status":"checking-for-updates"}
[2024-11-22 13:17:18.342] [info]  Splash.onStateUpdate: {"status":"checking-for-updates"}
[2024-11-22 13:17:19.235] [info]  DiscordSplash.onStateUpdate: {"status":"launching"}
[2024-11-22 13:17:19.236] [info]  Splash.onStateUpdate: {"status":"launching"}
[2024-11-22 13:17:19.607] [error] Unrecognized Content-Security-Policy directive 'prefetch-src'.
[2024-11-22 13:17:19.826] [info]  [FAST CONNECT] wss://gateway.discord.gg/?encoding=etf&v=9&compress=zstd-stream, encoding: etf, version: 9
[2024-11-22 13:17:19.848] [error] Unrecognized Content-Security-Policy directive 'prefetch-src'.
[2024-11-22 13:17:19.848] [error] Unrecognized Content-Security-Policy directive 'prefetch-src'.
[2024-11-22 13:17:20.348] [info]  Initializing voice engine with audio subsystem: standard
[2024-11-22 13:17:20.460] [info]  [default] [BUILD INFO] Release Channel: stable, Build Number: 347115, Version Hash: 0096e27502308f2c36c508dd925079f6e2cf2bb1
[2024-11-22 13:17:20.597] [info]  [default] [NATIVE INFO] host 0.0.75, modules: discord_desktop_core: 1, discord_erlpack: 1, discord_spellcheck: 1, discord_utils: 1, discord_voice: 1, discord_zstd: 1, discord_krisp: 1, discord_game_utils: 1, discord_rpc: 1, build: null
[2024-11-22 13:17:21.145] [error] [Spellchecker] sh is not a valid locale.
[2024-11-22 13:17:21.161] [error] Unrecognized Content-Security-Policy directive 'prefetch-src'.
[2024-11-22 13:17:21.162] [info]  [Spellchecker] Switching to en-US (available)
[2024-11-22 13:17:21.255] [error] Unrecognized Content-Security-Policy directive 'prefetch-src'.
[2024-11-22 13:17:21.256] [error] Unrecognized Content-Security-Policy directive 'prefetch-src'.
[2024-11-22 13:17:21.449] [warn]  [CloudSyncUtils] CloudSync is not supported on this platform
[2024-11-22 13:17:21.565] [info]  [GatewaySocket] [CONNECT] wss://gateway.discord.gg, encoding: etf, version: 9, compression: zstd-stream
[2024-11-22 13:17:21.565] [info]  [GatewaySocket] [FAST CONNECT] successfully took over websocket, state: [object Object]
[2024-11-22 13:17:21.594] [info]  [RPCServer:WSS] Starting on 6463
[2024-11-22 13:17:21.609] [info]  [RPCServer:IPC] Starting on /run/user/1000/discord-ipc-0
[2024-11-22 13:17:22.482] [info]  [GatewaySocket] [CONNECTED] wss://gateway.discord.gg/?encoding=etf&v=9&compress=zstd-stream in 916 ms
[2024-11-22 13:17:23.466] [info]  [GatewaySocket] [READY] took 1900ms, as 5f1d7904492977c4663ffc3fa4232ce0
[2024-11-22 13:17:23.480] [info]  [Flux] Dispatching CONNECTION_OPEN
[2024-11-22 13:17:23.483] [info]  [DatabaseManager] removing database (user: 714728028340748328, database: undefined)
[2024-11-22 13:17:23.488] [warn]  [NativeDispatchUtils] Tried getting Dispatch instance before instantiated
[2024-11-22 13:17:23.506] [info]  [MessageActionCreators] Fetching messages for 1113045441123205130 between undefined and undefined. jump={"jumpType":"ANIMATED"}
[2024-11-22 13:17:23.517] [info]  [GatewaySocket] [READY_SUPPLEMENTAL] took 1952ms
[2024-11-22 13:17:23.643] [info]  [discord_protos.discord_users.v1.FrecencyUserSettings] Loading proto
[2024-11-22 13:17:23.760] [error] Unrecognized Content-Security-Policy directive 'prefetch-src'.
[2024-11-22 13:17:24.015] [info]  [MessageActionCreators] Fetched 50 messages for 1113045441123205130 isBefore:false isAfter:false
[2024-11-22 13:17:24.022] [info]  [ChannelMessages] loadComplete: resetting state for channelId=1113045441123205130, sending.length=0
[2024-11-22 13:17:27.351] [error] Access to XMLHttpRequest at 'https://cdn.discordapp.com/changelogs/config_0.json?x=3' from origin 'https://discordapp.com' has been blocked by CORS policy: No 'Access-Control-Allow-Origin' header is present on the requested resource.
[2024-11-22 13:17:27.357] [error] Uncaught (in promise) Error: Request has been terminated
Possible causes: the network is offline, Origin is not allowed by Access-Control-Allow-Origin, the page is being unloaded, etc.
[2024-11-22 13:17:28.934] [info]  [discord_protos.discord_users.v1.FrecencyUserSettings] Scheduling save from markDirty
[2024-11-22 13:17:28.935] [info]  [discord_protos.discord_users.v1.FrecencyUserSettings] Persisting proto
[2024-11-22 13:17:33.496] [info]  [ReadStateStore] Deleting ReadState 1278023719326973974 0 [object Object]
[2024-11-22 13:19:09.877] [info]  [WindowVisibilityVideoManager] Incoming video enabled changed, incomingVideoEnabled = false
[2024-11-22 13:51:01.882] [warn]  [GatewaySocket] [ACK TIMEOUT] reconnecting in 1.46 seconds.
[2024-11-22 13:51:03.843] [info]  [GatewaySocket] [CONNECT] wss://gateway-us-east1-c.discord.gg, encoding: etf, version: 9, compression: zstd-stream
[2024-11-22 13:51:04.531] [info]  [GatewaySocket] [CONNECTED] wss://gateway-us-east1-c.discord.gg/?encoding=etf&v=9&compress=zstd-stream in 689 ms
[2024-11-22 13:51:04.533] [info]  [GatewaySocket] [RESUME] resuming session 5f1d7904492977c4663ffc3fa4232ce0, seq: 109
[2024-11-22 13:51:05.844] [info]  [Flux] Dispatching CONNECTION_RESUMED
[2024-11-22 13:51:05.852] [info]  [GatewaySocket] [RESUMED] took 2009ms, replayed 0 events, new seq: 112
[2024-11-22 13:53:39.088] [info]  [RPCServer:IPC] Socket Opened: 7
[2024-11-22 13:53:39.677] [info]  [RPCServer:IPC] Socket Emit: 7 [object Object]
[2024-11-22 13:53:40.580] [info]  [RPCServer:IPC] Socket Message: 7 [object Object]
[2024-11-22 13:53:41.306] [info]  [RPCServer:IPC] Socket Emit: 7 [object Object]
[2024-11-22 13:57:12.790] [info]  [RPCServer:IPC] Socket Message: 7 [object Object]
[2024-11-22 13:57:12.827] [info]  [RPCServer:IPC] Socket Emit: 7 [object Object]
[2024-11-22 13:57:18.005] [info]  [RPCServer:IPC] Socket Close: 7
[2024-11-22 14:05:49.453] [info]  [GatewaySocket] [WS CLOSED] (false, 1006, ) retrying in 1.93 seconds.
[2024-11-22 18:11:11.121] [info]  [GatewaySocket] [CONNECT] wss://gateway-us-east1-c.discord.gg, encoding: etf, version: 9, compression: zstd-stream
[2024-11-22 18:11:11.124] [info]  [GatewaySocket] [WS CLOSED] (false, 0, An error with the websocket occurred) retrying in 4.39 seconds.
[2024-11-22 18:11:11.289] [info]  [GatewaySocket] [CONNECT] wss://gateway.discord.gg, encoding: etf, version: 9, compression: zstd-stream
[2024-11-22 18:11:11.299] [info]  [GatewaySocket] [WS CLOSED] (true, 0, power monitor resumed) retrying immediately.
[2024-11-22 18:11:11.299] [info]  [GatewaySocket] [CONNECT] wss://gateway.discord.gg, encoding: etf, version: 9, compression: zstd-stream
[2024-11-22 18:11:11.301] [info]  [GatewaySocket] [WS CLOSED] (false, 0, An error with the websocket occurred) retrying in 1.89 seconds.
[2024-11-22 18:11:13.562] [info]  [GatewaySocket] [CONNECT] wss://gateway.discord.gg, encoding: etf, version: 9, compression: zstd-stream
[2024-11-22 18:11:13.568] [info]  [GatewaySocket] [WS CLOSED] (false, 0, An error with the websocket occurred) retrying in 2.64 seconds.
[2024-11-22 18:11:16.562] [info]  [GatewaySocket] [CONNECT] wss://gateway.discord.gg, encoding: etf, version: 9, compression: zstd-stream
[2024-11-22 18:11:16.569] [info]  [GatewaySocket] [WS CLOSED] (false, 0, An error with the websocket occurred) retrying in 4.95 seconds.
[2024-11-22 18:11:21.564] [info]  [GatewaySocket] [CONNECT] wss://gateway.discord.gg, encoding: etf, version: 9, compression: zstd-stream
[2024-11-22 18:11:21.597] [info]  [GatewaySocket] [WS CLOSED] (false, 0, An error with the websocket occurred) retrying in 9.22 seconds.
[2024-11-22 18:11:31.564] [info]  [GatewaySocket] [CONNECT] wss://gateway.discord.gg, encoding: etf, version: 9, compression: zstd-stream
[2024-11-22 18:11:31.602] [info]  [GatewaySocket] [WS CLOSED] (false, 0, An error with the websocket occurred) retrying in 9.44 seconds.
[2024-11-22 18:11:31.602] [warn]  [GatewaySocket] [RESET] (false, 0, An error with the websocket occurred)
[2024-11-22 18:11:31.602] [info]  [Flux] Dispatching CONNECTION_CLOSED
[2024-11-22 18:11:41.567] [info]  [GatewaySocket] [CONNECT] wss://gateway.discord.gg, encoding: etf, version: 9, compression: zstd-stream
[2024-11-22 18:11:41.613] [info]  [GatewaySocket] [WS CLOSED] (false, 0, An error with the websocket occurred) retrying in 14.28 seconds.
[2024-11-22 18:11:41.613] [warn]  [GatewaySocket] [RESET] (false, 0, An error with the websocket occurred)
[2024-11-22 18:11:41.613] [info]  [Flux] Dispatching CONNECTION_CLOSED
[2024-11-22 18:11:42.573] [error] Uncaught (in promise) Error: Request has been terminated
Possible causes: the network is offline, Origin is not allowed by Access-Control-Allow-Origin, the page is being unloaded, etc.
[2024-11-22 18:11:56.564] [info]  [GatewaySocket] [CONNECT] wss://gateway.discord.gg, encoding: etf, version: 9, compression: zstd-stream
[2024-11-22 18:11:56.620] [info]  [GatewaySocket] [WS CLOSED] (false, 0, An error with the websocket occurred) retrying in 27.12 seconds.
[2024-11-22 18:11:56.620] [warn]  [GatewaySocket] [RESET] (false, 0, An error with the websocket occurred)
[2024-11-22 18:11:56.621] [info]  [Flux] Dispatching CONNECTION_CLOSED
[2024-11-22 18:12:24.569] [info]  [GatewaySocket] [CONNECT] wss://gateway.discord.gg, encoding: etf, version: 9, compression: zstd-stream
[2024-11-22 18:12:24.644] [info]  [GatewaySocket] [WS CLOSED] (false, 0, An error with the websocket occurred) retrying in 32.99 seconds.
[2024-11-22 18:12:24.645] [warn]  [GatewaySocket] [RESET] (false, 0, An error with the websocket occurred)
[2024-11-22 18:12:24.645] [info]  [Flux] Dispatching CONNECTION_CLOSED
[2024-11-22 18:12:27.093] [info]  [GatewaySocket] [CONNECT] wss://gateway.discord.gg, encoding: etf, version: 9, compression: zstd-stream
[2024-11-22 18:12:27.905] [info]  [GatewaySocket] [WS CLOSED] (false, 0, An error with the websocket occurred) retrying in 1.70 seconds.
[2024-11-22 18:12:30.562] [info]  [GatewaySocket] [CONNECT] wss://gateway.discord.gg, encoding: etf, version: 9, compression: zstd-stream
[2024-11-22 18:12:30.813] [info]  [GatewaySocket] [WS CLOSED] (false, 0, An error with the websocket occurred) retrying in 5.04 seconds.
[2024-11-22 18:12:36.570] [info]  [GatewaySocket] [CONNECT] wss://gateway.discord.gg, encoding: etf, version: 9, compression: zstd-stream
[2024-11-22 18:12:37.728] [info]  [GatewaySocket] [WS CLOSED] (false, 0, An error with the websocket occurred) retrying in 11.11 seconds.
[2024-11-22 18:12:48.685] [warn]  [AnalyticsTrackingStore] Track: Request has been terminated
Possible causes: the network is offline, Origin is not allowed by Access-Control-Allow-Origin, the page is being unloaded, etc.
[2024-11-22 18:12:49.562] [info]  [GatewaySocket] [CONNECT] wss://gateway.discord.gg, encoding: etf, version: 9, compression: zstd-stream
[2024-11-22 18:12:53.067] [info]  [GatewaySocket] [CONNECTED] wss://gateway.discord.gg/?encoding=etf&v=9&compress=zstd-stream in 3500 ms
[2024-11-22 18:12:55.490] [info]  [GatewaySocket] [READY] took 5928ms, as d81aad92a26b1e497b8242f84ffc7d6b
[2024-11-22 18:12:55.507] [info]  [Flux] Dispatching CONNECTION_OPEN
[2024-11-22 18:12:55.513] [info]  [DatabaseManager] removing database (user: 714728028340748328, database: null)
[2024-11-22 18:12:55.528] [warn]  [NativeDispatchUtils] Tried getting Dispatch instance before instantiated
[2024-11-22 18:12:55.580] [info]  [GatewaySocket] [READY_SUPPLEMENTAL] took 6019ms
[2024-11-22 18:13:02.715] [error] Access to XMLHttpRequest at 'https://cdn.discordapp.com/changelogs/config_0.json?x=2' from origin 'https://discordapp.com' has been blocked by CORS policy: No 'Access-Control-Allow-Origin' header is present on the requested resource.
[2024-11-22 18:13:02.752] [error] Uncaught (in promise) Error: Request has been terminated
Possible causes: the network is offline, Origin is not allowed by Access-Control-Allow-Origin, the page is being unloaded, etc.
[2024-11-22 18:25:45.838] [info]  [WindowVisibilityVideoManager] Incoming video enabled changed, incomingVideoEnabled = true
[2024-11-22 18:26:23.598] [info]  [WindowVisibilityVideoManager] Incoming video enabled changed, incomingVideoEnabled = false
[2024-11-22 18:35:46.015] [info]  [GatewaySocket] [WS CLOSED] (false, 1006, ) retrying in 2.83 seconds.
[2024-11-22 18:35:49.562] [info]  [GatewaySocket] [CONNECT] wss://gateway-us-east1-c.discord.gg, encoding: etf, version: 9, compression: zstd-stream
[2024-11-22 18:35:50.271] [info]  [GatewaySocket] [CONNECTED] wss://gateway-us-east1-c.discord.gg/?encoding=etf&v=9&compress=zstd-stream in 709 ms
[2024-11-22 18:35:50.272] [info]  [GatewaySocket] [RESUME] resuming session d81aad92a26b1e497b8242f84ffc7d6b, seq: 237
[2024-11-22 18:35:51.563] [info]  [Flux] Dispatching CONNECTION_RESUMED
[2024-11-22 18:35:51.565] [info]  [GatewaySocket] [RESUMED] took 2003ms, replayed 0 events, new seq: 238
[2024-11-22 21:22:04.732] [info]  [GatewaySocket] [CONNECT] wss://gateway-us-east1-c.discord.gg, encoding: etf, version: 9, compression: zstd-stream
[2024-11-22 21:22:06.863] [info]  [GatewaySocket] [CONNECTED] wss://gateway-us-east1-c.discord.gg/?encoding=etf&v=9&compress=zstd-stream in 2131 ms
[2024-11-22 21:22:06.864] [info]  [GatewaySocket] [RESUME] resuming session d81aad92a26b1e497b8242f84ffc7d6b, seq: 1853
[2024-11-22 21:22:07.564] [info]  [Flux] Dispatching CONNECTION_RESUMED
[2024-11-22 21:22:07.566] [info]  [GatewaySocket] [RESUMED] took 2834ms, replayed 0 events, new seq: 1855
[2024-11-22 22:01:46.980] [info]  [WindowVisibilityVideoManager] Incoming video enabled changed, incomingVideoEnabled = true
[2024-11-22 22:03:16.601] [info]  [WindowVisibilityVideoManager] Incoming video enabled changed, incomingVideoEnabled = false
[2024-11-23 17:18:03.015] [info]  DiscordSplash.signalReady
[2024-11-23 17:18:03.058] [info]  DiscordSplash.onStateUpdate: {"status":"checking-for-updates"}
[2024-11-23 17:18:03.059] [info]  Splash.onStateUpdate: {"status":"checking-for-updates"}
[2024-11-23 17:18:05.792] [info]  DiscordSplash.onStateUpdate: {"status":"launching"}
[2024-11-23 17:18:05.831] [info]  Splash.onStateUpdate: {"status":"launching"}
[2024-11-23 17:18:19.618] [error] Unrecognized Content-Security-Policy directive 'prefetch-src'.
[2024-11-23 17:18:19.860] [info]  [FAST CONNECT] wss://gateway.discord.gg/?encoding=etf&v=9&compress=zstd-stream, encoding: etf, version: 9
[2024-11-23 17:18:27.239] [info]  [FAST CONNECT] connected in 7380ms
[2024-11-23 17:31:03.520] [error] Unrecognized Content-Security-Policy directive 'prefetch-src'.
[2024-11-23 17:31:03.520] [error] Unrecognized Content-Security-Policy directive 'prefetch-src'.
[2024-11-23 17:31:59.599] [error] Unrecognized Content-Security-Policy directive 'prefetch-src'.
[2024-11-23 17:31:59.601] [error] Unrecognized Content-Security-Policy directive 'prefetch-src'.
[2024-11-23 22:13:16.966] [info]  DiscordSplash.signalReady
[2024-11-23 22:13:16.985] [info]  DiscordSplash.onStateUpdate: {"status":"checking-for-updates"}
[2024-11-23 22:13:16.986] [info]  Splash.onStateUpdate: {"status":"checking-for-updates"}
[2024-11-23 22:14:17.008] [info]  DiscordSplash.onStateUpdate: {"status":"update-failure","seconds":20}
[2024-11-23 22:14:17.010] [info]  Splash.onStateUpdate: {"status":"update-failure","seconds":20}
[2024-11-23 22:14:37.026] [info]  DiscordSplash.onStateUpdate: {"status":"checking-for-updates","seconds":20}
[2024-11-23 22:14:37.029] [info]  Splash.onStateUpdate: {"status":"checking-for-updates","seconds":20}
[2024-11-23 22:14:46.713] [info]  DiscordSplash.onStateUpdate: {"status":"launching","seconds":20}
[2024-11-23 22:14:46.715] [info]  Splash.onStateUpdate: {"status":"launching","seconds":20}
[2024-11-23 22:15:06.281] [error] Unrecognized Content-Security-Policy directive 'prefetch-src'.
[2024-11-23 22:15:07.115] [info]  [FAST CONNECT] wss://gateway.discord.gg/?encoding=etf&v=9&compress=zstd-stream, encoding: etf, version: 9
[2024-11-23 22:15:32.720] [info]  [FAST CONNECT] connected in 25605ms
[2024-11-23 22:17:09.969] [error] Unrecognized Content-Security-Policy directive 'prefetch-src'.
[2024-11-23 22:17:09.970] [error] Unrecognized Content-Security-Policy directive 'prefetch-src'.
[2024-11-24 01:27:24.938] [info]  DiscordSplash.signalReady
[2024-11-24 01:27:24.945] [info]  Slow network is detected. See https://www.chromestatus.com/feature/5636954674692096 for more details. Fallback font will be used while loading: file:///opt/discord/resources/app.asar/app_bootstrap/splash/bf3d19297ef12291559b3edae977480c.woff2
[2024-11-24 01:27:25.018] [info]  DiscordSplash.onStateUpdate: {"status":"checking-for-updates"}
[2024-11-24 01:27:25.019] [info]  Splash.onStateUpdate: {"status":"checking-for-updates"}
[2024-11-24 01:27:31.628] [info]  DiscordSplash.onStateUpdate: {"status":"launching"}
[2024-11-24 01:27:31.629] [info]  Splash.onStateUpdate: {"status":"launching"}
[2024-11-24 01:27:32.548] [error] Unrecognized Content-Security-Policy directive 'prefetch-src'.
[2024-11-24 01:27:32.747] [info]  [FAST CONNECT] wss://gateway.discord.gg/?encoding=etf&v=9&compress=zstd-stream, encoding: etf, version: 9
[2024-11-24 01:27:32.776] [error] Unrecognized Content-Security-Policy directive 'prefetch-src'.
[2024-11-24 01:27:32.776] [error] Unrecognized Content-Security-Policy directive 'prefetch-src'.
[2024-11-24 01:27:34.816] [info]  [FAST CONNECT] connected in 2068ms
[2024-11-24 01:33:08.880] [error] Unrecognized Content-Security-Policy directive 'prefetch-src'.
[2024-11-24 01:33:08.881] [error] Unrecognized Content-Security-Policy directive 'prefetch-src'.
[2024-11-24 16:09:46.207] [info]  DiscordSplash.signalReady
[2024-11-24 16:09:46.216] [info]  Slow network is detected. See https://www.chromestatus.com/feature/5636954674692096 for more details. Fallback font will be used while loading: file:///opt/discord/resources/app.asar/app_bootstrap/splash/bf3d19297ef12291559b3edae977480c.woff2
[2024-11-24 16:09:46.231] [info]  DiscordSplash.onStateUpdate: {"status":"checking-for-updates"}
[2024-11-24 16:09:46.231] [info]  Splash.onStateUpdate: {"status":"checking-for-updates"}
[2024-11-24 16:09:47.540] [info]  DiscordSplash.onStateUpdate: {"status":"launching"}
[2024-11-24 16:09:47.540] [info]  Splash.onStateUpdate: {"status":"launching"}
[2024-11-24 16:09:48.359] [error] Unrecognized Content-Security-Policy directive 'prefetch-src'.
[2024-11-24 16:09:48.581] [info]  [FAST CONNECT] wss://gateway.discord.gg/?encoding=etf&v=9&compress=zstd-stream, encoding: etf, version: 9
[2024-11-24 16:09:48.602] [error] Unrecognized Content-Security-Policy directive 'prefetch-src'.
[2024-11-24 16:09:48.603] [error] Unrecognized Content-Security-Policy directive 'prefetch-src'.
[2024-11-24 16:09:49.329] [info]  [FAST CONNECT] connected in 747ms
[2024-11-24 16:09:49.983] [info]  Initializing voice engine with audio subsystem: standard
[2024-11-24 16:09:50.095] [info]  [default] [BUILD INFO] Release Channel: stable, Build Number: 347699, Version Hash: 5cba0febf321f76109b58a6fd919c746cf67602c
[2024-11-24 16:09:50.220] [info]  [default] [NATIVE INFO] host 0.0.75, modules: discord_desktop_core: 1, discord_erlpack: 1, discord_spellcheck: 1, discord_utils: 1, discord_voice: 1, discord_zstd: 1, discord_krisp: 1, discord_game_utils: 1, discord_rpc: 1, build: null
[2024-11-24 16:09:50.755] [error] [Spellchecker] sh is not a valid locale.
[2024-11-24 16:09:50.784] [error] Unrecognized Content-Security-Policy directive 'prefetch-src'.
[2024-11-24 16:09:50.786] [info]  [Spellchecker] Switching to en-US (available)
[2024-11-24 16:09:50.888] [error] Unrecognized Content-Security-Policy directive 'prefetch-src'.
[2024-11-24 16:09:50.889] [error] Unrecognized Content-Security-Policy directive 'prefetch-src'.
[2024-11-24 16:09:51.319] [warn]  [CloudSyncUtils] CloudSync is not supported on this platform
[2024-11-24 16:09:51.447] [info]  [GatewaySocket] [CONNECT] wss://gateway.discord.gg, encoding: etf, version: 9, compression: zstd-stream
[2024-11-24 16:09:51.447] [info]  [GatewaySocket] [FAST CONNECT] successfully took over websocket, state: [object Object]
[2024-11-24 16:09:51.447] [info]  [GatewaySocket] [CONNECTED] wss://gateway.discord.gg/?encoding=etf&v=9&compress=zstd-stream in 0 ms
[2024-11-24 16:09:51.461] [info]  [RPCServer:WSS] Starting on 6463
[2024-11-24 16:09:51.485] [info]  [RPCServer:IPC] Starting on /run/user/1000/discord-ipc-0
[2024-11-24 16:09:53.279] [info]  [GatewaySocket] [READY] took 1832ms, as 31bdd7572a0a581a4cca71ee89b5eccd
[2024-11-24 16:09:53.292] [info]  [Flux] Dispatching CONNECTION_OPEN
[2024-11-24 16:09:53.294] [info]  [DatabaseManager] removing database (user: 714728028340748328, database: undefined)
[2024-11-24 16:09:53.299] [warn]  [NativeDispatchUtils] Tried getting Dispatch instance before instantiated
[2024-11-24 16:09:53.326] [info]  [GatewaySocket] [READY_SUPPLEMENTAL] took 1879ms
[2024-11-24 16:09:53.427] [info]  [discord_protos.discord_users.v1.FrecencyUserSettings] Loading proto
[2024-11-24 16:09:53.511] [error] Unrecognized Content-Security-Policy directive 'prefetch-src'.
[2024-11-24 16:09:56.295] [error] Access to XMLHttpRequest at 'https://cdn.discordapp.com/changelogs/config_0.json?x=1' from origin 'https://discordapp.com' has been blocked by CORS policy: No 'Access-Control-Allow-Origin' header is present on the requested resource.
[2024-11-24 16:09:56.312] [error] Uncaught (in promise) Error: Request has been terminated
Possible causes: the network is offline, Origin is not allowed by Access-Control-Allow-Origin, the page is being unloaded, etc.
[2024-11-24 16:11:07.693] [info]  [MessageActionCreators] Fetching messages for 1270411234662944830 between undefined and undefined. jump={"jumpType":"ANIMATED"}
[2024-11-24 16:11:07.704] [error] Unrecognized Content-Security-Policy directive 'prefetch-src'.
[2024-11-24 16:11:07.759] [info]  [Routing/Utils] transitionTo - Transitioning to /channels/1269741302799536178/1270411234662944830
[2024-11-24 16:11:08.280] [info]  [MessageActionCreators] Fetched 50 messages for 1270411234662944830 isBefore:false isAfter:false
[2024-11-24 16:11:08.285] [info]  [ChannelMessages] loadComplete: resetting state for channelId=1270411234662944830, sending.length=0
[2024-11-24 16:11:10.636] [info]  [MessageActionCreators] Fetching messages for 1269843938110472328 between undefined and undefined. jump={"jumpType":"ANIMATED"}
[2024-11-24 16:11:10.761] [info]  [Routing/Utils] transitionTo - Transitioning to /channels/1269741302799536178/1269843938110472328
[2024-11-24 16:11:11.458] [info]  [MessageActionCreators] Fetched 14 messages for 1269843938110472328 isBefore:false isAfter:false
[2024-11-24 16:11:11.460] [info]  [ChannelMessages] loadComplete: resetting state for channelId=1269843938110472328, sending.length=0
[2024-11-24 16:55:13.871] [info]  DiscordSplash.signalReady
[2024-11-24 16:55:13.898] [info]  DiscordSplash.onStateUpdate: {"status":"checking-for-updates"}
[2024-11-24 16:55:13.898] [info]  Splash.onStateUpdate: {"status":"checking-for-updates"}
[2024-11-24 16:55:15.546] [info]  DiscordSplash.onStateUpdate: {"status":"launching"}
[2024-11-24 16:55:15.547] [info]  Splash.onStateUpdate: {"status":"launching"}
[2024-11-24 16:55:17.177] [error] Unrecognized Content-Security-Policy directive 'prefetch-src'.
[2024-11-24 16:55:17.636] [info]  [FAST CONNECT] wss://gateway.discord.gg/?encoding=etf&v=9&compress=zstd-stream, encoding: etf, version: 9
[2024-11-24 16:55:17.662] [error] Unrecognized Content-Security-Policy directive 'prefetch-src'.
[2024-11-24 16:55:17.662] [error] Unrecognized Content-Security-Policy directive 'prefetch-src'.
[2024-11-24 16:55:18.108] [info]  Initializing voice engine with audio subsystem: standard
[2024-11-24 16:55:18.167] [info]  [default] [BUILD INFO] Release Channel: stable, Build Number: 347699, Version Hash: 5cba0febf321f76109b58a6fd919c746cf67602c
[2024-11-24 16:55:18.216] [info]  [default] [NATIVE INFO] host 0.0.75, modules: discord_desktop_core: 1, discord_erlpack: 1, discord_spellcheck: 1, discord_utils: 1, discord_voice: 1, discord_zstd: 1, discord_krisp: 1, discord_game_utils: 1, discord_rpc: 1, build: null
[2024-11-24 16:55:18.896] [error] [Spellchecker] sh is not a valid locale.
[2024-11-24 16:55:18.900] [error] Unrecognized Content-Security-Policy directive 'prefetch-src'.
[2024-11-24 16:55:18.901] [info]  [FAST CONNECT] connected in 1264ms
[2024-11-24 16:55:18.901] [info]  [Spellchecker] Switching to en-US (available)
[2024-11-24 16:55:18.986] [error] Unrecognized Content-Security-Policy directive 'prefetch-src'.
[2024-11-24 16:55:18.986] [error] Unrecognized Content-Security-Policy directive 'prefetch-src'.
[2024-11-24 16:55:19.734] [warn]  [CloudSyncUtils] CloudSync is not supported on this platform
[2024-11-24 16:55:19.774] [info]  [GatewaySocket] [CONNECT] wss://gateway.discord.gg, encoding: etf, version: 9, compression: zstd-stream
[2024-11-24 16:55:19.774] [info]  [GatewaySocket] [FAST CONNECT] successfully took over websocket, state: [object Object]
[2024-11-24 16:55:19.774] [info]  [GatewaySocket] [CONNECTED] wss://gateway.discord.gg/?encoding=etf&v=9&compress=zstd-stream in 0 ms
[2024-11-24 16:55:19.804] [info]  [RPCServer:WSS] Starting on 6463
[2024-11-24 16:55:19.806] [info]  [RPCServer:IPC] Starting on /run/user/1000/discord-ipc-0
[2024-11-24 16:55:20.894] [info]  [GatewaySocket] [READY] took 1121ms, as 1e69c7eef3e6f081ffe2e952d77d45d9
[2024-11-24 16:55:20.906] [info]  [Flux] Dispatching CONNECTION_OPEN
[2024-11-24 16:55:20.907] [info]  [DatabaseManager] removing database (user: 714728028340748328, database: undefined)
[2024-11-24 16:55:20.910] [warn]  [NativeDispatchUtils] Tried getting Dispatch instance before instantiated
[2024-11-24 16:55:20.919] [info]  [MessageActionCreators] Fetching messages for 1269843938110472328 between undefined and undefined. jump={"jumpType":"ANIMATED"}
[2024-11-24 16:55:20.926] [info]  [GatewaySocket] [READY_SUPPLEMENTAL] took 1153ms
[2024-11-24 16:55:21.041] [info]  [discord_protos.discord_users.v1.FrecencyUserSettings] Loading proto
[2024-11-24 16:55:21.164] [error] Unrecognized Content-Security-Policy directive 'prefetch-src'.
[2024-11-24 16:55:21.534] [info]  [MessageActionCreators] Fetched 14 messages for 1269843938110472328 isBefore:false isAfter:false
[2024-11-24 16:55:21.539] [info]  [ChannelMessages] loadComplete: resetting state for channelId=1269843938110472328, sending.length=0
[2024-11-24 16:55:24.521] [info]  [discord_protos.discord_users.v1.FrecencyUserSettings] Scheduling save from markDirty
[2024-11-24 16:55:24.522] [info]  [discord_protos.discord_users.v1.FrecencyUserSettings] Persisting proto
[2024-11-24 16:55:26.768] [error] Access to XMLHttpRequest at 'https://cdn.discordapp.com/changelogs/config_0.json?x=11' from origin 'https://discordapp.com' has been blocked by CORS policy: No 'Access-Control-Allow-Origin' header is present on the requested resource.
[2024-11-24 16:55:26.772] [error] Uncaught (in promise) Error: Request has been terminated
Possible causes: the network is offline, Origin is not allowed by Access-Control-Allow-Origin, the page is being unloaded, etc.
[2024-11-24 16:55:57.826] [info]  [WindowVisibilityVideoManager] Incoming video enabled changed, incomingVideoEnabled = false
[2024-11-24 17:10:47.236] [info]  [RPCServer:IPC] Socket Opened: 3
[2024-11-24 17:10:48.680] [info]  [RPCServer:IPC] Socket Emit: 3 [object Object]
[2024-11-24 17:10:49.226] [info]  [RPCServer:IPC] Socket Message: 3 [object Object]
[2024-11-24 17:10:49.916] [info]  [RPCServer:IPC] Socket Emit: 3 [object Object]
[2024-11-24 17:14:59.895] [info]  [RPCServer:IPC] Socket Message: 3 [object Object]
[2024-11-24 17:14:59.933] [info]  [RPCServer:IPC] Socket Emit: 3 [object Object]
[2024-11-24 17:15:03.258] [info]  [RPCServer:IPC] Socket Close: 3
[2024-11-24 17:57:06.683] [info]  [GatewaySocket] [WS CLOSED] (false, 1006, ) retrying in 2.91 seconds.
[2024-11-24 18:49:17.110] [info]  [GatewaySocket] [CONNECT] wss://gateway-us-east1-c.discord.gg, encoding: etf, version: 9, compression: zstd-stream
[2024-11-24 18:49:17.116] [info]  [GatewaySocket] [WS CLOSED] (false, 0, An error with the websocket occurred) retrying in 8.49 seconds.
[2024-11-24 18:49:18.016] [info]  [GatewaySocket] [CONNECT] wss://gateway.discord.gg, encoding: etf, version: 9, compression: zstd-stream
[2024-11-24 18:49:18.021] [info]  [GatewaySocket] [WS CLOSED] (true, 0, power monitor resumed) retrying immediately.
[2024-11-24 18:49:18.021] [info]  [GatewaySocket] [CONNECT] wss://gateway.discord.gg, encoding: etf, version: 9, compression: zstd-stream
[2024-11-24 18:49:18.022] [info]  [GatewaySocket] [WS CLOSED] (false, 0, An error with the websocket occurred) retrying in 1.24 seconds.
[2024-11-24 18:49:20.224] [info]  [GatewaySocket] [CONNECT] wss://gateway.discord.gg, encoding: etf, version: 9, compression: zstd-stream
[2024-11-24 18:49:20.230] [info]  [GatewaySocket] [WS CLOSED] (false, 0, An error with the websocket occurred) retrying in 3.07 seconds.
[2024-11-24 18:49:22.773] [info]  [GatewaySocket] [CONNECT] wss://gateway.discord.gg, encoding: etf, version: 9, compression: zstd-stream
[2024-11-24 18:49:24.980] [info]  [GatewaySocket] [WS CLOSED] (false, 0, An error with the websocket occurred) retrying in 1.65 seconds.
[2024-11-24 18:49:27.234] [info]  [GatewaySocket] [CONNECT] wss://gateway.discord.gg, encoding: etf, version: 9, compression: zstd-stream
[2024-11-24 18:49:28.623] [info]  [GatewaySocket] [WS CLOSED] (false, 0, An error with the websocket occurred) retrying in 4.77 seconds.
[2024-11-24 18:49:29.735] [warn]  [AnalyticsTrackingStore] Track: Request has been terminated
Possible causes: the network is offline, Origin is not allowed by Access-Control-Allow-Origin, the page is being unloaded, etc.
[2024-11-24 18:49:34.226] [info]  [GatewaySocket] [CONNECT] wss://gateway.discord.gg, encoding: etf, version: 9, compression: zstd-stream
[2024-11-24 18:49:35.871] [info]  [GatewaySocket] [WS CLOSED] (false, 0, An error with the websocket occurred) retrying in 5.31 seconds.
[2024-11-24 18:49:41.228] [info]  [GatewaySocket] [CONNECT] wss://gateway.discord.gg, encoding: etf, version: 9, compression: zstd-stream
[2024-11-24 18:49:42.432] [info]  [GatewaySocket] [WS CLOSED] (false, 0, An error with the websocket occurred) retrying in 6.92 seconds.
[2024-11-24 18:49:50.232] [info]  [GatewaySocket] [CONNECT] wss://gateway.discord.gg, encoding: etf, version: 9, compression: zstd-stream
[2024-11-24 18:49:50.625] [info]  [GatewaySocket] [WS CLOSED] (false, 0, An error with the websocket occurred) retrying in 11.75 seconds.
[2024-11-24 18:49:50.625] [warn]  [GatewaySocket] [RESET] (false, 0, An error with the websocket occurred)
[2024-11-24 18:49:50.626] [info]  [Flux] Dispatching CONNECTION_CLOSED
[2024-11-24 18:49:58.543] [warn]  [AnalyticsTrackingStore] Track: Request has been terminated
Possible causes: the network is offline, Origin is not allowed by Access-Control-Allow-Origin, the page is being unloaded, etc.
[2024-11-24 18:50:03.234] [info]  [GatewaySocket] [CONNECT] wss://gateway.discord.gg, encoding: etf, version: 9, compression: zstd-stream
[2024-11-24 18:50:03.736] [error] Uncaught (in promise) Error: Request has been terminated
Possible causes: the network is offline, Origin is not allowed by Access-Control-Allow-Origin, the page is being unloaded, etc.
[2024-11-24 18:50:04.944] [info]  [GatewaySocket] [WS CLOSED] (false, 0, An error with the websocket occurred) retrying in 30.31 seconds.
[2024-11-24 18:50:04.945] [warn]  [GatewaySocket] [RESET] (false, 0, An error with the websocket occurred)
[2024-11-24 18:50:04.945] [info]  [Flux] Dispatching CONNECTION_CLOSED
[2024-11-24 18:50:36.229] [info]  [GatewaySocket] [CONNECT] wss://gateway.discord.gg, encoding: etf, version: 9, compression: zstd-stream
[2024-11-24 18:50:41.395] [info]  [GatewaySocket] [WS CLOSED] (false, 0, An error with the websocket occurred) retrying in 60.00 seconds.
[2024-11-24 18:50:41.395] [warn]  [GatewaySocket] [RESET] (false, 0, An error with the websocket occurred)
[2024-11-24 18:50:41.395] [info]  [Flux] Dispatching CONNECTION_CLOSED
[2024-11-24 18:51:42.230] [info]  [GatewaySocket] [CONNECT] wss://gateway.discord.gg, encoding: etf, version: 9, compression: zstd-stream
[2024-11-24 18:51:44.093] [info]  [GatewaySocket] [WS CLOSED] (false, 0, An error with the websocket occurred) retrying in 60.00 seconds.
[2024-11-24 18:51:44.093] [warn]  [GatewaySocket] [RESET] (false, 0, An error with the websocket occurred)
[2024-11-24 18:51:44.094] [info]  [Flux] Dispatching CONNECTION_CLOSED
[2024-11-24 18:52:44.230] [info]  [GatewaySocket] [CONNECT] wss://gateway.discord.gg, encoding: etf, version: 9, compression: zstd-stream
[2024-11-24 18:52:45.201] [info]  [GatewaySocket] [CONNECTED] wss://gateway.discord.gg/?encoding=etf&v=9&compress=zstd-stream in 970 ms
[2024-11-24 18:54:02.262] [warn]  [GatewaySocket] [ACK TIMEOUT] reconnecting in 60.00 seconds.
[2024-11-24 18:54:28.269] [info]  [GatewaySocket] [CONNECT] wss://gateway.discord.gg, encoding: etf, version: 9, compression: zstd-stream
[2024-11-24 18:54:28.996] [info]  [GatewaySocket] [CONNECTED] wss://gateway.discord.gg/?encoding=etf&v=9&compress=zstd-stream in 727 ms
[2024-11-24 18:54:30.171] [info]  [GatewaySocket] [READY] took 1903ms, as 17ad306f6ddd4b43683b776ed93c8ad4
[2024-11-24 18:54:30.190] [info]  [Flux] Dispatching CONNECTION_OPEN
[2024-11-24 18:54:30.197] [info]  [DatabaseManager] removing database (user: 714728028340748328, database: null)
[2024-11-24 18:54:30.207] [warn]  [NativeDispatchUtils] Tried getting Dispatch instance before instantiated
[2024-11-24 18:54:30.326] [info]  [GatewaySocket] [READY_SUPPLEMENTAL] took 2058ms
[2024-11-24 18:54:34.888] [error] Access to XMLHttpRequest at 'https://cdn.discordapp.com/changelogs/config_0.json?x=10' from origin 'https://discordapp.com' has been blocked by CORS policy: No 'Access-Control-Allow-Origin' header is present on the requested resource.
[2024-11-24 18:54:34.894] [error] Uncaught (in promise) Error: Request has been terminated
Possible causes: the network is offline, Origin is not allowed by Access-Control-Allow-Origin, the page is being unloaded, etc.
[2024-11-24 19:16:26.838] [info]  [GatewaySocket] [CONNECT] wss://gateway-us-east1-b.discord.gg, encoding: etf, version: 9, compression: zstd-stream
[2024-11-24 19:16:27.852] [info]  [GatewaySocket] [CONNECTED] wss://gateway-us-east1-b.discord.gg/?encoding=etf&v=9&compress=zstd-stream in 1014 ms
[2024-11-24 19:16:27.852] [info]  [GatewaySocket] [RESUME] resuming session 17ad306f6ddd4b43683b776ed93c8ad4, seq: 73
[2024-11-24 19:16:29.226] [info]  [Flux] Dispatching CONNECTION_RESUMED
[2024-11-24 19:16:29.230] [info]  [GatewaySocket] [RESUMED] took 2393ms, replayed 0 events, new seq: 74
[2024-11-26 18:03:06.467] [info]  DiscordSplash.signalReady
[2024-11-26 18:03:06.492] [info]  DiscordSplash.onStateUpdate: {"status":"checking-for-updates"}
[2024-11-26 18:03:06.492] [info]  Splash.onStateUpdate: {"status":"checking-for-updates"}
[2024-11-26 18:03:07.299] [info]  DiscordSplash.onStateUpdate: {"status":"update-manually","newVersion":"0.0.76"}
[2024-11-26 18:03:07.300] [info]  Splash.onStateUpdate: {"status":"update-manually","newVersion":"0.0.76"}
[2024-11-29 11:12:31.628] [info]  DiscordSplash.signalReady
[2024-11-29 11:12:31.633] [info]  Slow network is detected. See https://www.chromestatus.com/feature/5636954674692096 for more details. Fallback font will be used while loading: file:///opt/discord/resources/app.asar/app_bootstrap/splash/bf3d19297ef12291559b3edae977480c.woff2
[2024-11-29 11:12:31.652] [info]  DiscordSplash.onStateUpdate: {"status":"installing-updates","current":1,"total":6}
[2024-11-29 11:12:31.653] [info]  Splash.onStateUpdate: {"status":"installing-updates","current":1,"total":6}
[2024-11-29 11:12:31.654] [info]  DiscordSplash.onStateUpdate: {"status":"installing-updates","current":2,"total":6}
[2024-11-29 11:12:31.654] [info]  Splash.onStateUpdate: {"status":"installing-updates","current":2,"total":6}
[2024-11-29 11:12:31.654] [info]  DiscordSplash.onStateUpdate: {"status":"installing-updates","current":3,"total":6}
[2024-11-29 11:12:31.654] [info]  Splash.onStateUpdate: {"status":"installing-updates","current":3,"total":6}
[2024-11-29 11:12:31.655] [info]  DiscordSplash.onStateUpdate: {"status":"installing-updates","current":4,"total":6}
[2024-11-29 11:12:31.655] [info]  Splash.onStateUpdate: {"status":"installing-updates","current":4,"total":6}
[2024-11-29 11:12:31.655] [info]  DiscordSplash.onStateUpdate: {"status":"installing-updates","current":5,"total":6}
[2024-11-29 11:12:31.656] [info]  Splash.onStateUpdate: {"status":"installing-updates","current":5,"total":6}
[2024-11-29 11:12:31.656] [info]  DiscordSplash.onStateUpdate: {"status":"installing-updates","current":6,"total":6}
[2024-11-29 11:12:31.656] [info]  Splash.onStateUpdate: {"status":"installing-updates","current":6,"total":6}
[2024-11-29 11:12:31.656] [info]  DiscordSplash.onStateUpdate: {"status":"checking-for-updates","current":6,"total":6}
[2024-11-29 11:12:31.656] [info]  Splash.onStateUpdate: {"status":"checking-for-updates","current":6,"total":6}
[2024-11-29 11:12:32.328] [info]  DiscordSplash.onStateUpdate: {"status":"downloading-updates","current":1,"total":6}
[2024-11-29 11:12:32.328] [info]  Splash.onStateUpdate: {"status":"downloading-updates","current":1,"total":6}
[2024-11-29 11:12:33.001] [info]  DiscordSplash.onStateUpdate: {"status":"downloading-updates","current":1,"total":6,"progress":1}
[2024-11-29 11:12:33.001] [info]  Splash.onStateUpdate: {"status":"downloading-updates","current":1,"total":6,"progress":1}
[2024-11-29 11:12:33.016] [info]  DiscordSplash.onStateUpdate: {"status":"downloading-updates","current":1,"total":6,"progress":2}
[2024-11-29 11:12:33.016] [info]  Splash.onStateUpdate: {"status":"downloading-updates","current":1,"total":6,"progress":2}
[2024-11-29 11:12:33.035] [info]  DiscordSplash.onStateUpdate: {"status":"downloading-updates","current":1,"total":6,"progress":3}
[2024-11-29 11:12:33.035] [info]  Splash.onStateUpdate: {"status":"downloading-updates","current":1,"total":6,"progress":3}
[2024-11-29 11:12:33.049] [info]  DiscordSplash.onStateUpdate: {"status":"downloading-updates","current":1,"total":6,"progress":4}
[2024-11-29 11:12:33.049] [info]  Splash.onStateUpdate: {"status":"downloading-updates","current":1,"total":6,"progress":4}
[2024-11-29 11:12:33.055] [info]  DiscordSplash.onStateUpdate: {"status":"downloading-updates","current":1,"total":6,"progress":5}
[2024-11-29 11:12:33.056] [info]  Splash.onStateUpdate: {"status":"downloading-updates","current":1,"total":6,"progress":5}
[2024-11-29 11:12:33.073] [info]  DiscordSplash.onStateUpdate: {"status":"downloading-updates","current":1,"total":6,"progress":6}
[2024-11-29 11:12:33.073] [info]  Splash.onStateUpdate: {"status":"downloading-updates","current":1,"total":6,"progress":6}
[2024-11-29 11:12:33.083] [info]  DiscordSplash.onStateUpdate: {"status":"downloading-updates","current":1,"total":6,"progress":7}
[2024-11-29 11:12:33.084] [info]  Splash.onStateUpdate: {"status":"downloading-updates","current":1,"total":6,"progress":7}
[2024-11-29 11:12:33.091] [info]  DiscordSplash.onStateUpdate: {"status":"downloading-updates","current":1,"total":6,"progress":8}
[2024-11-29 11:12:33.091] [info]  Splash.onStateUpdate: {"status":"downloading-updates","current":1,"total":6,"progress":8}
[2024-11-29 11:12:33.094] [info]  DiscordSplash.onStateUpdate: {"status":"downloading-updates","current":1,"total":6,"progress":9}
[2024-11-29 11:12:33.094] [info]  Splash.onStateUpdate: {"status":"downloading-updates","current":1,"total":6,"progress":9}
[2024-11-29 11:12:33.098] [info]  DiscordSplash.onStateUpdate: {"status":"downloading-updates","current":1,"total":6,"progress":10}
[2024-11-29 11:12:33.099] [info]  Splash.onStateUpdate: {"status":"downloading-updates","current":1,"total":6,"progress":10}
[2024-11-29 11:12:33.112] [info]  DiscordSplash.onStateUpdate: {"status":"downloading-updates","current":1,"total":6,"progress":12}
[2024-11-29 11:12:33.112] [info]  Splash.onStateUpdate: {"status":"downloading-updates","current":1,"total":6,"progress":12}
[2024-11-29 11:12:33.116] [info]  DiscordSplash.onStateUpdate: {"status":"downloading-updates","current":1,"total":6,"progress":13}
[2024-11-29 11:12:33.117] [info]  Splash.onStateUpdate: {"status":"downloading-updates","current":1,"total":6,"progress":13}
[2024-11-29 11:12:33.121] [info]  DiscordSplash.onStateUpdate: {"status":"downloading-updates","current":1,"total":6,"progress":14}
[2024-11-29 11:12:33.121] [info]  Splash.onStateUpdate: {"status":"downloading-updates","current":1,"total":6,"progress":14}
[2024-11-29 11:12:33.126] [info]  DiscordSplash.onStateUpdate: {"status":"downloading-updates","current":1,"total":6,"progress":15}
[2024-11-29 11:12:33.127] [info]  Splash.onStateUpdate: {"status":"downloading-updates","current":1,"total":6,"progress":15}
[2024-11-29 11:12:33.147] [info]  DiscordSplash.onStateUpdate: {"status":"downloading-updates","current":1,"total":6,"progress":16}
[2024-11-29 11:12:33.147] [info]  Splash.onStateUpdate: {"status":"downloading-updates","current":1,"total":6,"progress":16}
[2024-11-29 11:12:33.154] [info]  DiscordSplash.onStateUpdate: {"status":"downloading-updates","current":1,"total":6,"progress":17}
[2024-11-29 11:12:33.154] [info]  Splash.onStateUpdate: {"status":"downloading-updates","current":1,"total":6,"progress":17}
[2024-11-29 11:12:33.170] [info]  DiscordSplash.onStateUpdate: {"status":"downloading-updates","current":1,"total":6,"progress":18}
[2024-11-29 11:12:33.171] [info]  Splash.onStateUpdate: {"status":"downloading-updates","current":1,"total":6,"progress":18}
[2024-11-29 11:12:33.180] [info]  DiscordSplash.onStateUpdate: {"status":"downloading-updates","current":1,"total":6,"progress":20}
[2024-11-29 11:12:33.180] [info]  Splash.onStateUpdate: {"status":"downloading-updates","current":1,"total":6,"progress":20}
[2024-11-29 11:12:33.183] [info]  DiscordSplash.onStateUpdate: {"status":"downloading-updates","current":1,"total":6,"progress":21}
[2024-11-29 11:12:33.183] [info]  Splash.onStateUpdate: {"status":"downloading-updates","current":1,"total":6,"progress":21}
[2024-11-29 11:12:33.187] [info]  DiscordSplash.onStateUpdate: {"status":"downloading-updates","current":1,"total":6,"progress":22}
[2024-11-29 11:12:33.187] [info]  Splash.onStateUpdate: {"status":"downloading-updates","current":1,"total":6,"progress":22}
[2024-11-29 11:12:33.195] [info]  DiscordSplash.onStateUpdate: {"status":"downloading-updates","current":1,"total":6,"progress":24}
[2024-11-29 11:12:33.195] [info]  Splash.onStateUpdate: {"status":"downloading-updates","current":1,"total":6,"progress":24}
[2024-11-29 11:12:33.206] [info]  DiscordSplash.onStateUpdate: {"status":"downloading-updates","current":1,"total":6,"progress":26}
[2024-11-29 11:12:33.206] [info]  Splash.onStateUpdate: {"status":"downloading-updates","current":1,"total":6,"progress":26}
[2024-11-29 11:12:33.214] [info]  DiscordSplash.onStateUpdate: {"status":"downloading-updates","current":1,"total":6,"progress":28}
[2024-11-29 11:12:33.215] [info]  Splash.onStateUpdate: {"status":"downloading-updates","current":1,"total":6,"progress":28}
[2024-11-29 11:12:33.226] [info]  DiscordSplash.onStateUpdate: {"status":"downloading-updates","current":1,"total":6,"progress":29}
[2024-11-29 11:12:33.227] [info]  Splash.onStateUpdate: {"status":"downloading-updates","current":1,"total":6,"progress":29}
[2024-11-29 11:12:33.237] [info]  DiscordSplash.onStateUpdate: {"status":"downloading-updates","current":1,"total":6,"progress":31}
[2024-11-29 11:12:33.238] [info]  Splash.onStateUpdate: {"status":"downloading-updates","current":1,"total":6,"progress":31}
[2024-11-29 11:12:33.249] [info]  DiscordSplash.onStateUpdate: {"status":"downloading-updates","current":1,"total":6,"progress":33}
[2024-11-29 11:12:33.250] [info]  Splash.onStateUpdate: {"status":"downloading-updates","current":1,"total":6,"progress":33}
[2024-11-29 11:12:33.275] [info]  DiscordSplash.onStateUpdate: {"status":"downloading-updates","current":1,"total":6,"progress":35}
[2024-11-29 11:12:33.277] [info]  Splash.onStateUpdate: {"status":"downloading-updates","current":1,"total":6,"progress":35}
[2024-11-29 11:12:33.279] [info]  DiscordSplash.onStateUpdate: {"status":"downloading-updates","current":1,"total":6,"progress":36}
[2024-11-29 11:12:33.281] [info]  Splash.onStateUpdate: {"status":"downloading-updates","current":1,"total":6,"progress":36}
[2024-11-29 11:12:33.286] [info]  DiscordSplash.onStateUpdate: {"status":"downloading-updates","current":1,"total":6,"progress":37}
[2024-11-29 11:12:33.286] [info]  Splash.onStateUpdate: {"status":"downloading-updates","current":1,"total":6,"progress":37}
[2024-11-29 11:12:33.295] [info]  DiscordSplash.onStateUpdate: {"status":"downloading-updates","current":1,"total":6,"progress":39}
[2024-11-29 11:12:33.295] [info]  Splash.onStateUpdate: {"status":"downloading-updates","current":1,"total":6,"progress":39}
[2024-11-29 11:12:33.301] [info]  DiscordSplash.onStateUpdate: {"status":"downloading-updates","current":1,"total":6,"progress":40}
[2024-11-29 11:12:33.301] [info]  Splash.onStateUpdate: {"status":"downloading-updates","current":1,"total":6,"progress":40}
[2024-11-29 11:12:33.303] [info]  DiscordSplash.onStateUpdate: {"status":"downloading-updates","current":1,"total":6,"progress":41}
[2024-11-29 11:12:33.303] [info]  Splash.onStateUpdate: {"status":"downloading-updates","current":1,"total":6,"progress":41}
[2024-11-29 11:12:33.315] [info]  DiscordSplash.onStateUpdate: {"status":"downloading-updates","current":1,"total":6,"progress":43}
[2024-11-29 11:12:33.315] [info]  Splash.onStateUpdate: {"status":"downloading-updates","current":1,"total":6,"progress":43}
[2024-11-29 11:12:33.316] [info]  DiscordSplash.onStateUpdate: {"status":"downloading-updates","current":1,"total":6,"progress":44}
[2024-11-29 11:12:33.317] [info]  Splash.onStateUpdate: {"status":"downloading-updates","current":1,"total":6,"progress":44}
[2024-11-29 11:12:33.320] [info]  DiscordSplash.onStateUpdate: {"status":"downloading-updates","current":1,"total":6,"progress":45}
[2024-11-29 11:12:33.320] [info]  Splash.onStateUpdate: {"status":"downloading-updates","current":1,"total":6,"progress":45}
[2024-11-29 11:12:33.326] [info]  DiscordSplash.onStateUpdate: {"status":"downloading-updates","current":1,"total":6,"progress":47}
[2024-11-29 11:12:33.327] [info]  Splash.onStateUpdate: {"status":"downloading-updates","current":1,"total":6,"progress":47}
[2024-11-29 11:12:33.330] [info]  DiscordSplash.onStateUpdate: {"status":"downloading-updates","current":1,"total":6,"progress":48}
[2024-11-29 11:12:33.330] [info]  Splash.onStateUpdate: {"status":"downloading-updates","current":1,"total":6,"progress":48}
[2024-11-29 11:12:33.336] [info]  DiscordSplash.onStateUpdate: {"status":"downloading-updates","current":1,"total":6,"progress":50}
[2024-11-29 11:12:33.336] [info]  Splash.onStateUpdate: {"status":"downloading-updates","current":1,"total":6,"progress":50}
[2024-11-29 11:12:33.337] [info]  DiscordSplash.onStateUpdate: {"status":"downloading-updates","current":1,"total":6,"progress":51}
[2024-11-29 11:12:33.338] [info]  Splash.onStateUpdate: {"status":"downloading-updates","current":1,"total":6,"progress":51}
[2024-11-29 11:12:33.344] [info]  DiscordSplash.onStateUpdate: {"status":"downloading-updates","current":1,"total":6,"progress":53}
[2024-11-29 11:12:33.344] [info]  Splash.onStateUpdate: {"status":"downloading-updates","current":1,"total":6,"progress":53}
[2024-11-29 11:12:33.365] [info]  DiscordSplash.onStateUpdate: {"status":"downloading-updates","current":1,"total":6,"progress":54}
[2024-11-29 11:12:33.366] [info]  Splash.onStateUpdate: {"status":"downloading-updates","current":1,"total":6,"progress":54}
[2024-11-29 11:12:33.370] [info]  DiscordSplash.onStateUpdate: {"status":"downloading-updates","current":1,"total":6,"progress":56}
[2024-11-29 11:12:33.371] [info]  Splash.onStateUpdate: {"status":"downloading-updates","current":1,"total":6,"progress":56}
[2024-11-29 11:12:33.390] [info]  DiscordSplash.onStateUpdate: {"status":"downloading-updates","current":1,"total":6,"progress":58}
[2024-11-29 11:12:33.391] [info]  Splash.onStateUpdate: {"status":"downloading-updates","current":1,"total":6,"progress":58}
[2024-11-29 11:12:33.397] [info]  DiscordSplash.onStateUpdate: {"status":"downloading-updates","current":1,"total":6,"progress":60}
[2024-11-29 11:12:33.398] [info]  Splash.onStateUpdate: {"status":"downloading-updates","current":1,"total":6,"progress":60}
[2024-11-29 11:12:33.401] [info]  DiscordSplash.onStateUpdate: {"status":"downloading-updates","current":1,"total":6,"progress":61}
[2024-11-29 11:12:33.401] [info]  Splash.onStateUpdate: {"status":"downloading-updates","current":1,"total":6,"progress":61}
[2024-11-29 11:12:33.409] [info]  DiscordSplash.onStateUpdate: {"status":"downloading-updates","current":1,"total":6,"progress":63}
[2024-11-29 11:12:33.410] [info]  Splash.onStateUpdate: {"status":"downloading-updates","current":1,"total":6,"progress":63}
[2024-11-29 11:12:33.412] [info]  DiscordSplash.onStateUpdate: {"status":"downloading-updates","current":1,"total":6,"progress":64}
[2024-11-29 11:12:33.413] [info]  Splash.onStateUpdate: {"status":"downloading-updates","current":1,"total":6,"progress":64}
[2024-11-29 11:12:33.422] [info]  DiscordSplash.onStateUpdate: {"status":"downloading-updates","current":1,"total":6,"progress":66}
[2024-11-29 11:12:33.423] [info]  Splash.onStateUpdate: {"status":"downloading-updates","current":1,"total":6,"progress":66}
[2024-11-29 11:12:33.435] [info]  DiscordSplash.onStateUpdate: {"status":"downloading-updates","current":1,"total":6,"progress":68}
[2024-11-29 11:12:33.436] [info]  Splash.onStateUpdate: {"status":"downloading-updates","current":1,"total":6,"progress":68}
[2024-11-29 11:12:33.443] [info]  DiscordSplash.onStateUpdate: {"status":"downloading-updates","current":1,"total":6,"progress":70}
[2024-11-29 11:12:33.444] [info]  Splash.onStateUpdate: {"status":"downloading-updates","current":1,"total":6,"progress":70}
[2024-11-29 11:12:33.453] [info]  DiscordSplash.onStateUpdate: {"status":"downloading-updates","current":1,"total":6,"progress":72}
[2024-11-29 11:12:33.453] [info]  Splash.onStateUpdate: {"status":"downloading-updates","current":1,"total":6,"progress":72}
[2024-11-29 11:12:33.464] [info]  DiscordSplash.onStateUpdate: {"status":"downloading-updates","current":1,"total":6,"progress":74}
[2024-11-29 11:12:33.464] [info]  Splash.onStateUpdate: {"status":"downloading-updates","current":1,"total":6,"progress":74}
[2024-11-29 11:12:33.484] [info]  DiscordSplash.onStateUpdate: {"status":"downloading-updates","current":1,"total":6,"progress":76}
[2024-11-29 11:12:33.485] [info]  Splash.onStateUpdate: {"status":"downloading-updates","current":1,"total":6,"progress":76}
[2024-11-29 11:12:33.492] [info]  DiscordSplash.onStateUpdate: {"status":"downloading-updates","current":1,"total":6,"progress":78}
[2024-11-29 11:12:33.493] [info]  Splash.onStateUpdate: {"status":"downloading-updates","current":1,"total":6,"progress":78}
[2024-11-29 11:12:33.497] [info]  DiscordSplash.onStateUpdate: {"status":"downloading-updates","current":1,"total":6,"progress":79}
[2024-11-29 11:12:33.498] [info]  Splash.onStateUpdate: {"status":"downloading-updates","current":1,"total":6,"progress":79}
[2024-11-29 11:12:33.505] [info]  DiscordSplash.onStateUpdate: {"status":"downloading-updates","current":1,"total":6,"progress":81}
[2024-11-29 11:12:33.506] [info]  Splash.onStateUpdate: {"status":"downloading-updates","current":1,"total":6,"progress":81}
[2024-11-29 11:12:33.514] [info]  DiscordSplash.onStateUpdate: {"status":"downloading-updates","current":1,"total":6,"progress":82}
[2024-11-29 11:12:33.515] [info]  Splash.onStateUpdate: {"status":"downloading-updates","current":1,"total":6,"progress":82}
[2024-11-29 11:12:33.520] [info]  DiscordSplash.onStateUpdate: {"status":"downloading-updates","current":1,"total":6,"progress":84}
[2024-11-29 11:12:33.520] [info]  Splash.onStateUpdate: {"status":"downloading-updates","current":1,"total":6,"progress":84}
[2024-11-29 11:12:33.533] [info]  DiscordSplash.onStateUpdate: {"status":"downloading-updates","current":1,"total":6,"progress":87}
[2024-11-29 11:12:33.533] [info]  Splash.onStateUpdate: {"status":"downloading-updates","current":1,"total":6,"progress":87}
[2024-11-29 11:12:33.536] [info]  DiscordSplash.onStateUpdate: {"status":"downloading-updates","current":1,"total":6,"progress":89}
[2024-11-29 11:12:33.537] [info]  Splash.onStateUpdate: {"status":"downloading-updates","current":1,"total":6,"progress":89}
[2024-11-29 11:12:33.540] [info]  DiscordSplash.onStateUpdate: {"status":"downloading-updates","current":1,"total":6,"progress":91}
[2024-11-29 11:12:33.540] [info]  Splash.onStateUpdate: {"status":"downloading-updates","current":1,"total":6,"progress":91}
[2024-11-29 11:12:33.542] [info]  DiscordSplash.onStateUpdate: {"status":"downloading-updates","current":1,"total":6,"progress":92}
[2024-11-29 11:12:33.542] [info]  Splash.onStateUpdate: {"status":"downloading-updates","current":1,"total":6,"progress":92}
[2024-11-29 11:12:33.549] [info]  DiscordSplash.onStateUpdate: {"status":"downloading-updates","current":1,"total":6,"progress":94}
[2024-11-29 11:12:33.550] [info]  Splash.onStateUpdate: {"status":"downloading-updates","current":1,"total":6,"progress":94}
[2024-11-29 11:12:33.562] [info]  DiscordSplash.onStateUpdate: {"status":"downloading-updates","current":1,"total":6,"progress":96}
[2024-11-29 11:12:33.562] [info]  Splash.onStateUpdate: {"status":"downloading-updates","current":1,"total":6,"progress":96}
[2024-11-29 11:12:33.564] [info]  DiscordSplash.onStateUpdate: {"status":"downloading-updates","current":1,"total":6,"progress":97}
[2024-11-29 11:12:33.564] [info]  Splash.onStateUpdate: {"status":"downloading-updates","current":1,"total":6,"progress":97}
[2024-11-29 11:12:33.569] [info]  DiscordSplash.onStateUpdate: {"status":"downloading-updates","current":1,"total":6,"progress":100}
[2024-11-29 11:12:33.570] [info]  Splash.onStateUpdate: {"status":"downloading-updates","current":1,"total":6,"progress":100}
[2024-11-29 11:12:33.570] [info]  DiscordSplash.onStateUpdate: {"status":"downloading-updates","current":2,"total":6}
[2024-11-29 11:12:33.570] [info]  Splash.onStateUpdate: {"status":"downloading-updates","current":2,"total":6}
[2024-11-29 11:12:34.050] [info]  DiscordSplash.onStateUpdate: {"status":"downloading-updates","current":2,"total":6,"progress":1}
[2024-11-29 11:12:34.050] [info]  Splash.onStateUpdate: {"status":"downloading-updates","current":2,"total":6,"progress":1}
[2024-11-29 11:12:34.055] [info]  DiscordSplash.onStateUpdate: {"status":"downloading-updates","current":2,"total":6,"progress":3}
[2024-11-29 11:12:34.056] [info]  Splash.onStateUpdate: {"status":"downloading-updates","current":2,"total":6,"progress":3}
[2024-11-29 11:12:34.058] [info]  DiscordSplash.onStateUpdate: {"status":"downloading-updates","current":2,"total":6,"progress":4}
[2024-11-29 11:12:34.059] [info]  Splash.onStateUpdate: {"status":"downloading-updates","current":2,"total":6,"progress":4}
[2024-11-29 11:12:34.059] [info]  DiscordSplash.onStateUpdate: {"status":"downloading-updates","current":2,"total":6,"progress":5}
[2024-11-29 11:12:34.060] [info]  Splash.onStateUpdate: {"status":"downloading-updates","current":2,"total":6,"progress":5}
[2024-11-29 11:12:34.065] [info]  DiscordSplash.onStateUpdate: {"status":"downloading-updates","current":2,"total":6,"progress":7}
[2024-11-29 11:12:34.065] [info]  Splash.onStateUpdate: {"status":"downloading-updates","current":2,"total":6,"progress":7}
[2024-11-29 11:12:34.066] [info]  DiscordSplash.onStateUpdate: {"status":"downloading-updates","current":2,"total":6,"progress":9}
[2024-11-29 11:12:34.066] [info]  Splash.onStateUpdate: {"status":"downloading-updates","current":2,"total":6,"progress":9}
[2024-11-29 11:12:34.075] [info]  DiscordSplash.onStateUpdate: {"status":"downloading-updates","current":2,"total":6,"progress":12}
[2024-11-29 11:12:34.076] [info]  Splash.onStateUpdate: {"status":"downloading-updates","current":2,"total":6,"progress":12}
[2024-11-29 11:12:34.082] [info]  DiscordSplash.onStateUpdate: {"status":"downloading-updates","current":2,"total":6,"progress":15}
[2024-11-29 11:12:34.083] [info]  Splash.onStateUpdate: {"status":"downloading-updates","current":2,"total":6,"progress":15}
[2024-11-29 11:12:34.088] [info]  DiscordSplash.onStateUpdate: {"status":"downloading-updates","current":2,"total":6,"progress":18}
[2024-11-29 11:12:34.088] [info]  Splash.onStateUpdate: {"status":"downloading-updates","current":2,"total":6,"progress":18}
[2024-11-29 11:12:34.091] [info]  DiscordSplash.onStateUpdate: {"status":"downloading-updates","current":2,"total":6,"progress":19}
[2024-11-29 11:12:34.092] [info]  Splash.onStateUpdate: {"status":"downloading-updates","current":2,"total":6,"progress":19}
[2024-11-29 11:12:34.094] [info]  DiscordSplash.onStateUpdate: {"status":"downloading-updates","current":2,"total":6,"progress":21}
[2024-11-29 11:12:34.094] [info]  Splash.onStateUpdate: {"status":"downloading-updates","current":2,"total":6,"progress":21}
[2024-11-29 11:12:34.098] [info]  DiscordSplash.onStateUpdate: {"status":"downloading-updates","current":2,"total":6,"progress":23}
[2024-11-29 11:12:34.098] [info]  Splash.onStateUpdate: {"status":"downloading-updates","current":2,"total":6,"progress":23}
[2024-11-29 11:12:34.102] [info]  DiscordSplash.onStateUpdate: {"status":"downloading-updates","current":2,"total":6,"progress":25}
[2024-11-29 11:12:34.102] [info]  Splash.onStateUpdate: {"status":"downloading-updates","current":2,"total":6,"progress":25}
[2024-11-29 11:12:34.106] [info]  DiscordSplash.onStateUpdate: {"status":"downloading-updates","current":2,"total":6,"progress":27}
[2024-11-29 11:12:34.106] [info]  Splash.onStateUpdate: {"status":"downloading-updates","current":2,"total":6,"progress":27}
[2024-11-29 11:12:34.114] [info]  DiscordSplash.onStateUpdate: {"status":"downloading-updates","current":2,"total":6,"progress":29}
[2024-11-29 11:12:34.114] [info]  Splash.onStateUpdate: {"status":"downloading-updates","current":2,"total":6,"progress":29}
[2024-11-29 11:12:34.118] [info]  DiscordSplash.onStateUpdate: {"status":"downloading-updates","current":2,"total":6,"progress":30}
[2024-11-29 11:12:34.118] [info]  Splash.onStateUpdate: {"status":"downloading-updates","current":2,"total":6,"progress":30}
[2024-11-29 11:12:34.122] [info]  DiscordSplash.onStateUpdate: {"status":"downloading-updates","current":2,"total":6,"progress":32}
[2024-11-29 11:12:34.123] [info]  Splash.onStateUpdate: {"status":"downloading-updates","current":2,"total":6,"progress":32}
[2024-11-29 11:12:34.134] [info]  DiscordSplash.onStateUpdate: {"status":"downloading-updates","current":2,"total":6,"progress":34}
[2024-11-29 11:12:34.134] [info]  Splash.onStateUpdate: {"status":"downloading-updates","current":2,"total":6,"progress":34}
[2024-11-29 11:12:34.136] [info]  DiscordSplash.onStateUpdate: {"status":"downloading-updates","current":2,"total":6,"progress":35}
[2024-11-29 11:12:34.136] [info]  Splash.onStateUpdate: {"status":"downloading-updates","current":2,"total":6,"progress":35}
[2024-11-29 11:12:34.147] [info]  DiscordSplash.onStateUpdate: {"status":"downloading-updates","current":2,"total":6,"progress":37}
[2024-11-29 11:12:34.147] [info]  Splash.onStateUpdate: {"status":"downloading-updates","current":2,"total":6,"progress":37}
[2024-11-29 11:12:34.152] [info]  DiscordSplash.onStateUpdate: {"status":"downloading-updates","current":2,"total":6,"progress":39}
[2024-11-29 11:12:34.153] [info]  Splash.onStateUpdate: {"status":"downloading-updates","current":2,"total":6,"progress":39}
[2024-11-29 11:12:34.156] [info]  DiscordSplash.onStateUpdate: {"status":"downloading-updates","current":2,"total":6,"progress":41}
[2024-11-29 11:12:34.157] [info]  Splash.onStateUpdate: {"status":"downloading-updates","current":2,"total":6,"progress":41}
[2024-11-29 11:12:34.160] [info]  DiscordSplash.onStateUpdate: {"status":"downloading-updates","current":2,"total":6,"progress":43}
[2024-11-29 11:12:34.161] [info]  Splash.onStateUpdate: {"status":"downloading-updates","current":2,"total":6,"progress":43}
[2024-11-29 11:12:34.164] [info]  DiscordSplash.onStateUpdate: {"status":"downloading-updates","current":2,"total":6,"progress":45}
[2024-11-29 11:12:34.165] [info]  Splash.onStateUpdate: {"status":"downloading-updates","current":2,"total":6,"progress":45}
[2024-11-29 11:12:34.169] [info]  DiscordSplash.onStateUpdate: {"status":"downloading-updates","current":2,"total":6,"progress":47}
[2024-11-29 11:12:34.170] [info]  Splash.onStateUpdate: {"status":"downloading-updates","current":2,"total":6,"progress":47}
[2024-11-29 11:12:34.176] [info]  DiscordSplash.onStateUpdate: {"status":"downloading-updates","current":2,"total":6,"progress":49}
[2024-11-29 11:12:34.176] [info]  Splash.onStateUpdate: {"status":"downloading-updates","current":2,"total":6,"progress":49}
[2024-11-29 11:12:34.181] [info]  DiscordSplash.onStateUpdate: {"status":"downloading-updates","current":2,"total":6,"progress":52}
[2024-11-29 11:12:34.182] [info]  Splash.onStateUpdate: {"status":"downloading-updates","current":2,"total":6,"progress":52}
[2024-11-29 11:12:34.185] [info]  DiscordSplash.onStateUpdate: {"status":"downloading-updates","current":2,"total":6,"progress":53}
[2024-11-29 11:12:34.186] [info]  Splash.onStateUpdate: {"status":"downloading-updates","current":2,"total":6,"progress":53}
[2024-11-29 11:12:34.187] [info]  DiscordSplash.onStateUpdate: {"status":"downloading-updates","current":2,"total":6,"progress":54}
[2024-11-29 11:12:34.188] [info]  Splash.onStateUpdate: {"status":"downloading-updates","current":2,"total":6,"progress":54}
[2024-11-29 11:12:34.190] [info]  DiscordSplash.onStateUpdate: {"status":"downloading-updates","current":2,"total":6,"progress":55}
[2024-11-29 11:12:34.190] [info]  Splash.onStateUpdate: {"status":"downloading-updates","current":2,"total":6,"progress":55}
[2024-11-29 11:12:34.194] [info]  DiscordSplash.onStateUpdate: {"status":"downloading-updates","current":2,"total":6,"progress":57}
[2024-11-29 11:12:34.194] [info]  Splash.onStateUpdate: {"status":"downloading-updates","current":2,"total":6,"progress":57}
[2024-11-29 11:12:34.198] [info]  DiscordSplash.onStateUpdate: {"status":"downloading-updates","current":2,"total":6,"progress":59}
[2024-11-29 11:12:34.198] [info]  Splash.onStateUpdate: {"status":"downloading-updates","current":2,"total":6,"progress":59}
[2024-11-29 11:12:34.205] [info]  DiscordSplash.onStateUpdate: {"status":"downloading-updates","current":2,"total":6,"progress":61}
[2024-11-29 11:12:34.205] [info]  Splash.onStateUpdate: {"status":"downloading-updates","current":2,"total":6,"progress":61}
[2024-11-29 11:12:34.208] [info]  DiscordSplash.onStateUpdate: {"status":"downloading-updates","current":2,"total":6,"progress":64}
[2024-11-29 11:12:34.208] [info]  Splash.onStateUpdate: {"status":"downloading-updates","current":2,"total":6,"progress":64}
[2024-11-29 11:12:34.213] [info]  DiscordSplash.onStateUpdate: {"status":"downloading-updates","current":2,"total":6,"progress":67}
[2024-11-29 11:12:34.213] [info]  Splash.onStateUpdate: {"status":"downloading-updates","current":2,"total":6,"progress":67}
[2024-11-29 11:12:34.219] [info]  DiscordSplash.onStateUpdate: {"status":"downloading-updates","current":2,"total":6,"progress":68}
[2024-11-29 11:12:34.220] [info]  Splash.onStateUpdate: {"status":"downloading-updates","current":2,"total":6,"progress":68}
[2024-11-29 11:12:34.223] [info]  DiscordSplash.onStateUpdate: {"status":"downloading-updates","current":2,"total":6,"progress":71}
[2024-11-29 11:12:34.223] [info]  Splash.onStateUpdate: {"status":"downloading-updates","current":2,"total":6,"progress":71}
[2024-11-29 11:12:34.229] [info]  DiscordSplash.onStateUpdate: {"status":"downloading-updates","current":2,"total":6,"progress":72}
[2024-11-29 11:12:34.230] [info]  Splash.onStateUpdate: {"status":"downloading-updates","current":2,"total":6,"progress":72}
[2024-11-29 11:12:34.233] [info]  DiscordSplash.onStateUpdate: {"status":"downloading-updates","current":2,"total":6,"progress":74}
[2024-11-29 11:12:34.234] [info]  Splash.onStateUpdate: {"status":"downloading-updates","current":2,"total":6,"progress":74}
[2024-11-29 11:12:34.236] [info]  DiscordSplash.onStateUpdate: {"status":"downloading-updates","current":2,"total":6,"progress":75}
[2024-11-29 11:12:34.236] [info]  Splash.onStateUpdate: {"status":"downloading-updates","current":2,"total":6,"progress":75}
[2024-11-29 11:12:34.246] [info]  DiscordSplash.onStateUpdate: {"status":"downloading-updates","current":2,"total":6,"progress":77}
[2024-11-29 11:12:34.246] [info]  Splash.onStateUpdate: {"status":"downloading-updates","current":2,"total":6,"progress":77}
[2024-11-29 11:12:34.249] [info]  DiscordSplash.onStateUpdate: {"status":"downloading-updates","current":2,"total":6,"progress":80}
[2024-11-29 11:12:34.249] [info]  Splash.onStateUpdate: {"status":"downloading-updates","current":2,"total":6,"progress":80}
[2024-11-29 11:12:34.254] [info]  DiscordSplash.onStateUpdate: {"status":"downloading-updates","current":2,"total":6,"progress":81}
[2024-11-29 11:12:34.255] [info]  Splash.onStateUpdate: {"status":"downloading-updates","current":2,"total":6,"progress":81}
[2024-11-29 11:12:34.257] [info]  DiscordSplash.onStateUpdate: {"status":"downloading-updates","current":2,"total":6,"progress":83}
[2024-11-29 11:12:34.257] [info]  Splash.onStateUpdate: {"status":"downloading-updates","current":2,"total":6,"progress":83}
[2024-11-29 11:12:34.261] [info]  DiscordSplash.onStateUpdate: {"status":"downloading-updates","current":2,"total":6,"progress":86}
[2024-11-29 11:12:34.261] [info]  Splash.onStateUpdate: {"status":"downloading-updates","current":2,"total":6,"progress":86}
[2024-11-29 11:12:34.265] [info]  DiscordSplash.onStateUpdate: {"status":"downloading-updates","current":2,"total":6,"progress":88}
[2024-11-29 11:12:34.266] [info]  Splash.onStateUpdate: {"status":"downloading-updates","current":2,"total":6,"progress":88}
[2024-11-29 11:12:34.268] [info]  DiscordSplash.onStateUpdate: {"status":"downloading-updates","current":2,"total":6,"progress":89}
[2024-11-29 11:12:34.268] [info]  Splash.onStateUpdate: {"status":"downloading-updates","current":2,"total":6,"progress":89}
[2024-11-29 11:12:34.278] [info]  DiscordSplash.onStateUpdate: {"status":"downloading-updates","current":2,"total":6,"progress":92}
[2024-11-29 11:12:34.278] [info]  Splash.onStateUpdate: {"status":"downloading-updates","current":2,"total":6,"progress":92}
[2024-11-29 11:12:34.282] [info]  DiscordSplash.onStateUpdate: {"status":"downloading-updates","current":2,"total":6,"progress":94}
[2024-11-29 11:12:34.282] [info]  Splash.onStateUpdate: {"status":"downloading-updates","current":2,"total":6,"progress":94}
[2024-11-29 11:12:34.287] [info]  DiscordSplash.onStateUpdate: {"status":"downloading-updates","current":2,"total":6,"progress":96}
[2024-11-29 11:12:34.288] [info]  Splash.onStateUpdate: {"status":"downloading-updates","current":2,"total":6,"progress":96}
[2024-11-29 11:12:34.290] [info]  DiscordSplash.onStateUpdate: {"status":"downloading-updates","current":2,"total":6,"progress":97}
[2024-11-29 11:12:34.291] [info]  Splash.onStateUpdate: {"status":"downloading-updates","current":2,"total":6,"progress":97}
[2024-11-29 11:12:34.292] [info]  DiscordSplash.onStateUpdate: {"status":"downloading-updates","current":2,"total":6,"progress":99}
[2024-11-29 11:12:34.292] [info]  Splash.onStateUpdate: {"status":"downloading-updates","current":2,"total":6,"progress":99}
[2024-11-29 11:12:34.294] [info]  DiscordSplash.onStateUpdate: {"status":"downloading-updates","current":2,"total":6,"progress":100}
[2024-11-29 11:12:34.294] [info]  Splash.onStateUpdate: {"status":"downloading-updates","current":2,"total":6,"progress":100}
[2024-11-29 11:12:34.295] [info]  DiscordSplash.onStateUpdate: {"status":"downloading-updates","current":3,"total":6}
[2024-11-29 11:12:34.295] [info]  Splash.onStateUpdate: {"status":"downloading-updates","current":3,"total":6}
[2024-11-29 11:12:34.758] [info]  DiscordSplash.onStateUpdate: {"status":"downloading-updates","current":3,"total":6,"progress":1}
[2024-11-29 11:12:34.759] [info]  Splash.onStateUpdate: {"status":"downloading-updates","current":3,"total":6,"progress":1}
[2024-11-29 11:12:34.767] [info]  DiscordSplash.onStateUpdate: {"status":"downloading-updates","current":3,"total":6,"progress":2}
[2024-11-29 11:12:34.767] [info]  Splash.onStateUpdate: {"status":"downloading-updates","current":3,"total":6,"progress":2}
[2024-11-29 11:12:34.771] [info]  DiscordSplash.onStateUpdate: {"status":"downloading-updates","current":3,"total":6,"progress":3}
[2024-11-29 11:12:34.771] [info]  Splash.onStateUpdate: {"status":"downloading-updates","current":3,"total":6,"progress":3}
[2024-11-29 11:12:34.786] [info]  DiscordSplash.onStateUpdate: {"status":"downloading-updates","current":3,"total":6,"progress":4}
[2024-11-29 11:12:34.786] [info]  Splash.onStateUpdate: {"status":"downloading-updates","current":3,"total":6,"progress":4}
[2024-11-29 11:12:34.798] [info]  DiscordSplash.onStateUpdate: {"status":"downloading-updates","current":3,"total":6,"progress":5}
[2024-11-29 11:12:34.799] [info]  Splash.onStateUpdate: {"status":"downloading-updates","current":3,"total":6,"progress":5}
[2024-11-29 11:12:34.806] [info]  DiscordSplash.onStateUpdate: {"status":"downloading-updates","current":3,"total":6,"progress":6}
[2024-11-29 11:12:34.806] [info]  Splash.onStateUpdate: {"status":"downloading-updates","current":3,"total":6,"progress":6}
[2024-11-29 11:12:34.821] [info]  DiscordSplash.onStateUpdate: {"status":"downloading-updates","current":3,"total":6,"progress":7}
[2024-11-29 11:12:34.822] [info]  Splash.onStateUpdate: {"status":"downloading-updates","current":3,"total":6,"progress":7}
[2024-11-29 11:12:34.830] [info]  DiscordSplash.onStateUpdate: {"status":"downloading-updates","current":3,"total":6,"progress":8}
[2024-11-29 11:12:34.831] [info]  Splash.onStateUpdate: {"status":"downloading-updates","current":3,"total":6,"progress":8}
[2024-11-29 11:12:34.842] [info]  DiscordSplash.onStateUpdate: {"status":"downloading-updates","current":3,"total":6,"progress":9}
[2024-11-29 11:12:34.843] [info]  Splash.onStateUpdate: {"status":"downloading-updates","current":3,"total":6,"progress":9}
[2024-11-29 11:12:34.854] [info]  DiscordSplash.onStateUpdate: {"status":"downloading-updates","current":3,"total":6,"progress":10}
[2024-11-29 11:12:34.855] [info]  Splash.onStateUpdate: {"status":"downloading-updates","current":3,"total":6,"progress":10}
[2024-11-29 11:12:34.867] [info]  DiscordSplash.onStateUpdate: {"status":"downloading-updates","current":3,"total":6,"progress":11}
[2024-11-29 11:12:34.868] [info]  Splash.onStateUpdate: {"status":"downloading-updates","current":3,"total":6,"progress":11}
[2024-11-29 11:12:34.875] [info]  DiscordSplash.onStateUpdate: {"status":"downloading-updates","current":3,"total":6,"progress":12}
[2024-11-29 11:12:34.876] [info]  Splash.onStateUpdate: {"status":"downloading-updates","current":3,"total":6,"progress":12}
[2024-11-29 11:12:34.892] [info]  DiscordSplash.onStateUpdate: {"status":"downloading-updates","current":3,"total":6,"progress":13}
[2024-11-29 11:12:34.892] [info]  Splash.onStateUpdate: {"status":"downloading-updates","current":3,"total":6,"progress":13}
[2024-11-29 11:12:34.919] [info]  DiscordSplash.onStateUpdate: {"status":"downloading-updates","current":3,"total":6,"progress":14}
[2024-11-29 11:12:34.920] [info]  Splash.onStateUpdate: {"status":"downloading-updates","current":3,"total":6,"progress":14}
[2024-11-29 11:12:34.926] [info]  DiscordSplash.onStateUpdate: {"status":"downloading-updates","current":3,"total":6,"progress":15}
[2024-11-29 11:12:34.926] [info]  Splash.onStateUpdate: {"status":"downloading-updates","current":3,"total":6,"progress":15}
[2024-11-29 11:12:34.972] [info]  DiscordSplash.onStateUpdate: {"status":"downloading-updates","current":3,"total":6,"progress":16}
[2024-11-29 11:12:34.972] [info]  Splash.onStateUpdate: {"status":"downloading-updates","current":3,"total":6,"progress":16}
[2024-11-29 11:12:34.981] [info]  DiscordSplash.onStateUpdate: {"status":"downloading-updates","current":3,"total":6,"progress":17}
[2024-11-29 11:12:34.982] [info]  Splash.onStateUpdate: {"status":"downloading-updates","current":3,"total":6,"progress":17}
[2024-11-29 11:12:35.002] [info]  DiscordSplash.onStateUpdate: {"status":"downloading-updates","current":3,"total":6,"progress":18}
[2024-11-29 11:12:35.003] [info]  Splash.onStateUpdate: {"status":"downloading-updates","current":3,"total":6,"progress":18}
[2024-11-29 11:12:35.011] [info]  DiscordSplash.onStateUpdate: {"status":"downloading-updates","current":3,"total":6,"progress":19}
[2024-11-29 11:12:35.011] [info]  Splash.onStateUpdate: {"status":"downloading-updates","current":3,"total":6,"progress":19}
[2024-11-29 11:12:35.066] [info]  DiscordSplash.onStateUpdate: {"status":"downloading-updates","current":3,"total":6,"progress":20}
[2024-11-29 11:12:35.066] [info]  Splash.onStateUpdate: {"status":"downloading-updates","current":3,"total":6,"progress":20}
[2024-11-29 11:12:35.073] [info]  DiscordSplash.onStateUpdate: {"status":"downloading-updates","current":3,"total":6,"progress":21}
[2024-11-29 11:12:35.073] [info]  Splash.onStateUpdate: {"status":"downloading-updates","current":3,"total":6,"progress":21}
[2024-11-29 11:12:35.082] [info]  DiscordSplash.onStateUpdate: {"status":"downloading-updates","current":3,"total":6,"progress":22}
[2024-11-29 11:12:35.082] [info]  Splash.onStateUpdate: {"status":"downloading-updates","current":3,"total":6,"progress":22}
[2024-11-29 11:12:35.100] [info]  DiscordSplash.onStateUpdate: {"status":"downloading-updates","current":3,"total":6,"progress":23}
[2024-11-29 11:12:35.100] [info]  Splash.onStateUpdate: {"status":"downloading-updates","current":3,"total":6,"progress":23}
[2024-11-29 11:12:35.142] [info]  DiscordSplash.onStateUpdate: {"status":"downloading-updates","current":3,"total":6,"progress":24}
[2024-11-29 11:12:35.143] [info]  Splash.onStateUpdate: {"status":"downloading-updates","current":3,"total":6,"progress":24}
[2024-11-29 11:12:35.159] [info]  DiscordSplash.onStateUpdate: {"status":"downloading-updates","current":3,"total":6,"progress":25}
[2024-11-29 11:12:35.159] [info]  Splash.onStateUpdate: {"status":"downloading-updates","current":3,"total":6,"progress":25}
[2024-11-29 11:12:35.173] [info]  DiscordSplash.onStateUpdate: {"status":"downloading-updates","current":3,"total":6,"progress":26}
[2024-11-29 11:12:35.173] [info]  Splash.onStateUpdate: {"status":"downloading-updates","current":3,"total":6,"progress":26}
[2024-11-29 11:12:35.180] [info]  DiscordSplash.onStateUpdate: {"status":"downloading-updates","current":3,"total":6,"progress":27}
[2024-11-29 11:12:35.181] [info]  Splash.onStateUpdate: {"status":"downloading-updates","current":3,"total":6,"progress":27}
[2024-11-29 11:12:35.191] [info]  DiscordSplash.onStateUpdate: {"status":"downloading-updates","current":3,"total":6,"progress":28}
[2024-11-29 11:12:35.192] [info]  Splash.onStateUpdate: {"status":"downloading-updates","current":3,"total":6,"progress":28}
[2024-11-29 11:12:35.214] [info]  DiscordSplash.onStateUpdate: {"status":"downloading-updates","current":3,"total":6,"progress":29}
[2024-11-29 11:12:35.215] [info]  Splash.onStateUpdate: {"status":"downloading-updates","current":3,"total":6,"progress":29}
[2024-11-29 11:12:35.237] [info]  DiscordSplash.onStateUpdate: {"status":"downloading-updates","current":3,"total":6,"progress":30}
[2024-11-29 11:12:35.237] [info]  Splash.onStateUpdate: {"status":"downloading-updates","current":3,"total":6,"progress":30}
[2024-11-29 11:12:35.258] [info]  DiscordSplash.onStateUpdate: {"status":"downloading-updates","current":3,"total":6,"progress":31}
[2024-11-29 11:12:35.258] [info]  Splash.onStateUpdate: {"status":"downloading-updates","current":3,"total":6,"progress":31}
[2024-11-29 11:12:35.288] [info]  DiscordSplash.onStateUpdate: {"status":"downloading-updates","current":3,"total":6,"progress":32}
[2024-11-29 11:12:35.288] [info]  Splash.onStateUpdate: {"status":"downloading-updates","current":3,"total":6,"progress":32}
[2024-11-29 11:12:35.302] [info]  DiscordSplash.onStateUpdate: {"status":"downloading-updates","current":3,"total":6,"progress":33}
[2024-11-29 11:12:35.303] [info]  Splash.onStateUpdate: {"status":"downloading-updates","current":3,"total":6,"progress":33}
[2024-11-29 11:12:35.319] [info]  DiscordSplash.onStateUpdate: {"status":"downloading-updates","current":3,"total":6,"progress":34}
[2024-11-29 11:12:35.319] [info]  Splash.onStateUpdate: {"status":"downloading-updates","current":3,"total":6,"progress":34}
[2024-11-29 11:12:35.334] [info]  DiscordSplash.onStateUpdate: {"status":"downloading-updates","current":3,"total":6,"progress":35}
[2024-11-29 11:12:35.335] [info]  Splash.onStateUpdate: {"status":"downloading-updates","current":3,"total":6,"progress":35}
[2024-11-29 11:12:35.343] [info]  DiscordSplash.onStateUpdate: {"status":"downloading-updates","current":3,"total":6,"progress":36}
[2024-11-29 11:12:35.343] [info]  Splash.onStateUpdate: {"status":"downloading-updates","current":3,"total":6,"progress":36}
[2024-11-29 11:12:35.370] [info]  DiscordSplash.onStateUpdate: {"status":"downloading-updates","current":3,"total":6,"progress":37}
[2024-11-29 11:12:35.371] [info]  Splash.onStateUpdate: {"status":"downloading-updates","current":3,"total":6,"progress":37}
[2024-11-29 11:12:35.422] [info]  DiscordSplash.onStateUpdate: {"status":"downloading-updates","current":3,"total":6,"progress":38}
[2024-11-29 11:12:35.423] [info]  Splash.onStateUpdate: {"status":"downloading-updates","current":3,"total":6,"progress":38}
[2024-11-29 11:12:35.463] [info]  DiscordSplash.onStateUpdate: {"status":"downloading-updates","current":3,"total":6,"progress":39}
[2024-11-29 11:12:35.464] [info]  Splash.onStateUpdate: {"status":"downloading-updates","current":3,"total":6,"progress":39}
[2024-11-29 11:12:35.480] [info]  DiscordSplash.onStateUpdate: {"status":"downloading-updates","current":3,"total":6,"progress":40}
[2024-11-29 11:12:35.481] [info]  Splash.onStateUpdate: {"status":"downloading-updates","current":3,"total":6,"progress":40}
[2024-11-29 11:12:35.489] [info]  DiscordSplash.onStateUpdate: {"status":"downloading-updates","current":3,"total":6,"progress":41}
[2024-11-29 11:12:35.490] [info]  Splash.onStateUpdate: {"status":"downloading-updates","current":3,"total":6,"progress":41}
[2024-11-29 11:12:35.511] [info]  DiscordSplash.onStateUpdate: {"status":"downloading-updates","current":3,"total":6,"progress":42}
[2024-11-29 11:12:35.512] [info]  Splash.onStateUpdate: {"status":"downloading-updates","current":3,"total":6,"progress":42}
[2024-11-29 11:12:35.526] [info]  DiscordSplash.onStateUpdate: {"status":"downloading-updates","current":3,"total":6,"progress":43}
[2024-11-29 11:12:35.527] [info]  Splash.onStateUpdate: {"status":"downloading-updates","current":3,"total":6,"progress":43}
[2024-11-29 11:12:35.540] [info]  DiscordSplash.onStateUpdate: {"status":"downloading-updates","current":3,"total":6,"progress":44}
[2024-11-29 11:12:35.541] [info]  Splash.onStateUpdate: {"status":"downloading-updates","current":3,"total":6,"progress":44}
[2024-11-29 11:12:35.568] [info]  DiscordSplash.onStateUpdate: {"status":"downloading-updates","current":3,"total":6,"progress":45}
[2024-11-29 11:12:35.568] [info]  Splash.onStateUpdate: {"status":"downloading-updates","current":3,"total":6,"progress":45}
[2024-11-29 11:12:35.618] [info]  DiscordSplash.onStateUpdate: {"status":"downloading-updates","current":3,"total":6,"progress":46}
[2024-11-29 11:12:35.619] [info]  Splash.onStateUpdate: {"status":"downloading-updates","current":3,"total":6,"progress":46}
[2024-11-29 11:12:35.667] [info]  DiscordSplash.onStateUpdate: {"status":"downloading-updates","current":3,"total":6,"progress":47}
[2024-11-29 11:12:35.668] [info]  Splash.onStateUpdate: {"status":"downloading-updates","current":3,"total":6,"progress":47}
[2024-11-29 11:12:35.676] [info]  DiscordSplash.onStateUpdate: {"status":"downloading-updates","current":3,"total":6,"progress":48}
[2024-11-29 11:12:35.677] [info]  Splash.onStateUpdate: {"status":"downloading-updates","current":3,"total":6,"progress":48}
[2024-11-29 11:12:35.691] [info]  DiscordSplash.onStateUpdate: {"status":"downloading-updates","current":3,"total":6,"progress":49}
[2024-11-29 11:12:35.691] [info]  Splash.onStateUpdate: {"status":"downloading-updates","current":3,"total":6,"progress":49}
[2024-11-29 11:12:35.722] [info]  DiscordSplash.onStateUpdate: {"status":"downloading-updates","current":3,"total":6,"progress":50}
[2024-11-29 11:12:35.723] [info]  Splash.onStateUpdate: {"status":"downloading-updates","current":3,"total":6,"progress":50}
[2024-11-29 11:12:35.730] [info]  DiscordSplash.onStateUpdate: {"status":"downloading-updates","current":3,"total":6,"progress":51}
[2024-11-29 11:12:35.731] [info]  Splash.onStateUpdate: {"status":"downloading-updates","current":3,"total":6,"progress":51}
[2024-11-29 11:12:35.746] [info]  DiscordSplash.onStateUpdate: {"status":"downloading-updates","current":3,"total":6,"progress":52}
[2024-11-29 11:12:35.746] [info]  Splash.onStateUpdate: {"status":"downloading-updates","current":3,"total":6,"progress":52}
[2024-11-29 11:12:35.775] [info]  DiscordSplash.onStateUpdate: {"status":"downloading-updates","current":3,"total":6,"progress":53}
[2024-11-29 11:12:35.775] [info]  Splash.onStateUpdate: {"status":"downloading-updates","current":3,"total":6,"progress":53}
[2024-11-29 11:12:35.807] [info]  DiscordSplash.onStateUpdate: {"status":"downloading-updates","current":3,"total":6,"progress":54}
[2024-11-29 11:12:35.807] [info]  Splash.onStateUpdate: {"status":"downloading-updates","current":3,"total":6,"progress":54}
[2024-11-29 11:12:35.831] [info]  DiscordSplash.onStateUpdate: {"status":"downloading-updates","current":3,"total":6,"progress":55}
[2024-11-29 11:12:35.831] [info]  Splash.onStateUpdate: {"status":"downloading-updates","current":3,"total":6,"progress":55}
[2024-11-29 11:12:35.865] [info]  DiscordSplash.onStateUpdate: {"status":"downloading-updates","current":3,"total":6,"progress":56}
[2024-11-29 11:12:35.866] [info]  Splash.onStateUpdate: {"status":"downloading-updates","current":3,"total":6,"progress":56}
[2024-11-29 11:12:35.917] [info]  DiscordSplash.onStateUpdate: {"status":"downloading-updates","current":3,"total":6,"progress":57}
[2024-11-29 11:12:35.918] [info]  Splash.onStateUpdate: {"status":"downloading-updates","current":3,"total":6,"progress":57}
[2024-11-29 11:12:35.930] [info]  DiscordSplash.onStateUpdate: {"status":"downloading-updates","current":3,"total":6,"progress":58}
[2024-11-29 11:12:35.931] [info]  Splash.onStateUpdate: {"status":"downloading-updates","current":3,"total":6,"progress":58}
[2024-11-29 11:12:35.941] [info]  DiscordSplash.onStateUpdate: {"status":"downloading-updates","current":3,"total":6,"progress":59}
[2024-11-29 11:12:35.942] [info]  Splash.onStateUpdate: {"status":"downloading-updates","current":3,"total":6,"progress":59}
[2024-11-29 11:12:35.957] [info]  DiscordSplash.onStateUpdate: {"status":"downloading-updates","current":3,"total":6,"progress":60}
[2024-11-29 11:12:35.958] [info]  Splash.onStateUpdate: {"status":"downloading-updates","current":3,"total":6,"progress":60}
[2024-11-29 11:12:35.968] [info]  DiscordSplash.onStateUpdate: {"status":"downloading-updates","current":3,"total":6,"progress":61}
[2024-11-29 11:12:35.969] [info]  Splash.onStateUpdate: {"status":"downloading-updates","current":3,"total":6,"progress":61}
[2024-11-29 11:12:35.974] [info]  DiscordSplash.onStateUpdate: {"status":"downloading-updates","current":3,"total":6,"progress":62}
[2024-11-29 11:12:35.975] [info]  Splash.onStateUpdate: {"status":"downloading-updates","current":3,"total":6,"progress":62}
[2024-11-29 11:12:36.010] [info]  DiscordSplash.onStateUpdate: {"status":"downloading-updates","current":3,"total":6,"progress":63}
[2024-11-29 11:12:36.010] [info]  Splash.onStateUpdate: {"status":"downloading-updates","current":3,"total":6,"progress":63}
[2024-11-29 11:12:36.033] [info]  DiscordSplash.onStateUpdate: {"status":"downloading-updates","current":3,"total":6,"progress":64}
[2024-11-29 11:12:36.033] [info]  Splash.onStateUpdate: {"status":"downloading-updates","current":3,"total":6,"progress":64}
[2024-11-29 11:12:36.073] [info]  DiscordSplash.onStateUpdate: {"status":"downloading-updates","current":3,"total":6,"progress":65}
[2024-11-29 11:12:36.073] [info]  Splash.onStateUpdate: {"status":"downloading-updates","current":3,"total":6,"progress":65}
[2024-11-29 11:12:36.098] [info]  DiscordSplash.onStateUpdate: {"status":"downloading-updates","current":3,"total":6,"progress":66}
[2024-11-29 11:12:36.099] [info]  Splash.onStateUpdate: {"status":"downloading-updates","current":3,"total":6,"progress":66}
[2024-11-29 11:12:36.121] [info]  DiscordSplash.onStateUpdate: {"status":"downloading-updates","current":3,"total":6,"progress":67}
[2024-11-29 11:12:36.122] [info]  Splash.onStateUpdate: {"status":"downloading-updates","current":3,"total":6,"progress":67}
[2024-11-29 11:12:36.158] [info]  DiscordSplash.onStateUpdate: {"status":"downloading-updates","current":3,"total":6,"progress":68}
[2024-11-29 11:12:36.159] [info]  Splash.onStateUpdate: {"status":"downloading-updates","current":3,"total":6,"progress":68}
[2024-11-29 11:12:36.175] [info]  DiscordSplash.onStateUpdate: {"status":"downloading-updates","current":3,"total":6,"progress":69}
[2024-11-29 11:12:36.175] [info]  Splash.onStateUpdate: {"status":"downloading-updates","current":3,"total":6,"progress":69}
[2024-11-29 11:12:36.190] [info]  DiscordSplash.onStateUpdate: {"status":"downloading-updates","current":3,"total":6,"progress":70}
[2024-11-29 11:12:36.191] [info]  Splash.onStateUpdate: {"status":"downloading-updates","current":3,"total":6,"progress":70}
[2024-11-29 11:12:36.201] [info]  DiscordSplash.onStateUpdate: {"status":"downloading-updates","current":3,"total":6,"progress":71}
[2024-11-29 11:12:36.201] [info]  Splash.onStateUpdate: {"status":"downloading-updates","current":3,"total":6,"progress":71}
[2024-11-29 11:12:36.209] [info]  DiscordSplash.onStateUpdate: {"status":"downloading-updates","current":3,"total":6,"progress":72}
[2024-11-29 11:12:36.209] [info]  Splash.onStateUpdate: {"status":"downloading-updates","current":3,"total":6,"progress":72}
[2024-11-29 11:12:36.225] [info]  DiscordSplash.onStateUpdate: {"status":"downloading-updates","current":3,"total":6,"progress":73}
[2024-11-29 11:12:36.226] [info]  Splash.onStateUpdate: {"status":"downloading-updates","current":3,"total":6,"progress":73}
[2024-11-29 11:12:36.237] [info]  DiscordSplash.onStateUpdate: {"status":"downloading-updates","current":3,"total":6,"progress":74}
[2024-11-29 11:12:36.238] [info]  Splash.onStateUpdate: {"status":"downloading-updates","current":3,"total":6,"progress":74}
[2024-11-29 11:12:36.245] [info]  DiscordSplash.onStateUpdate: {"status":"downloading-updates","current":3,"total":6,"progress":75}
[2024-11-29 11:12:36.246] [info]  Splash.onStateUpdate: {"status":"downloading-updates","current":3,"total":6,"progress":75}
[2024-11-29 11:12:36.254] [info]  DiscordSplash.onStateUpdate: {"status":"downloading-updates","current":3,"total":6,"progress":76}
[2024-11-29 11:12:36.255] [info]  Splash.onStateUpdate: {"status":"downloading-updates","current":3,"total":6,"progress":76}
[2024-11-29 11:12:36.261] [info]  DiscordSplash.onStateUpdate: {"status":"downloading-updates","current":3,"total":6,"progress":77}
[2024-11-29 11:12:36.262] [info]  Splash.onStateUpdate: {"status":"downloading-updates","current":3,"total":6,"progress":77}
[2024-11-29 11:12:36.269] [info]  DiscordSplash.onStateUpdate: {"status":"downloading-updates","current":3,"total":6,"progress":78}
[2024-11-29 11:12:36.270] [info]  Splash.onStateUpdate: {"status":"downloading-updates","current":3,"total":6,"progress":78}
[2024-11-29 11:12:36.284] [info]  DiscordSplash.onStateUpdate: {"status":"downloading-updates","current":3,"total":6,"progress":79}
[2024-11-29 11:12:36.285] [info]  Splash.onStateUpdate: {"status":"downloading-updates","current":3,"total":6,"progress":79}
[2024-11-29 11:12:36.305] [info]  DiscordSplash.onStateUpdate: {"status":"downloading-updates","current":3,"total":6,"progress":80}
[2024-11-29 11:12:36.305] [info]  Splash.onStateUpdate: {"status":"downloading-updates","current":3,"total":6,"progress":80}
[2024-11-29 11:12:36.317] [info]  DiscordSplash.onStateUpdate: {"status":"downloading-updates","current":3,"total":6,"progress":81}
[2024-11-29 11:12:36.317] [info]  Splash.onStateUpdate: {"status":"downloading-updates","current":3,"total":6,"progress":81}
[2024-11-29 11:12:36.334] [info]  DiscordSplash.onStateUpdate: {"status":"downloading-updates","current":3,"total":6,"progress":82}
[2024-11-29 11:12:36.334] [info]  Splash.onStateUpdate: {"status":"downloading-updates","current":3,"total":6,"progress":82}
[2024-11-29 11:12:36.347] [info]  DiscordSplash.onStateUpdate: {"status":"downloading-updates","current":3,"total":6,"progress":83}
[2024-11-29 11:12:36.348] [info]  Splash.onStateUpdate: {"status":"downloading-updates","current":3,"total":6,"progress":83}
[2024-11-29 11:12:36.358] [info]  DiscordSplash.onStateUpdate: {"status":"downloading-updates","current":3,"total":6,"progress":84}
[2024-11-29 11:12:36.358] [info]  Splash.onStateUpdate: {"status":"downloading-updates","current":3,"total":6,"progress":84}
[2024-11-29 11:12:36.368] [info]  DiscordSplash.onStateUpdate: {"status":"downloading-updates","current":3,"total":6,"progress":85}
[2024-11-29 11:12:36.368] [info]  Splash.onStateUpdate: {"status":"downloading-updates","current":3,"total":6,"progress":85}
[2024-11-29 11:12:36.384] [info]  DiscordSplash.onStateUpdate: {"status":"downloading-updates","current":3,"total":6,"progress":86}
[2024-11-29 11:12:36.384] [info]  Splash.onStateUpdate: {"status":"downloading-updates","current":3,"total":6,"progress":86}
[2024-11-29 11:12:36.391] [info]  DiscordSplash.onStateUpdate: {"status":"downloading-updates","current":3,"total":6,"progress":87}
[2024-11-29 11:12:36.391] [info]  Splash.onStateUpdate: {"status":"downloading-updates","current":3,"total":6,"progress":87}
[2024-11-29 11:12:36.402] [info]  DiscordSplash.onStateUpdate: {"status":"downloading-updates","current":3,"total":6,"progress":88}
[2024-11-29 11:12:36.402] [info]  Splash.onStateUpdate: {"status":"downloading-updates","current":3,"total":6,"progress":88}
[2024-11-29 11:12:36.411] [info]  DiscordSplash.onStateUpdate: {"status":"downloading-updates","current":3,"total":6,"progress":89}
[2024-11-29 11:12:36.411] [info]  Splash.onStateUpdate: {"status":"downloading-updates","current":3,"total":6,"progress":89}
[2024-11-29 11:12:36.418] [info]  DiscordSplash.onStateUpdate: {"status":"downloading-updates","current":3,"total":6,"progress":90}
[2024-11-29 11:12:36.419] [info]  Splash.onStateUpdate: {"status":"downloading-updates","current":3,"total":6,"progress":90}
[2024-11-29 11:12:36.437] [info]  DiscordSplash.onStateUpdate: {"status":"downloading-updates","current":3,"total":6,"progress":91}
[2024-11-29 11:12:36.438] [info]  Splash.onStateUpdate: {"status":"downloading-updates","current":3,"total":6,"progress":91}
[2024-11-29 11:12:36.445] [info]  DiscordSplash.onStateUpdate: {"status":"downloading-updates","current":3,"total":6,"progress":92}
[2024-11-29 11:12:36.445] [info]  Splash.onStateUpdate: {"status":"downloading-updates","current":3,"total":6,"progress":92}
[2024-11-29 11:12:36.455] [info]  DiscordSplash.onStateUpdate: {"status":"downloading-updates","current":3,"total":6,"progress":93}
[2024-11-29 11:12:36.455] [info]  Splash.onStateUpdate: {"status":"downloading-updates","current":3,"total":6,"progress":93}
[2024-11-29 11:12:36.462] [info]  DiscordSplash.onStateUpdate: {"status":"downloading-updates","current":3,"total":6,"progress":94}
[2024-11-29 11:12:36.463] [info]  Splash.onStateUpdate: {"status":"downloading-updates","current":3,"total":6,"progress":94}
[2024-11-29 11:12:36.479] [info]  DiscordSplash.onStateUpdate: {"status":"downloading-updates","current":3,"total":6,"progress":95}
[2024-11-29 11:12:36.480] [info]  Splash.onStateUpdate: {"status":"downloading-updates","current":3,"total":6,"progress":95}
[2024-11-29 11:12:36.488] [info]  DiscordSplash.onStateUpdate: {"status":"downloading-updates","current":3,"total":6,"progress":96}
[2024-11-29 11:12:36.488] [info]  Splash.onStateUpdate: {"status":"downloading-updates","current":3,"total":6,"progress":96}
[2024-11-29 11:12:36.499] [info]  DiscordSplash.onStateUpdate: {"status":"downloading-updates","current":3,"total":6,"progress":97}
[2024-11-29 11:12:36.500] [info]  Splash.onStateUpdate: {"status":"downloading-updates","current":3,"total":6,"progress":97}
[2024-11-29 11:12:36.509] [info]  DiscordSplash.onStateUpdate: {"status":"downloading-updates","current":3,"total":6,"progress":98}
[2024-11-29 11:12:36.509] [info]  Splash.onStateUpdate: {"status":"downloading-updates","current":3,"total":6,"progress":98}
[2024-11-29 11:12:36.517] [info]  DiscordSplash.onStateUpdate: {"status":"downloading-updates","current":3,"total":6,"progress":99}
[2024-11-29 11:12:36.517] [info]  Splash.onStateUpdate: {"status":"downloading-updates","current":3,"total":6,"progress":99}
[2024-11-29 11:12:36.534] [info]  DiscordSplash.onStateUpdate: {"status":"downloading-updates","current":3,"total":6,"progress":100}
[2024-11-29 11:12:36.534] [info]  Splash.onStateUpdate: {"status":"downloading-updates","current":3,"total":6,"progress":100}
[2024-11-29 11:12:36.535] [info]  DiscordSplash.onStateUpdate: {"status":"downloading-updates","current":4,"total":6}
[2024-11-29 11:12:36.535] [info]  Splash.onStateUpdate: {"status":"downloading-updates","current":4,"total":6}
[2024-11-29 11:12:37.004] [info]  DiscordSplash.onStateUpdate: {"status":"downloading-updates","current":4,"total":6,"progress":1}
[2024-11-29 11:12:37.005] [info]  Splash.onStateUpdate: {"status":"downloading-updates","current":4,"total":6,"progress":1}
[2024-11-29 11:12:37.009] [info]  DiscordSplash.onStateUpdate: {"status":"downloading-updates","current":4,"total":6,"progress":2}
[2024-11-29 11:12:37.010] [info]  Splash.onStateUpdate: {"status":"downloading-updates","current":4,"total":6,"progress":2}
[2024-11-29 11:12:37.013] [info]  DiscordSplash.onStateUpdate: {"status":"downloading-updates","current":4,"total":6,"progress":3}
[2024-11-29 11:12:37.014] [info]  Splash.onStateUpdate: {"status":"downloading-updates","current":4,"total":6,"progress":3}
[2024-11-29 11:12:37.016] [info]  DiscordSplash.onStateUpdate: {"status":"downloading-updates","current":4,"total":6,"progress":4}
[2024-11-29 11:12:37.017] [info]  Splash.onStateUpdate: {"status":"downloading-updates","current":4,"total":6,"progress":4}
[2024-11-29 11:12:37.021] [info]  DiscordSplash.onStateUpdate: {"status":"downloading-updates","current":4,"total":6,"progress":5}
[2024-11-29 11:12:37.021] [info]  Splash.onStateUpdate: {"status":"downloading-updates","current":4,"total":6,"progress":5}
[2024-11-29 11:12:37.024] [info]  DiscordSplash.onStateUpdate: {"status":"downloading-updates","current":4,"total":6,"progress":6}
[2024-11-29 11:12:37.025] [info]  Splash.onStateUpdate: {"status":"downloading-updates","current":4,"total":6,"progress":6}
[2024-11-29 11:12:37.029] [info]  DiscordSplash.onStateUpdate: {"status":"downloading-updates","current":4,"total":6,"progress":8}
[2024-11-29 11:12:37.029] [info]  Splash.onStateUpdate: {"status":"downloading-updates","current":4,"total":6,"progress":8}
[2024-11-29 11:12:37.033] [info]  DiscordSplash.onStateUpdate: {"status":"downloading-updates","current":4,"total":6,"progress":9}
[2024-11-29 11:12:37.033] [info]  Splash.onStateUpdate: {"status":"downloading-updates","current":4,"total":6,"progress":9}
[2024-11-29 11:12:37.042] [info]  DiscordSplash.onStateUpdate: {"status":"downloading-updates","current":4,"total":6,"progress":10}
[2024-11-29 11:12:37.043] [info]  Splash.onStateUpdate: {"status":"downloading-updates","current":4,"total":6,"progress":10}
[2024-11-29 11:12:37.046] [info]  DiscordSplash.onStateUpdate: {"status":"downloading-updates","current":4,"total":6,"progress":11}
[2024-11-29 11:12:37.046] [info]  Splash.onStateUpdate: {"status":"downloading-updates","current":4,"total":6,"progress":11}
[2024-11-29 11:12:37.050] [info]  DiscordSplash.onStateUpdate: {"status":"downloading-updates","current":4,"total":6,"progress":12}
[2024-11-29 11:12:37.050] [info]  Splash.onStateUpdate: {"status":"downloading-updates","current":4,"total":6,"progress":12}
[2024-11-29 11:12:37.054] [info]  DiscordSplash.onStateUpdate: {"status":"downloading-updates","current":4,"total":6,"progress":13}
[2024-11-29 11:12:37.055] [info]  Splash.onStateUpdate: {"status":"downloading-updates","current":4,"total":6,"progress":13}
[2024-11-29 11:12:37.067] [info]  DiscordSplash.onStateUpdate: {"status":"downloading-updates","current":4,"total":6,"progress":15}
[2024-11-29 11:12:37.067] [info]  Splash.onStateUpdate: {"status":"downloading-updates","current":4,"total":6,"progress":15}
[2024-11-29 11:12:37.075] [info]  DiscordSplash.onStateUpdate: {"status":"downloading-updates","current":4,"total":6,"progress":17}
[2024-11-29 11:12:37.077] [info]  Splash.onStateUpdate: {"status":"downloading-updates","current":4,"total":6,"progress":17}
[2024-11-29 11:12:37.080] [info]  DiscordSplash.onStateUpdate: {"status":"downloading-updates","current":4,"total":6,"progress":18}
[2024-11-29 11:12:37.081] [info]  Splash.onStateUpdate: {"status":"downloading-updates","current":4,"total":6,"progress":18}
[2024-11-29 11:12:37.084] [info]  DiscordSplash.onStateUpdate: {"status":"downloading-updates","current":4,"total":6,"progress":19}
[2024-11-29 11:12:37.085] [info]  Splash.onStateUpdate: {"status":"downloading-updates","current":4,"total":6,"progress":19}
[2024-11-29 11:12:37.087] [info]  DiscordSplash.onStateUpdate: {"status":"downloading-updates","current":4,"total":6,"progress":20}
[2024-11-29 11:12:37.087] [info]  Splash.onStateUpdate: {"status":"downloading-updates","current":4,"total":6,"progress":20}
[2024-11-29 11:12:37.092] [info]  DiscordSplash.onStateUpdate: {"status":"downloading-updates","current":4,"total":6,"progress":21}
[2024-11-29 11:12:37.092] [info]  Splash.onStateUpdate: {"status":"downloading-updates","current":4,"total":6,"progress":21}
[2024-11-29 11:12:37.098] [info]  DiscordSplash.onStateUpdate: {"status":"downloading-updates","current":4,"total":6,"progress":23}
[2024-11-29 11:12:37.098] [info]  Splash.onStateUpdate: {"status":"downloading-updates","current":4,"total":6,"progress":23}
[2024-11-29 11:12:37.101] [info]  DiscordSplash.onStateUpdate: {"status":"downloading-updates","current":4,"total":6,"progress":24}
[2024-11-29 11:12:37.102] [info]  Splash.onStateUpdate: {"status":"downloading-updates","current":4,"total":6,"progress":24}
[2024-11-29 11:12:37.105] [info]  DiscordSplash.onStateUpdate: {"status":"downloading-updates","current":4,"total":6,"progress":25}
[2024-11-29 11:12:37.106] [info]  Splash.onStateUpdate: {"status":"downloading-updates","current":4,"total":6,"progress":25}
[2024-11-29 11:12:37.109] [info]  DiscordSplash.onStateUpdate: {"status":"downloading-updates","current":4,"total":6,"progress":26}
[2024-11-29 11:12:37.110] [info]  Splash.onStateUpdate: {"status":"downloading-updates","current":4,"total":6,"progress":26}
[2024-11-29 11:12:37.114] [info]  DiscordSplash.onStateUpdate: {"status":"downloading-updates","current":4,"total":6,"progress":28}
[2024-11-29 11:12:37.114] [info]  Splash.onStateUpdate: {"status":"downloading-updates","current":4,"total":6,"progress":28}
[2024-11-29 11:12:37.124] [info]  DiscordSplash.onStateUpdate: {"status":"downloading-updates","current":4,"total":6,"progress":30}
[2024-11-29 11:12:37.125] [info]  Splash.onStateUpdate: {"status":"downloading-updates","current":4,"total":6,"progress":30}
[2024-11-29 11:12:37.134] [info]  DiscordSplash.onStateUpdate: {"status":"downloading-updates","current":4,"total":6,"progress":32}
[2024-11-29 11:12:37.136] [info]  Splash.onStateUpdate: {"status":"downloading-updates","current":4,"total":6,"progress":32}
[2024-11-29 11:12:37.139] [info]  DiscordSplash.onStateUpdate: {"status":"downloading-updates","current":4,"total":6,"progress":33}
[2024-11-29 11:12:37.140] [info]  Splash.onStateUpdate: {"status":"downloading-updates","current":4,"total":6,"progress":33}
[2024-11-29 11:12:37.146] [info]  DiscordSplash.onStateUpdate: {"status":"downloading-updates","current":4,"total":6,"progress":34}
[2024-11-29 11:12:37.146] [info]  Splash.onStateUpdate: {"status":"downloading-updates","current":4,"total":6,"progress":34}
[2024-11-29 11:12:37.149] [info]  DiscordSplash.onStateUpdate: {"status":"downloading-updates","current":4,"total":6,"progress":35}
[2024-11-29 11:12:37.149] [info]  Splash.onStateUpdate: {"status":"downloading-updates","current":4,"total":6,"progress":35}
[2024-11-29 11:12:37.153] [info]  DiscordSplash.onStateUpdate: {"status":"downloading-updates","current":4,"total":6,"progress":36}
[2024-11-29 11:12:37.153] [info]  Splash.onStateUpdate: {"status":"downloading-updates","current":4,"total":6,"progress":36}
[2024-11-29 11:12:37.161] [info]  DiscordSplash.onStateUpdate: {"status":"downloading-updates","current":4,"total":6,"progress":38}
[2024-11-29 11:12:37.161] [info]  Splash.onStateUpdate: {"status":"downloading-updates","current":4,"total":6,"progress":38}
[2024-11-29 11:12:37.165] [info]  DiscordSplash.onStateUpdate: {"status":"downloading-updates","current":4,"total":6,"progress":39}
[2024-11-29 11:12:37.165] [info]  Splash.onStateUpdate: {"status":"downloading-updates","current":4,"total":6,"progress":39}
[2024-11-29 11:12:37.169] [info]  DiscordSplash.onStateUpdate: {"status":"downloading-updates","current":4,"total":6,"progress":40}
[2024-11-29 11:12:37.169] [info]  Splash.onStateUpdate: {"status":"downloading-updates","current":4,"total":6,"progress":40}
[2024-11-29 11:12:37.173] [info]  DiscordSplash.onStateUpdate: {"status":"downloading-updates","current":4,"total":6,"progress":41}
[2024-11-29 11:12:37.173] [info]  Splash.onStateUpdate: {"status":"downloading-updates","current":4,"total":6,"progress":41}
[2024-11-29 11:12:37.176] [info]  DiscordSplash.onStateUpdate: {"status":"downloading-updates","current":4,"total":6,"progress":42}
[2024-11-29 11:12:37.176] [info]  Splash.onStateUpdate: {"status":"downloading-updates","current":4,"total":6,"progress":42}
[2024-11-29 11:12:37.180] [info]  DiscordSplash.onStateUpdate: {"status":"downloading-updates","current":4,"total":6,"progress":43}
[2024-11-29 11:12:37.180] [info]  Splash.onStateUpdate: {"status":"downloading-updates","current":4,"total":6,"progress":43}
[2024-11-29 11:12:37.184] [info]  DiscordSplash.onStateUpdate: {"status":"downloading-updates","current":4,"total":6,"progress":45}
[2024-11-29 11:12:37.184] [info]  Splash.onStateUpdate: {"status":"downloading-updates","current":4,"total":6,"progress":45}
[2024-11-29 11:12:37.187] [info]  DiscordSplash.onStateUpdate: {"status":"downloading-updates","current":4,"total":6,"progress":46}
[2024-11-29 11:12:37.187] [info]  Splash.onStateUpdate: {"status":"downloading-updates","current":4,"total":6,"progress":46}
[2024-11-29 11:12:37.191] [info]  DiscordSplash.onStateUpdate: {"status":"downloading-updates","current":4,"total":6,"progress":47}
[2024-11-29 11:12:37.192] [info]  Splash.onStateUpdate: {"status":"downloading-updates","current":4,"total":6,"progress":47}
[2024-11-29 11:12:37.194] [info]  DiscordSplash.onStateUpdate: {"status":"downloading-updates","current":4,"total":6,"progress":48}
[2024-11-29 11:12:37.195] [info]  Splash.onStateUpdate: {"status":"downloading-updates","current":4,"total":6,"progress":48}
[2024-11-29 11:12:37.198] [info]  DiscordSplash.onStateUpdate: {"status":"downloading-updates","current":4,"total":6,"progress":50}
[2024-11-29 11:12:37.198] [info]  Splash.onStateUpdate: {"status":"downloading-updates","current":4,"total":6,"progress":50}
[2024-11-29 11:12:37.201] [info]  DiscordSplash.onStateUpdate: {"status":"downloading-updates","current":4,"total":6,"progress":51}
[2024-11-29 11:12:37.202] [info]  Splash.onStateUpdate: {"status":"downloading-updates","current":4,"total":6,"progress":51}
[2024-11-29 11:12:37.204] [info]  DiscordSplash.onStateUpdate: {"status":"downloading-updates","current":4,"total":6,"progress":52}
[2024-11-29 11:12:37.204] [info]  Splash.onStateUpdate: {"status":"downloading-updates","current":4,"total":6,"progress":52}
[2024-11-29 11:12:37.208] [info]  DiscordSplash.onStateUpdate: {"status":"downloading-updates","current":4,"total":6,"progress":53}
[2024-11-29 11:12:37.209] [info]  Splash.onStateUpdate: {"status":"downloading-updates","current":4,"total":6,"progress":53}
[2024-11-29 11:12:37.212] [info]  DiscordSplash.onStateUpdate: {"status":"downloading-updates","current":4,"total":6,"progress":54}
[2024-11-29 11:12:37.212] [info]  Splash.onStateUpdate: {"status":"downloading-updates","current":4,"total":6,"progress":54}
[2024-11-29 11:12:37.216] [info]  DiscordSplash.onStateUpdate: {"status":"downloading-updates","current":4,"total":6,"progress":55}
[2024-11-29 11:12:37.216] [info]  Splash.onStateUpdate: {"status":"downloading-updates","current":4,"total":6,"progress":55}
[2024-11-29 11:12:37.219] [info]  DiscordSplash.onStateUpdate: {"status":"downloading-updates","current":4,"total":6,"progress":56}
[2024-11-29 11:12:37.219] [info]  Splash.onStateUpdate: {"status":"downloading-updates","current":4,"total":6,"progress":56}
[2024-11-29 11:12:37.223] [info]  DiscordSplash.onStateUpdate: {"status":"downloading-updates","current":4,"total":6,"progress":58}
[2024-11-29 11:12:37.224] [info]  Splash.onStateUpdate: {"status":"downloading-updates","current":4,"total":6,"progress":58}
[2024-11-29 11:12:37.226] [info]  DiscordSplash.onStateUpdate: {"status":"downloading-updates","current":4,"total":6,"progress":59}
[2024-11-29 11:12:37.227] [info]  Splash.onStateUpdate: {"status":"downloading-updates","current":4,"total":6,"progress":59}
[2024-11-29 11:12:37.230] [info]  DiscordSplash.onStateUpdate: {"status":"downloading-updates","current":4,"total":6,"progress":60}
[2024-11-29 11:12:37.230] [info]  Splash.onStateUpdate: {"status":"downloading-updates","current":4,"total":6,"progress":60}
[2024-11-29 11:12:37.233] [info]  DiscordSplash.onStateUpdate: {"status":"downloading-updates","current":4,"total":6,"progress":61}
[2024-11-29 11:12:37.234] [info]  Splash.onStateUpdate: {"status":"downloading-updates","current":4,"total":6,"progress":61}
[2024-11-29 11:12:37.237] [info]  DiscordSplash.onStateUpdate: {"status":"downloading-updates","current":4,"total":6,"progress":63}
[2024-11-29 11:12:37.237] [info]  Splash.onStateUpdate: {"status":"downloading-updates","current":4,"total":6,"progress":63}
[2024-11-29 11:12:37.257] [info]  DiscordSplash.onStateUpdate: {"status":"downloading-updates","current":4,"total":6,"progress":64}
[2024-11-29 11:12:37.258] [info]  Splash.onStateUpdate: {"status":"downloading-updates","current":4,"total":6,"progress":64}
[2024-11-29 11:12:37.261] [info]  DiscordSplash.onStateUpdate: {"status":"downloading-updates","current":4,"total":6,"progress":65}
[2024-11-29 11:12:37.262] [info]  Splash.onStateUpdate: {"status":"downloading-updates","current":4,"total":6,"progress":65}
[2024-11-29 11:12:37.264] [info]  DiscordSplash.onStateUpdate: {"status":"downloading-updates","current":4,"total":6,"progress":66}
[2024-11-29 11:12:37.265] [info]  Splash.onStateUpdate: {"status":"downloading-updates","current":4,"total":6,"progress":66}
[2024-11-29 11:12:37.267] [info]  DiscordSplash.onStateUpdate: {"status":"downloading-updates","current":4,"total":6,"progress":67}
[2024-11-29 11:12:37.267] [info]  Splash.onStateUpdate: {"status":"downloading-updates","current":4,"total":6,"progress":67}
[2024-11-29 11:12:37.270] [info]  DiscordSplash.onStateUpdate: {"status":"downloading-updates","current":4,"total":6,"progress":68}
[2024-11-29 11:12:37.271] [info]  Splash.onStateUpdate: {"status":"downloading-updates","current":4,"total":6,"progress":68}
[2024-11-29 11:12:37.273] [info]  DiscordSplash.onStateUpdate: {"status":"downloading-updates","current":4,"total":6,"progress":69}
[2024-11-29 11:12:37.274] [info]  Splash.onStateUpdate: {"status":"downloading-updates","current":4,"total":6,"progress":69}
[2024-11-29 11:12:37.277] [info]  DiscordSplash.onStateUpdate: {"status":"downloading-updates","current":4,"total":6,"progress":71}
[2024-11-29 11:12:37.277] [info]  Splash.onStateUpdate: {"status":"downloading-updates","current":4,"total":6,"progress":71}
[2024-11-29 11:12:37.280] [info]  DiscordSplash.onStateUpdate: {"status":"downloading-updates","current":4,"total":6,"progress":72}
[2024-11-29 11:12:37.280] [info]  Splash.onStateUpdate: {"status":"downloading-updates","current":4,"total":6,"progress":72}
[2024-11-29 11:12:37.286] [info]  DiscordSplash.onStateUpdate: {"status":"downloading-updates","current":4,"total":6,"progress":73}
[2024-11-29 11:12:37.286] [info]  Splash.onStateUpdate: {"status":"downloading-updates","current":4,"total":6,"progress":73}
[2024-11-29 11:12:37.290] [info]  DiscordSplash.onStateUpdate: {"status":"downloading-updates","current":4,"total":6,"progress":74}
[2024-11-29 11:12:37.290] [info]  Splash.onStateUpdate: {"status":"downloading-updates","current":4,"total":6,"progress":74}
[2024-11-29 11:12:37.295] [info]  DiscordSplash.onStateUpdate: {"status":"downloading-updates","current":4,"total":6,"progress":76}
[2024-11-29 11:12:37.295] [info]  Splash.onStateUpdate: {"status":"downloading-updates","current":4,"total":6,"progress":76}
[2024-11-29 11:12:37.299] [info]  DiscordSplash.onStateUpdate: {"status":"downloading-updates","current":4,"total":6,"progress":77}
[2024-11-29 11:12:37.299] [info]  Splash.onStateUpdate: {"status":"downloading-updates","current":4,"total":6,"progress":77}
[2024-11-29 11:12:37.303] [info]  DiscordSplash.onStateUpdate: {"status":"downloading-updates","current":4,"total":6,"progress":78}
[2024-11-29 11:12:37.303] [info]  Splash.onStateUpdate: {"status":"downloading-updates","current":4,"total":6,"progress":78}
[2024-11-29 11:12:37.306] [info]  DiscordSplash.onStateUpdate: {"status":"downloading-updates","current":4,"total":6,"progress":79}
[2024-11-29 11:12:37.307] [info]  Splash.onStateUpdate: {"status":"downloading-updates","current":4,"total":6,"progress":79}
[2024-11-29 11:12:37.311] [info]  DiscordSplash.onStateUpdate: {"status":"downloading-updates","current":4,"total":6,"progress":80}
[2024-11-29 11:12:37.311] [info]  Splash.onStateUpdate: {"status":"downloading-updates","current":4,"total":6,"progress":80}
[2024-11-29 11:12:37.315] [info]  DiscordSplash.onStateUpdate: {"status":"downloading-updates","current":4,"total":6,"progress":81}
[2024-11-29 11:12:37.315] [info]  Splash.onStateUpdate: {"status":"downloading-updates","current":4,"total":6,"progress":81}
[2024-11-29 11:12:37.318] [info]  DiscordSplash.onStateUpdate: {"status":"downloading-updates","current":4,"total":6,"progress":82}
[2024-11-29 11:12:37.319] [info]  Splash.onStateUpdate: {"status":"downloading-updates","current":4,"total":6,"progress":82}
[2024-11-29 11:12:37.321] [info]  DiscordSplash.onStateUpdate: {"status":"downloading-updates","current":4,"total":6,"progress":84}
[2024-11-29 11:12:37.322] [info]  Splash.onStateUpdate: {"status":"downloading-updates","current":4,"total":6,"progress":84}
[2024-11-29 11:12:37.325] [info]  DiscordSplash.onStateUpdate: {"status":"downloading-updates","current":4,"total":6,"progress":85}
[2024-11-29 11:12:37.326] [info]  Splash.onStateUpdate: {"status":"downloading-updates","current":4,"total":6,"progress":85}
[2024-11-29 11:12:37.328] [info]  DiscordSplash.onStateUpdate: {"status":"downloading-updates","current":4,"total":6,"progress":86}
[2024-11-29 11:12:37.329] [info]  Splash.onStateUpdate: {"status":"downloading-updates","current":4,"total":6,"progress":86}
[2024-11-29 11:12:37.332] [info]  DiscordSplash.onStateUpdate: {"status":"downloading-updates","current":4,"total":6,"progress":87}
[2024-11-29 11:12:37.332] [info]  Splash.onStateUpdate: {"status":"downloading-updates","current":4,"total":6,"progress":87}
[2024-11-29 11:12:37.335] [info]  DiscordSplash.onStateUpdate: {"status":"downloading-updates","current":4,"total":6,"progress":89}
[2024-11-29 11:12:37.335] [info]  Splash.onStateUpdate: {"status":"downloading-updates","current":4,"total":6,"progress":89}
[2024-11-29 11:12:37.339] [info]  DiscordSplash.onStateUpdate: {"status":"downloading-updates","current":4,"total":6,"progress":90}
[2024-11-29 11:12:37.339] [info]  Splash.onStateUpdate: {"status":"downloading-updates","current":4,"total":6,"progress":90}
[2024-11-29 11:12:37.342] [info]  DiscordSplash.onStateUpdate: {"status":"downloading-updates","current":4,"total":6,"progress":91}
[2024-11-29 11:12:37.342] [info]  Splash.onStateUpdate: {"status":"downloading-updates","current":4,"total":6,"progress":91}
[2024-11-29 11:12:37.356] [info]  DiscordSplash.onStateUpdate: {"status":"downloading-updates","current":4,"total":6,"progress":92}
[2024-11-29 11:12:37.356] [info]  Splash.onStateUpdate: {"status":"downloading-updates","current":4,"total":6,"progress":92}
[2024-11-29 11:12:37.359] [info]  DiscordSplash.onStateUpdate: {"status":"downloading-updates","current":4,"total":6,"progress":93}
[2024-11-29 11:12:37.359] [info]  Splash.onStateUpdate: {"status":"downloading-updates","current":4,"total":6,"progress":93}
[2024-11-29 11:12:37.362] [info]  DiscordSplash.onStateUpdate: {"status":"downloading-updates","current":4,"total":6,"progress":94}
[2024-11-29 11:12:37.362] [info]  Splash.onStateUpdate: {"status":"downloading-updates","current":4,"total":6,"progress":94}
[2024-11-29 11:12:37.365] [info]  DiscordSplash.onStateUpdate: {"status":"downloading-updates","current":4,"total":6,"progress":95}
[2024-11-29 11:12:37.366] [info]  Splash.onStateUpdate: {"status":"downloading-updates","current":4,"total":6,"progress":95}
[2024-11-29 11:12:37.369] [info]  DiscordSplash.onStateUpdate: {"status":"downloading-updates","current":4,"total":6,"progress":97}
[2024-11-29 11:12:37.369] [info]  Splash.onStateUpdate: {"status":"downloading-updates","current":4,"total":6,"progress":97}
[2024-11-29 11:12:37.373] [info]  DiscordSplash.onStateUpdate: {"status":"downloading-updates","current":4,"total":6,"progress":98}
[2024-11-29 11:12:37.373] [info]  Splash.onStateUpdate: {"status":"downloading-updates","current":4,"total":6,"progress":98}
[2024-11-29 11:12:37.377] [info]  DiscordSplash.onStateUpdate: {"status":"downloading-updates","current":4,"total":6,"progress":99}
[2024-11-29 11:12:37.377] [info]  Splash.onStateUpdate: {"status":"downloading-updates","current":4,"total":6,"progress":99}
[2024-11-29 11:12:37.378] [info]  DiscordSplash.onStateUpdate: {"status":"downloading-updates","current":4,"total":6,"progress":100}
[2024-11-29 11:12:37.378] [info]  Splash.onStateUpdate: {"status":"downloading-updates","current":4,"total":6,"progress":100}
[2024-11-29 11:12:37.378] [info]  DiscordSplash.onStateUpdate: {"status":"downloading-updates","current":5,"total":6}
[2024-11-29 11:12:37.379] [info]  Splash.onStateUpdate: {"status":"downloading-updates","current":5,"total":6}
[2024-11-29 11:12:37.899] [info]  DiscordSplash.onStateUpdate: {"status":"downloading-updates","current":5,"total":6,"progress":1}
[2024-11-29 11:12:37.899] [info]  Splash.onStateUpdate: {"status":"downloading-updates","current":5,"total":6,"progress":1}
[2024-11-29 11:12:37.919] [info]  DiscordSplash.onStateUpdate: {"status":"downloading-updates","current":5,"total":6,"progress":2}
[2024-11-29 11:12:37.919] [info]  Splash.onStateUpdate: {"status":"downloading-updates","current":5,"total":6,"progress":2}
[2024-11-29 11:12:37.945] [info]  DiscordSplash.onStateUpdate: {"status":"downloading-updates","current":5,"total":6,"progress":3}
[2024-11-29 11:12:37.945] [info]  Splash.onStateUpdate: {"status":"downloading-updates","current":5,"total":6,"progress":3}
[2024-11-29 11:12:37.971] [info]  DiscordSplash.onStateUpdate: {"status":"downloading-updates","current":5,"total":6,"progress":4}
[2024-11-29 11:12:37.972] [info]  Splash.onStateUpdate: {"status":"downloading-updates","current":5,"total":6,"progress":4}
[2024-11-29 11:12:37.996] [info]  DiscordSplash.onStateUpdate: {"status":"downloading-updates","current":5,"total":6,"progress":5}
[2024-11-29 11:12:37.996] [info]  Splash.onStateUpdate: {"status":"downloading-updates","current":5,"total":6,"progress":5}
[2024-11-29 11:12:38.013] [info]  DiscordSplash.onStateUpdate: {"status":"downloading-updates","current":5,"total":6,"progress":6}
[2024-11-29 11:12:38.014] [info]  Splash.onStateUpdate: {"status":"downloading-updates","current":5,"total":6,"progress":6}
[2024-11-29 11:12:38.043] [info]  DiscordSplash.onStateUpdate: {"status":"downloading-updates","current":5,"total":6,"progress":7}
[2024-11-29 11:12:38.043] [info]  Splash.onStateUpdate: {"status":"downloading-updates","current":5,"total":6,"progress":7}
[2024-11-29 11:12:38.070] [info]  DiscordSplash.onStateUpdate: {"status":"downloading-updates","current":5,"total":6,"progress":8}
[2024-11-29 11:12:38.071] [info]  Splash.onStateUpdate: {"status":"downloading-updates","current":5,"total":6,"progress":8}
[2024-11-29 11:12:38.090] [info]  DiscordSplash.onStateUpdate: {"status":"downloading-updates","current":5,"total":6,"progress":9}
[2024-11-29 11:12:38.090] [info]  Splash.onStateUpdate: {"status":"downloading-updates","current":5,"total":6,"progress":9}
[2024-11-29 11:12:38.110] [info]  DiscordSplash.onStateUpdate: {"status":"downloading-updates","current":5,"total":6,"progress":10}
[2024-11-29 11:12:38.110] [info]  Splash.onStateUpdate: {"status":"downloading-updates","current":5,"total":6,"progress":10}
[2024-11-29 11:12:38.142] [info]  DiscordSplash.onStateUpdate: {"status":"downloading-updates","current":5,"total":6,"progress":11}
[2024-11-29 11:12:38.143] [info]  Splash.onStateUpdate: {"status":"downloading-updates","current":5,"total":6,"progress":11}
[2024-11-29 11:12:38.171] [info]  DiscordSplash.onStateUpdate: {"status":"downloading-updates","current":5,"total":6,"progress":12}
[2024-11-29 11:12:38.172] [info]  Splash.onStateUpdate: {"status":"downloading-updates","current":5,"total":6,"progress":12}
[2024-11-29 11:12:38.190] [info]  DiscordSplash.onStateUpdate: {"status":"downloading-updates","current":5,"total":6,"progress":13}
[2024-11-29 11:12:38.191] [info]  Splash.onStateUpdate: {"status":"downloading-updates","current":5,"total":6,"progress":13}
[2024-11-29 11:12:38.215] [info]  DiscordSplash.onStateUpdate: {"status":"downloading-updates","current":5,"total":6,"progress":14}
[2024-11-29 11:12:38.215] [info]  Splash.onStateUpdate: {"status":"downloading-updates","current":5,"total":6,"progress":14}
[2024-11-29 11:12:38.239] [info]  DiscordSplash.onStateUpdate: {"status":"downloading-updates","current":5,"total":6,"progress":15}
[2024-11-29 11:12:38.240] [info]  Splash.onStateUpdate: {"status":"downloading-updates","current":5,"total":6,"progress":15}
[2024-11-29 11:12:38.256] [info]  DiscordSplash.onStateUpdate: {"status":"downloading-updates","current":5,"total":6,"progress":16}
[2024-11-29 11:12:38.257] [info]  Splash.onStateUpdate: {"status":"downloading-updates","current":5,"total":6,"progress":16}
[2024-11-29 11:12:38.289] [info]  DiscordSplash.onStateUpdate: {"status":"downloading-updates","current":5,"total":6,"progress":17}
[2024-11-29 11:12:38.290] [info]  Splash.onStateUpdate: {"status":"downloading-updates","current":5,"total":6,"progress":17}
[2024-11-29 11:12:38.308] [info]  DiscordSplash.onStateUpdate: {"status":"downloading-updates","current":5,"total":6,"progress":18}
[2024-11-29 11:12:38.309] [info]  Splash.onStateUpdate: {"status":"downloading-updates","current":5,"total":6,"progress":18}
[2024-11-29 11:12:38.333] [info]  DiscordSplash.onStateUpdate: {"status":"downloading-updates","current":5,"total":6,"progress":19}
[2024-11-29 11:12:38.333] [info]  Splash.onStateUpdate: {"status":"downloading-updates","current":5,"total":6,"progress":19}
[2024-11-29 11:12:38.349] [info]  DiscordSplash.onStateUpdate: {"status":"downloading-updates","current":5,"total":6,"progress":20}
[2024-11-29 11:12:38.350] [info]  Splash.onStateUpdate: {"status":"downloading-updates","current":5,"total":6,"progress":20}
[2024-11-29 11:12:38.425] [info]  DiscordSplash.onStateUpdate: {"status":"downloading-updates","current":5,"total":6,"progress":21}
[2024-11-29 11:12:38.426] [info]  Splash.onStateUpdate: {"status":"downloading-updates","current":5,"total":6,"progress":21}
[2024-11-29 11:12:38.445] [info]  DiscordSplash.onStateUpdate: {"status":"downloading-updates","current":5,"total":6,"progress":22}
[2024-11-29 11:12:38.446] [info]  Splash.onStateUpdate: {"status":"downloading-updates","current":5,"total":6,"progress":22}
[2024-11-29 11:12:38.448] [info]  DiscordSplash.onStateUpdate: {"status":"downloading-updates","current":5,"total":6,"progress":23}
[2024-11-29 11:12:38.449] [info]  Splash.onStateUpdate: {"status":"downloading-updates","current":5,"total":6,"progress":23}
[2024-11-29 11:12:38.451] [info]  DiscordSplash.onStateUpdate: {"status":"downloading-updates","current":5,"total":6,"progress":24}
[2024-11-29 11:12:38.452] [info]  Splash.onStateUpdate: {"status":"downloading-updates","current":5,"total":6,"progress":24}
[2024-11-29 11:12:38.466] [info]  DiscordSplash.onStateUpdate: {"status":"downloading-updates","current":5,"total":6,"progress":25}
[2024-11-29 11:12:38.467] [info]  Splash.onStateUpdate: {"status":"downloading-updates","current":5,"total":6,"progress":25}
[2024-11-29 11:12:38.498] [info]  DiscordSplash.onStateUpdate: {"status":"downloading-updates","current":5,"total":6,"progress":26}
[2024-11-29 11:12:38.498] [info]  Splash.onStateUpdate: {"status":"downloading-updates","current":5,"total":6,"progress":26}
[2024-11-29 11:12:38.514] [info]  DiscordSplash.onStateUpdate: {"status":"downloading-updates","current":5,"total":6,"progress":27}
[2024-11-29 11:12:38.515] [info]  Splash.onStateUpdate: {"status":"downloading-updates","current":5,"total":6,"progress":27}
[2024-11-29 11:12:38.565] [info]  DiscordSplash.onStateUpdate: {"status":"downloading-updates","current":5,"total":6,"progress":28}
[2024-11-29 11:12:38.566] [info]  Splash.onStateUpdate: {"status":"downloading-updates","current":5,"total":6,"progress":28}
[2024-11-29 11:12:38.567] [info]  DiscordSplash.onStateUpdate: {"status":"downloading-updates","current":5,"total":6,"progress":29}
[2024-11-29 11:12:38.567] [info]  Splash.onStateUpdate: {"status":"downloading-updates","current":5,"total":6,"progress":29}
[2024-11-29 11:12:38.586] [info]  DiscordSplash.onStateUpdate: {"status":"downloading-updates","current":5,"total":6,"progress":30}
[2024-11-29 11:12:38.586] [info]  Splash.onStateUpdate: {"status":"downloading-updates","current":5,"total":6,"progress":30}
[2024-11-29 11:12:38.604] [info]  DiscordSplash.onStateUpdate: {"status":"downloading-updates","current":5,"total":6,"progress":31}
[2024-11-29 11:12:38.604] [info]  Splash.onStateUpdate: {"status":"downloading-updates","current":5,"total":6,"progress":31}
[2024-11-29 11:12:38.640] [info]  DiscordSplash.onStateUpdate: {"status":"downloading-updates","current":5,"total":6,"progress":32}
[2024-11-29 11:12:38.641] [info]  Splash.onStateUpdate: {"status":"downloading-updates","current":5,"total":6,"progress":32}
[2024-11-29 11:12:38.657] [info]  DiscordSplash.onStateUpdate: {"status":"downloading-updates","current":5,"total":6,"progress":33}
[2024-11-29 11:12:38.657] [info]  Splash.onStateUpdate: {"status":"downloading-updates","current":5,"total":6,"progress":33}
[2024-11-29 11:12:38.681] [info]  DiscordSplash.onStateUpdate: {"status":"downloading-updates","current":5,"total":6,"progress":34}
[2024-11-29 11:12:38.682] [info]  Splash.onStateUpdate: {"status":"downloading-updates","current":5,"total":6,"progress":34}
[2024-11-29 11:12:38.700] [info]  DiscordSplash.onStateUpdate: {"status":"downloading-updates","current":5,"total":6,"progress":35}
[2024-11-29 11:12:38.701] [info]  Splash.onStateUpdate: {"status":"downloading-updates","current":5,"total":6,"progress":35}
[2024-11-29 11:12:38.724] [info]  DiscordSplash.onStateUpdate: {"status":"downloading-updates","current":5,"total":6,"progress":36}
[2024-11-29 11:12:38.724] [info]  Splash.onStateUpdate: {"status":"downloading-updates","current":5,"total":6,"progress":36}
[2024-11-29 11:12:38.746] [info]  DiscordSplash.onStateUpdate: {"status":"downloading-updates","current":5,"total":6,"progress":37}
[2024-11-29 11:12:38.747] [info]  Splash.onStateUpdate: {"status":"downloading-updates","current":5,"total":6,"progress":37}
[2024-11-29 11:12:38.768] [info]  DiscordSplash.onStateUpdate: {"status":"downloading-updates","current":5,"total":6,"progress":38}
[2024-11-29 11:12:38.769] [info]  Splash.onStateUpdate: {"status":"downloading-updates","current":5,"total":6,"progress":38}
[2024-11-29 11:12:38.790] [info]  DiscordSplash.onStateUpdate: {"status":"downloading-updates","current":5,"total":6,"progress":39}
[2024-11-29 11:12:38.790] [info]  Splash.onStateUpdate: {"status":"downloading-updates","current":5,"total":6,"progress":39}
[2024-11-29 11:12:38.817] [info]  DiscordSplash.onStateUpdate: {"status":"downloading-updates","current":5,"total":6,"progress":40}
[2024-11-29 11:12:38.818] [info]  Splash.onStateUpdate: {"status":"downloading-updates","current":5,"total":6,"progress":40}
[2024-11-29 11:12:38.835] [info]  DiscordSplash.onStateUpdate: {"status":"downloading-updates","current":5,"total":6,"progress":41}
[2024-11-29 11:12:38.836] [info]  Splash.onStateUpdate: {"status":"downloading-updates","current":5,"total":6,"progress":41}
[2024-11-29 11:12:38.860] [info]  DiscordSplash.onStateUpdate: {"status":"downloading-updates","current":5,"total":6,"progress":42}
[2024-11-29 11:12:38.860] [info]  Splash.onStateUpdate: {"status":"downloading-updates","current":5,"total":6,"progress":42}
[2024-11-29 11:12:38.877] [info]  DiscordSplash.onStateUpdate: {"status":"downloading-updates","current":5,"total":6,"progress":43}
[2024-11-29 11:12:38.877] [info]  Splash.onStateUpdate: {"status":"downloading-updates","current":5,"total":6,"progress":43}
[2024-11-29 11:12:38.897] [info]  DiscordSplash.onStateUpdate: {"status":"downloading-updates","current":5,"total":6,"progress":44}
[2024-11-29 11:12:38.897] [info]  Splash.onStateUpdate: {"status":"downloading-updates","current":5,"total":6,"progress":44}
[2024-11-29 11:12:38.923] [info]  DiscordSplash.onStateUpdate: {"status":"downloading-updates","current":5,"total":6,"progress":45}
[2024-11-29 11:12:38.924] [info]  Splash.onStateUpdate: {"status":"downloading-updates","current":5,"total":6,"progress":45}
[2024-11-29 11:12:38.940] [info]  DiscordSplash.onStateUpdate: {"status":"downloading-updates","current":5,"total":6,"progress":46}
[2024-11-29 11:12:38.941] [info]  Splash.onStateUpdate: {"status":"downloading-updates","current":5,"total":6,"progress":46}
[2024-11-29 11:12:38.960] [info]  DiscordSplash.onStateUpdate: {"status":"downloading-updates","current":5,"total":6,"progress":47}
[2024-11-29 11:12:38.961] [info]  Splash.onStateUpdate: {"status":"downloading-updates","current":5,"total":6,"progress":47}
[2024-11-29 11:12:38.977] [info]  DiscordSplash.onStateUpdate: {"status":"downloading-updates","current":5,"total":6,"progress":48}
[2024-11-29 11:12:38.978] [info]  Splash.onStateUpdate: {"status":"downloading-updates","current":5,"total":6,"progress":48}
[2024-11-29 11:12:39.014] [info]  DiscordSplash.onStateUpdate: {"status":"downloading-updates","current":5,"total":6,"progress":49}
[2024-11-29 11:12:39.015] [info]  Splash.onStateUpdate: {"status":"downloading-updates","current":5,"total":6,"progress":49}
[2024-11-29 11:12:39.030] [info]  DiscordSplash.onStateUpdate: {"status":"downloading-updates","current":5,"total":6,"progress":50}
[2024-11-29 11:12:39.031] [info]  Splash.onStateUpdate: {"status":"downloading-updates","current":5,"total":6,"progress":50}
[2024-11-29 11:12:39.050] [info]  DiscordSplash.onStateUpdate: {"status":"downloading-updates","current":5,"total":6,"progress":51}
[2024-11-29 11:12:39.051] [info]  Splash.onStateUpdate: {"status":"downloading-updates","current":5,"total":6,"progress":51}
[2024-11-29 11:12:39.069] [info]  DiscordSplash.onStateUpdate: {"status":"downloading-updates","current":5,"total":6,"progress":52}
[2024-11-29 11:12:39.070] [info]  Splash.onStateUpdate: {"status":"downloading-updates","current":5,"total":6,"progress":52}
[2024-11-29 11:12:39.096] [info]  DiscordSplash.onStateUpdate: {"status":"downloading-updates","current":5,"total":6,"progress":53}
[2024-11-29 11:12:39.096] [info]  Splash.onStateUpdate: {"status":"downloading-updates","current":5,"total":6,"progress":53}
[2024-11-29 11:12:39.123] [info]  DiscordSplash.onStateUpdate: {"status":"downloading-updates","current":5,"total":6,"progress":54}
[2024-11-29 11:12:39.123] [info]  Splash.onStateUpdate: {"status":"downloading-updates","current":5,"total":6,"progress":54}
[2024-11-29 11:12:39.141] [info]  DiscordSplash.onStateUpdate: {"status":"downloading-updates","current":5,"total":6,"progress":55}
[2024-11-29 11:12:39.142] [info]  Splash.onStateUpdate: {"status":"downloading-updates","current":5,"total":6,"progress":55}
[2024-11-29 11:12:39.162] [info]  DiscordSplash.onStateUpdate: {"status":"downloading-updates","current":5,"total":6,"progress":56}
[2024-11-29 11:12:39.163] [info]  Splash.onStateUpdate: {"status":"downloading-updates","current":5,"total":6,"progress":56}
[2024-11-29 11:12:39.179] [info]  DiscordSplash.onStateUpdate: {"status":"downloading-updates","current":5,"total":6,"progress":57}
[2024-11-29 11:12:39.180] [info]  Splash.onStateUpdate: {"status":"downloading-updates","current":5,"total":6,"progress":57}
[2024-11-29 11:12:39.212] [info]  DiscordSplash.onStateUpdate: {"status":"downloading-updates","current":5,"total":6,"progress":58}
[2024-11-29 11:12:39.213] [info]  Splash.onStateUpdate: {"status":"downloading-updates","current":5,"total":6,"progress":58}
[2024-11-29 11:12:39.229] [info]  DiscordSplash.onStateUpdate: {"status":"downloading-updates","current":5,"total":6,"progress":59}
[2024-11-29 11:12:39.230] [info]  Splash.onStateUpdate: {"status":"downloading-updates","current":5,"total":6,"progress":59}
[2024-11-29 11:12:39.251] [info]  DiscordSplash.onStateUpdate: {"status":"downloading-updates","current":5,"total":6,"progress":60}
[2024-11-29 11:12:39.251] [info]  Splash.onStateUpdate: {"status":"downloading-updates","current":5,"total":6,"progress":60}
[2024-11-29 11:12:39.275] [info]  DiscordSplash.onStateUpdate: {"status":"downloading-updates","current":5,"total":6,"progress":61}
[2024-11-29 11:12:39.276] [info]  Splash.onStateUpdate: {"status":"downloading-updates","current":5,"total":6,"progress":61}
[2024-11-29 11:12:39.304] [info]  DiscordSplash.onStateUpdate: {"status":"downloading-updates","current":5,"total":6,"progress":62}
[2024-11-29 11:12:39.305] [info]  Splash.onStateUpdate: {"status":"downloading-updates","current":5,"total":6,"progress":62}
[2024-11-29 11:12:39.324] [info]  DiscordSplash.onStateUpdate: {"status":"downloading-updates","current":5,"total":6,"progress":63}
[2024-11-29 11:12:39.324] [info]  Splash.onStateUpdate: {"status":"downloading-updates","current":5,"total":6,"progress":63}
[2024-11-29 11:12:39.343] [info]  DiscordSplash.onStateUpdate: {"status":"downloading-updates","current":5,"total":6,"progress":64}
[2024-11-29 11:12:39.343] [info]  Splash.onStateUpdate: {"status":"downloading-updates","current":5,"total":6,"progress":64}
[2024-11-29 11:12:39.363] [info]  DiscordSplash.onStateUpdate: {"status":"downloading-updates","current":5,"total":6,"progress":65}
[2024-11-29 11:12:39.364] [info]  Splash.onStateUpdate: {"status":"downloading-updates","current":5,"total":6,"progress":65}
[2024-11-29 11:12:39.382] [info]  DiscordSplash.onStateUpdate: {"status":"downloading-updates","current":5,"total":6,"progress":66}
[2024-11-29 11:12:39.382] [info]  Splash.onStateUpdate: {"status":"downloading-updates","current":5,"total":6,"progress":66}
[2024-11-29 11:12:39.409] [info]  DiscordSplash.onStateUpdate: {"status":"downloading-updates","current":5,"total":6,"progress":67}
[2024-11-29 11:12:39.410] [info]  Splash.onStateUpdate: {"status":"downloading-updates","current":5,"total":6,"progress":67}
[2024-11-29 11:12:39.431] [info]  DiscordSplash.onStateUpdate: {"status":"downloading-updates","current":5,"total":6,"progress":68}
[2024-11-29 11:12:39.431] [info]  Splash.onStateUpdate: {"status":"downloading-updates","current":5,"total":6,"progress":68}
[2024-11-29 11:12:39.474] [info]  DiscordSplash.onStateUpdate: {"status":"downloading-updates","current":5,"total":6,"progress":69}
[2024-11-29 11:12:39.475] [info]  Splash.onStateUpdate: {"status":"downloading-updates","current":5,"total":6,"progress":69}
[2024-11-29 11:12:39.477] [info]  DiscordSplash.onStateUpdate: {"status":"downloading-updates","current":5,"total":6,"progress":70}
[2024-11-29 11:12:39.477] [info]  Splash.onStateUpdate: {"status":"downloading-updates","current":5,"total":6,"progress":70}
[2024-11-29 11:12:39.506] [info]  DiscordSplash.onStateUpdate: {"status":"downloading-updates","current":5,"total":6,"progress":71}
[2024-11-29 11:12:39.507] [info]  Splash.onStateUpdate: {"status":"downloading-updates","current":5,"total":6,"progress":71}
[2024-11-29 11:12:39.528] [info]  DiscordSplash.onStateUpdate: {"status":"downloading-updates","current":5,"total":6,"progress":72}
[2024-11-29 11:12:39.529] [info]  Splash.onStateUpdate: {"status":"downloading-updates","current":5,"total":6,"progress":72}
[2024-11-29 11:12:39.542] [info]  DiscordSplash.onStateUpdate: {"status":"downloading-updates","current":5,"total":6,"progress":73}
[2024-11-29 11:12:39.543] [info]  Splash.onStateUpdate: {"status":"downloading-updates","current":5,"total":6,"progress":73}
[2024-11-29 11:12:39.567] [info]  DiscordSplash.onStateUpdate: {"status":"downloading-updates","current":5,"total":6,"progress":74}
[2024-11-29 11:12:39.567] [info]  Splash.onStateUpdate: {"status":"downloading-updates","current":5,"total":6,"progress":74}
[2024-11-29 11:12:39.595] [info]  DiscordSplash.onStateUpdate: {"status":"downloading-updates","current":5,"total":6,"progress":75}
[2024-11-29 11:12:39.595] [info]  Splash.onStateUpdate: {"status":"downloading-updates","current":5,"total":6,"progress":75}
[2024-11-29 11:12:39.625] [info]  DiscordSplash.onStateUpdate: {"status":"downloading-updates","current":5,"total":6,"progress":76}
[2024-11-29 11:12:39.626] [info]  Splash.onStateUpdate: {"status":"downloading-updates","current":5,"total":6,"progress":76}
[2024-11-29 11:12:39.648] [info]  DiscordSplash.onStateUpdate: {"status":"downloading-updates","current":5,"total":6,"progress":77}
[2024-11-29 11:12:39.649] [info]  Splash.onStateUpdate: {"status":"downloading-updates","current":5,"total":6,"progress":77}
[2024-11-29 11:12:39.668] [info]  DiscordSplash.onStateUpdate: {"status":"downloading-updates","current":5,"total":6,"progress":78}
[2024-11-29 11:12:39.670] [info]  Splash.onStateUpdate: {"status":"downloading-updates","current":5,"total":6,"progress":78}
[2024-11-29 11:12:39.693] [info]  DiscordSplash.onStateUpdate: {"status":"downloading-updates","current":5,"total":6,"progress":79}
[2024-11-29 11:12:39.694] [info]  Splash.onStateUpdate: {"status":"downloading-updates","current":5,"total":6,"progress":79}
[2024-11-29 11:12:39.720] [info]  DiscordSplash.onStateUpdate: {"status":"downloading-updates","current":5,"total":6,"progress":80}
[2024-11-29 11:12:39.721] [info]  Splash.onStateUpdate: {"status":"downloading-updates","current":5,"total":6,"progress":80}
[2024-11-29 11:12:39.745] [info]  DiscordSplash.onStateUpdate: {"status":"downloading-updates","current":5,"total":6,"progress":81}
[2024-11-29 11:12:39.745] [info]  Splash.onStateUpdate: {"status":"downloading-updates","current":5,"total":6,"progress":81}
[2024-11-29 11:12:39.762] [info]  DiscordSplash.onStateUpdate: {"status":"downloading-updates","current":5,"total":6,"progress":82}
[2024-11-29 11:12:39.763] [info]  Splash.onStateUpdate: {"status":"downloading-updates","current":5,"total":6,"progress":82}
[2024-11-29 11:12:39.792] [info]  DiscordSplash.onStateUpdate: {"status":"downloading-updates","current":5,"total":6,"progress":83}
[2024-11-29 11:12:39.793] [info]  Splash.onStateUpdate: {"status":"downloading-updates","current":5,"total":6,"progress":83}
[2024-11-29 11:12:39.818] [info]  DiscordSplash.onStateUpdate: {"status":"downloading-updates","current":5,"total":6,"progress":84}
[2024-11-29 11:12:39.818] [info]  Splash.onStateUpdate: {"status":"downloading-updates","current":5,"total":6,"progress":84}
[2024-11-29 11:12:39.838] [info]  DiscordSplash.onStateUpdate: {"status":"downloading-updates","current":5,"total":6,"progress":85}
[2024-11-29 11:12:39.839] [info]  Splash.onStateUpdate: {"status":"downloading-updates","current":5,"total":6,"progress":85}
[2024-11-29 11:12:39.857] [info]  DiscordSplash.onStateUpdate: {"status":"downloading-updates","current":5,"total":6,"progress":86}
[2024-11-29 11:12:39.857] [info]  Splash.onStateUpdate: {"status":"downloading-updates","current":5,"total":6,"progress":86}
[2024-11-29 11:12:39.876] [info]  DiscordSplash.onStateUpdate: {"status":"downloading-updates","current":5,"total":6,"progress":87}
[2024-11-29 11:12:39.877] [info]  Splash.onStateUpdate: {"status":"downloading-updates","current":5,"total":6,"progress":87}
[2024-11-29 11:12:39.903] [info]  DiscordSplash.onStateUpdate: {"status":"downloading-updates","current":5,"total":6,"progress":88}
[2024-11-29 11:12:39.903] [info]  Splash.onStateUpdate: {"status":"downloading-updates","current":5,"total":6,"progress":88}
[2024-11-29 11:12:39.929] [info]  DiscordSplash.onStateUpdate: {"status":"downloading-updates","current":5,"total":6,"progress":89}
[2024-11-29 11:12:39.929] [info]  Splash.onStateUpdate: {"status":"downloading-updates","current":5,"total":6,"progress":89}
[2024-11-29 11:12:39.948] [info]  DiscordSplash.onStateUpdate: {"status":"downloading-updates","current":5,"total":6,"progress":90}
[2024-11-29 11:12:39.949] [info]  Splash.onStateUpdate: {"status":"downloading-updates","current":5,"total":6,"progress":90}
[2024-11-29 11:12:39.970] [info]  DiscordSplash.onStateUpdate: {"status":"downloading-updates","current":5,"total":6,"progress":91}
[2024-11-29 11:12:39.971] [info]  Splash.onStateUpdate: {"status":"downloading-updates","current":5,"total":6,"progress":91}
[2024-11-29 11:12:39.998] [info]  DiscordSplash.onStateUpdate: {"status":"downloading-updates","current":5,"total":6,"progress":92}
[2024-11-29 11:12:39.998] [info]  Splash.onStateUpdate: {"status":"downloading-updates","current":5,"total":6,"progress":92}
[2024-11-29 11:12:40.026] [info]  DiscordSplash.onStateUpdate: {"status":"downloading-updates","current":5,"total":6,"progress":93}
[2024-11-29 11:12:40.027] [info]  Splash.onStateUpdate: {"status":"downloading-updates","current":5,"total":6,"progress":93}
[2024-11-29 11:12:40.048] [info]  DiscordSplash.onStateUpdate: {"status":"downloading-updates","current":5,"total":6,"progress":94}
[2024-11-29 11:12:40.049] [info]  Splash.onStateUpdate: {"status":"downloading-updates","current":5,"total":6,"progress":94}
[2024-11-29 11:12:40.070] [info]  DiscordSplash.onStateUpdate: {"status":"downloading-updates","current":5,"total":6,"progress":95}
[2024-11-29 11:12:40.071] [info]  Splash.onStateUpdate: {"status":"downloading-updates","current":5,"total":6,"progress":95}
[2024-11-29 11:12:40.096] [info]  DiscordSplash.onStateUpdate: {"status":"downloading-updates","current":5,"total":6,"progress":96}
[2024-11-29 11:12:40.097] [info]  Splash.onStateUpdate: {"status":"downloading-updates","current":5,"total":6,"progress":96}
[2024-11-29 11:12:40.126] [info]  DiscordSplash.onStateUpdate: {"status":"downloading-updates","current":5,"total":6,"progress":97}
[2024-11-29 11:12:40.127] [info]  Splash.onStateUpdate: {"status":"downloading-updates","current":5,"total":6,"progress":97}
[2024-11-29 11:12:40.145] [info]  DiscordSplash.onStateUpdate: {"status":"downloading-updates","current":5,"total":6,"progress":98}
[2024-11-29 11:12:40.146] [info]  Splash.onStateUpdate: {"status":"downloading-updates","current":5,"total":6,"progress":98}
[2024-11-29 11:12:40.160] [info]  DiscordSplash.onStateUpdate: {"status":"downloading-updates","current":5,"total":6,"progress":99}
[2024-11-29 11:12:40.161] [info]  Splash.onStateUpdate: {"status":"downloading-updates","current":5,"total":6,"progress":99}
[2024-11-29 11:12:40.191] [info]  DiscordSplash.onStateUpdate: {"status":"downloading-updates","current":5,"total":6,"progress":100}
[2024-11-29 11:12:40.192] [info]  Splash.onStateUpdate: {"status":"downloading-updates","current":5,"total":6,"progress":100}
[2024-11-29 11:12:40.192] [info]  DiscordSplash.onStateUpdate: {"status":"downloading-updates","current":6,"total":6}
[2024-11-29 11:12:40.193] [info]  Splash.onStateUpdate: {"status":"downloading-updates","current":6,"total":6}
[2024-11-29 11:12:40.671] [info]  DiscordSplash.onStateUpdate: {"status":"downloading-updates","current":6,"total":6,"progress":17}
[2024-11-29 11:12:40.671] [info]  Splash.onStateUpdate: {"status":"downloading-updates","current":6,"total":6,"progress":17}
[2024-11-29 11:12:40.672] [info]  DiscordSplash.onStateUpdate: {"status":"downloading-updates","current":6,"total":6,"progress":25}
[2024-11-29 11:12:40.672] [info]  Splash.onStateUpdate: {"status":"downloading-updates","current":6,"total":6,"progress":25}
[2024-11-29 11:12:40.676] [info]  DiscordSplash.onStateUpdate: {"status":"downloading-updates","current":6,"total":6,"progress":38}
[2024-11-29 11:12:40.677] [info]  Splash.onStateUpdate: {"status":"downloading-updates","current":6,"total":6,"progress":38}
[2024-11-29 11:12:40.680] [info]  DiscordSplash.onStateUpdate: {"status":"downloading-updates","current":6,"total":6,"progress":51}
[2024-11-29 11:12:40.680] [info]  Splash.onStateUpdate: {"status":"downloading-updates","current":6,"total":6,"progress":51}
[2024-11-29 11:12:40.682] [info]  DiscordSplash.onStateUpdate: {"status":"downloading-updates","current":6,"total":6,"progress":64}
[2024-11-29 11:12:40.683] [info]  Splash.onStateUpdate: {"status":"downloading-updates","current":6,"total":6,"progress":64}
[2024-11-29 11:12:40.686] [info]  DiscordSplash.onStateUpdate: {"status":"downloading-updates","current":6,"total":6,"progress":77}
[2024-11-29 11:12:40.686] [info]  Splash.onStateUpdate: {"status":"downloading-updates","current":6,"total":6,"progress":77}
[2024-11-29 11:12:40.691] [info]  DiscordSplash.onStateUpdate: {"status":"downloading-updates","current":6,"total":6,"progress":90}
[2024-11-29 11:12:40.691] [info]  Splash.onStateUpdate: {"status":"downloading-updates","current":6,"total":6,"progress":90}
[2024-11-29 11:12:40.694] [info]  DiscordSplash.onStateUpdate: {"status":"downloading-updates","current":6,"total":6,"progress":100}
[2024-11-29 11:12:40.694] [info]  Splash.onStateUpdate: {"status":"downloading-updates","current":6,"total":6,"progress":100}
[2024-11-29 11:12:40.695] [info]  DiscordSplash.onStateUpdate: {"status":"installing-updates","current":1,"total":6}
[2024-11-29 11:12:40.696] [info]  Splash.onStateUpdate: {"status":"installing-updates","current":1,"total":6}
[2024-11-29 11:12:40.702] [info]  DiscordSplash.onStateUpdate: {"status":"installing-updates","current":1,"total":6,"progress":33}
[2024-11-29 11:12:40.702] [info]  Splash.onStateUpdate: {"status":"installing-updates","current":1,"total":6,"progress":33}
[2024-11-29 11:12:40.710] [info]  DiscordSplash.onStateUpdate: {"status":"installing-updates","current":1,"total":6,"progress":66}
[2024-11-29 11:12:40.711] [info]  Splash.onStateUpdate: {"status":"installing-updates","current":1,"total":6,"progress":66}
[2024-11-29 11:12:40.765] [info]  DiscordSplash.onStateUpdate: {"status":"installing-updates","current":1,"total":6,"progress":100}
[2024-11-29 11:12:40.766] [info]  Splash.onStateUpdate: {"status":"installing-updates","current":1,"total":6,"progress":100}
[2024-11-29 11:12:40.769] [info]  DiscordSplash.onStateUpdate: {"status":"installing-updates","current":2,"total":6}
[2024-11-29 11:12:40.770] [info]  Splash.onStateUpdate: {"status":"installing-updates","current":2,"total":6}
[2024-11-29 11:12:40.770] [info]  DiscordSplash.onStateUpdate: {"status":"installing-updates","current":2,"total":6,"progress":33}
[2024-11-29 11:12:40.770] [info]  Splash.onStateUpdate: {"status":"installing-updates","current":2,"total":6,"progress":33}
[2024-11-29 11:12:40.772] [info]  DiscordSplash.onStateUpdate: {"status":"installing-updates","current":2,"total":6,"progress":66}
[2024-11-29 11:12:40.772] [info]  Splash.onStateUpdate: {"status":"installing-updates","current":2,"total":6,"progress":66}
[2024-11-29 11:12:40.773] [info]  DiscordSplash.onStateUpdate: {"status":"installing-updates","current":2,"total":6,"progress":100}
[2024-11-29 11:12:40.773] [info]  Splash.onStateUpdate: {"status":"installing-updates","current":2,"total":6,"progress":100}
[2024-11-29 11:12:40.812] [info]  DiscordSplash.onStateUpdate: {"status":"installing-updates","current":3,"total":6}
[2024-11-29 11:12:40.812] [info]  Splash.onStateUpdate: {"status":"installing-updates","current":3,"total":6}
[2024-11-29 11:12:40.813] [info]  DiscordSplash.onStateUpdate: {"status":"installing-updates","current":3,"total":6,"progress":0}
[2024-11-29 11:12:40.813] [info]  Splash.onStateUpdate: {"status":"installing-updates","current":3,"total":6,"progress":0}
[2024-11-29 11:12:40.814] [info]  DiscordSplash.onStateUpdate: {"status":"installing-updates","current":3,"total":6,"progress":0}
[2024-11-29 11:12:40.814] [info]  Splash.onStateUpdate: {"status":"installing-updates","current":3,"total":6,"progress":0}
[2024-11-29 11:12:40.816] [info]  DiscordSplash.onStateUpdate: {"status":"installing-updates","current":3,"total":6,"progress":0}
[2024-11-29 11:12:40.816] [info]  Splash.onStateUpdate: {"status":"installing-updates","current":3,"total":6,"progress":0}
[2024-11-29 11:12:40.817] [info]  DiscordSplash.onStateUpdate: {"status":"installing-updates","current":3,"total":6,"progress":0}
[2024-11-29 11:12:40.817] [info]  Splash.onStateUpdate: {"status":"installing-updates","current":3,"total":6,"progress":0}
[2024-11-29 11:12:40.818] [info]  DiscordSplash.onStateUpdate: {"status":"installing-updates","current":3,"total":6,"progress":0}
[2024-11-29 11:12:40.818] [info]  Splash.onStateUpdate: {"status":"installing-updates","current":3,"total":6,"progress":0}
[2024-11-29 11:12:40.819] [info]  DiscordSplash.onStateUpdate: {"status":"installing-updates","current":3,"total":6,"progress":0}
[2024-11-29 11:12:40.819] [info]  Splash.onStateUpdate: {"status":"installing-updates","current":3,"total":6,"progress":0}
[2024-11-29 11:12:40.820] [info]  DiscordSplash.onStateUpdate: {"status":"installing-updates","current":3,"total":6,"progress":1}
[2024-11-29 11:12:40.820] [info]  Splash.onStateUpdate: {"status":"installing-updates","current":3,"total":6,"progress":1}
[2024-11-29 11:12:40.821] [info]  DiscordSplash.onStateUpdate: {"status":"installing-updates","current":3,"total":6,"progress":1}
[2024-11-29 11:12:40.821] [info]  Splash.onStateUpdate: {"status":"installing-updates","current":3,"total":6,"progress":1}
[2024-11-29 11:12:40.822] [info]  DiscordSplash.onStateUpdate: {"status":"installing-updates","current":3,"total":6,"progress":1}
[2024-11-29 11:12:40.822] [info]  Splash.onStateUpdate: {"status":"installing-updates","current":3,"total":6,"progress":1}
[2024-11-29 11:12:40.823] [info]  DiscordSplash.onStateUpdate: {"status":"installing-updates","current":3,"total":6,"progress":1}
[2024-11-29 11:12:40.823] [info]  Splash.onStateUpdate: {"status":"installing-updates","current":3,"total":6,"progress":1}
[2024-11-29 11:12:40.824] [info]  DiscordSplash.onStateUpdate: {"status":"installing-updates","current":3,"total":6,"progress":1}
[2024-11-29 11:12:40.824] [info]  Splash.onStateUpdate: {"status":"installing-updates","current":3,"total":6,"progress":1}
[2024-11-29 11:12:40.825] [info]  DiscordSplash.onStateUpdate: {"status":"installing-updates","current":3,"total":6,"progress":1}
[2024-11-29 11:12:40.825] [info]  Splash.onStateUpdate: {"status":"installing-updates","current":3,"total":6,"progress":1}
[2024-11-29 11:12:40.826] [info]  DiscordSplash.onStateUpdate: {"status":"installing-updates","current":3,"total":6,"progress":2}
[2024-11-29 11:12:40.826] [info]  Splash.onStateUpdate: {"status":"installing-updates","current":3,"total":6,"progress":2}
[2024-11-29 11:12:40.827] [info]  DiscordSplash.onStateUpdate: {"status":"installing-updates","current":3,"total":6,"progress":2}
[2024-11-29 11:12:40.827] [info]  Splash.onStateUpdate: {"status":"installing-updates","current":3,"total":6,"progress":2}
[2024-11-29 11:12:40.828] [info]  DiscordSplash.onStateUpdate: {"status":"installing-updates","current":3,"total":6,"progress":2}
[2024-11-29 11:12:40.828] [info]  Splash.onStateUpdate: {"status":"installing-updates","current":3,"total":6,"progress":2}
[2024-11-29 11:12:40.829] [info]  DiscordSplash.onStateUpdate: {"status":"installing-updates","current":3,"total":6,"progress":2}
[2024-11-29 11:12:40.829] [info]  Splash.onStateUpdate: {"status":"installing-updates","current":3,"total":6,"progress":2}
[2024-11-29 11:12:40.830] [info]  DiscordSplash.onStateUpdate: {"status":"installing-updates","current":3,"total":6,"progress":2}
[2024-11-29 11:12:40.830] [info]  Splash.onStateUpdate: {"status":"installing-updates","current":3,"total":6,"progress":2}
[2024-11-29 11:12:40.831] [info]  DiscordSplash.onStateUpdate: {"status":"installing-updates","current":3,"total":6,"progress":2}
[2024-11-29 11:12:40.832] [info]  Splash.onStateUpdate: {"status":"installing-updates","current":3,"total":6,"progress":2}
[2024-11-29 11:12:40.832] [info]  DiscordSplash.onStateUpdate: {"status":"installing-updates","current":3,"total":6,"progress":3}
[2024-11-29 11:12:40.833] [info]  Splash.onStateUpdate: {"status":"installing-updates","current":3,"total":6,"progress":3}
[2024-11-29 11:12:40.833] [info]  DiscordSplash.onStateUpdate: {"status":"installing-updates","current":3,"total":6,"progress":3}
[2024-11-29 11:12:40.833] [info]  Splash.onStateUpdate: {"status":"installing-updates","current":3,"total":6,"progress":3}
[2024-11-29 11:12:40.834] [info]  DiscordSplash.onStateUpdate: {"status":"installing-updates","current":3,"total":6,"progress":3}
[2024-11-29 11:12:40.834] [info]  Splash.onStateUpdate: {"status":"installing-updates","current":3,"total":6,"progress":3}
[2024-11-29 11:12:40.835] [info]  DiscordSplash.onStateUpdate: {"status":"installing-updates","current":3,"total":6,"progress":3}
[2024-11-29 11:12:40.835] [info]  Splash.onStateUpdate: {"status":"installing-updates","current":3,"total":6,"progress":3}
[2024-11-29 11:12:40.836] [info]  DiscordSplash.onStateUpdate: {"status":"installing-updates","current":3,"total":6,"progress":3}
[2024-11-29 11:12:40.836] [info]  Splash.onStateUpdate: {"status":"installing-updates","current":3,"total":6,"progress":3}
[2024-11-29 11:12:40.837] [info]  DiscordSplash.onStateUpdate: {"status":"installing-updates","current":3,"total":6,"progress":3}
[2024-11-29 11:12:40.837] [info]  Splash.onStateUpdate: {"status":"installing-updates","current":3,"total":6,"progress":3}
[2024-11-29 11:12:40.839] [info]  DiscordSplash.onStateUpdate: {"status":"installing-updates","current":3,"total":6,"progress":4}
[2024-11-29 11:12:40.839] [info]  Splash.onStateUpdate: {"status":"installing-updates","current":3,"total":6,"progress":4}
[2024-11-29 11:12:40.839] [info]  DiscordSplash.onStateUpdate: {"status":"installing-updates","current":3,"total":6,"progress":4}
[2024-11-29 11:12:40.839] [info]  Splash.onStateUpdate: {"status":"installing-updates","current":3,"total":6,"progress":4}
[2024-11-29 11:12:40.840] [info]  DiscordSplash.onStateUpdate: {"status":"installing-updates","current":3,"total":6,"progress":4}
[2024-11-29 11:12:40.840] [info]  Splash.onStateUpdate: {"status":"installing-updates","current":3,"total":6,"progress":4}
[2024-11-29 11:12:40.841] [info]  DiscordSplash.onStateUpdate: {"status":"installing-updates","current":3,"total":6,"progress":4}
[2024-11-29 11:12:40.841] [info]  Splash.onStateUpdate: {"status":"installing-updates","current":3,"total":6,"progress":4}
[2024-11-29 11:12:40.842] [info]  DiscordSplash.onStateUpdate: {"status":"installing-updates","current":3,"total":6,"progress":4}
[2024-11-29 11:12:40.842] [info]  Splash.onStateUpdate: {"status":"installing-updates","current":3,"total":6,"progress":4}
[2024-11-29 11:12:40.842] [info]  DiscordSplash.onStateUpdate: {"status":"installing-updates","current":3,"total":6,"progress":4}
[2024-11-29 11:12:40.842] [info]  Splash.onStateUpdate: {"status":"installing-updates","current":3,"total":6,"progress":4}
[2024-11-29 11:12:40.843] [info]  DiscordSplash.onStateUpdate: {"status":"installing-updates","current":3,"total":6,"progress":5}
[2024-11-29 11:12:40.843] [info]  Splash.onStateUpdate: {"status":"installing-updates","current":3,"total":6,"progress":5}
[2024-11-29 11:12:40.843] [info]  DiscordSplash.onStateUpdate: {"status":"installing-updates","current":3,"total":6,"progress":5}
[2024-11-29 11:12:40.843] [info]  Splash.onStateUpdate: {"status":"installing-updates","current":3,"total":6,"progress":5}
[2024-11-29 11:12:40.844] [info]  DiscordSplash.onStateUpdate: {"status":"installing-updates","current":3,"total":6,"progress":5}
[2024-11-29 11:12:40.844] [info]  Splash.onStateUpdate: {"status":"installing-updates","current":3,"total":6,"progress":5}
[2024-11-29 11:12:40.844] [info]  DiscordSplash.onStateUpdate: {"status":"installing-updates","current":3,"total":6,"progress":5}
[2024-11-29 11:12:40.845] [info]  Splash.onStateUpdate: {"status":"installing-updates","current":3,"total":6,"progress":5}
[2024-11-29 11:12:40.845] [info]  DiscordSplash.onStateUpdate: {"status":"installing-updates","current":3,"total":6,"progress":5}
[2024-11-29 11:12:40.846] [info]  Splash.onStateUpdate: {"status":"installing-updates","current":3,"total":6,"progress":5}
[2024-11-29 11:12:40.847] [info]  DiscordSplash.onStateUpdate: {"status":"installing-updates","current":3,"total":6,"progress":5}
[2024-11-29 11:12:40.847] [info]  Splash.onStateUpdate: {"status":"installing-updates","current":3,"total":6,"progress":5}
[2024-11-29 11:12:40.847] [info]  DiscordSplash.onStateUpdate: {"status":"installing-updates","current":3,"total":6,"progress":6}
[2024-11-29 11:12:40.848] [info]  Splash.onStateUpdate: {"status":"installing-updates","current":3,"total":6,"progress":6}
[2024-11-29 11:12:40.848] [info]  DiscordSplash.onStateUpdate: {"status":"installing-updates","current":3,"total":6,"progress":6}
[2024-11-29 11:12:40.849] [info]  Splash.onStateUpdate: {"status":"installing-updates","current":3,"total":6,"progress":6}
[2024-11-29 11:12:40.849] [info]  DiscordSplash.onStateUpdate: {"status":"installing-updates","current":3,"total":6,"progress":6}
[2024-11-29 11:12:40.849] [info]  Splash.onStateUpdate: {"status":"installing-updates","current":3,"total":6,"progress":6}
[2024-11-29 11:12:40.850] [info]  DiscordSplash.onStateUpdate: {"status":"installing-updates","current":3,"total":6,"progress":6}
[2024-11-29 11:12:40.850] [info]  Splash.onStateUpdate: {"status":"installing-updates","current":3,"total":6,"progress":6}
[2024-11-29 11:12:40.851] [info]  DiscordSplash.onStateUpdate: {"status":"installing-updates","current":3,"total":6,"progress":6}
[2024-11-29 11:12:40.851] [info]  Splash.onStateUpdate: {"status":"installing-updates","current":3,"total":6,"progress":6}
[2024-11-29 11:12:40.852] [info]  DiscordSplash.onStateUpdate: {"status":"installing-updates","current":3,"total":6,"progress":6}
[2024-11-29 11:12:40.852] [info]  Splash.onStateUpdate: {"status":"installing-updates","current":3,"total":6,"progress":6}
[2024-11-29 11:12:40.853] [info]  DiscordSplash.onStateUpdate: {"status":"installing-updates","current":3,"total":6,"progress":6}
[2024-11-29 11:12:40.853] [info]  Splash.onStateUpdate: {"status":"installing-updates","current":3,"total":6,"progress":6}
[2024-11-29 11:12:40.854] [info]  DiscordSplash.onStateUpdate: {"status":"installing-updates","current":3,"total":6,"progress":7}
[2024-11-29 11:12:40.854] [info]  Splash.onStateUpdate: {"status":"installing-updates","current":3,"total":6,"progress":7}
[2024-11-29 11:12:40.855] [info]  DiscordSplash.onStateUpdate: {"status":"installing-updates","current":3,"total":6,"progress":7}
[2024-11-29 11:12:40.855] [info]  Splash.onStateUpdate: {"status":"installing-updates","current":3,"total":6,"progress":7}
[2024-11-29 11:12:40.855] [info]  DiscordSplash.onStateUpdate: {"status":"installing-updates","current":3,"total":6,"progress":7}
[2024-11-29 11:12:40.855] [info]  Splash.onStateUpdate: {"status":"installing-updates","current":3,"total":6,"progress":7}
[2024-11-29 11:12:40.856] [info]  DiscordSplash.onStateUpdate: {"status":"installing-updates","current":3,"total":6,"progress":7}
[2024-11-29 11:12:40.856] [info]  Splash.onStateUpdate: {"status":"installing-updates","current":3,"total":6,"progress":7}
[2024-11-29 11:12:40.856] [info]  DiscordSplash.onStateUpdate: {"status":"installing-updates","current":3,"total":6,"progress":7}
[2024-11-29 11:12:40.856] [info]  Splash.onStateUpdate: {"status":"installing-updates","current":3,"total":6,"progress":7}
[2024-11-29 11:12:40.857] [info]  DiscordSplash.onStateUpdate: {"status":"installing-updates","current":3,"total":6,"progress":7}
[2024-11-29 11:12:40.857] [info]  Splash.onStateUpdate: {"status":"installing-updates","current":3,"total":6,"progress":7}
[2024-11-29 11:12:40.857] [info]  DiscordSplash.onStateUpdate: {"status":"installing-updates","current":3,"total":6,"progress":8}
[2024-11-29 11:12:40.857] [info]  Splash.onStateUpdate: {"status":"installing-updates","current":3,"total":6,"progress":8}
[2024-11-29 11:12:40.858] [info]  DiscordSplash.onStateUpdate: {"status":"installing-updates","current":3,"total":6,"progress":8}
[2024-11-29 11:12:40.858] [info]  Splash.onStateUpdate: {"status":"installing-updates","current":3,"total":6,"progress":8}
[2024-11-29 11:12:40.859] [info]  DiscordSplash.onStateUpdate: {"status":"installing-updates","current":3,"total":6,"progress":8}
[2024-11-29 11:12:40.859] [info]  Splash.onStateUpdate: {"status":"installing-updates","current":3,"total":6,"progress":8}
[2024-11-29 11:12:40.859] [info]  DiscordSplash.onStateUpdate: {"status":"installing-updates","current":3,"total":6,"progress":8}
[2024-11-29 11:12:40.859] [info]  Splash.onStateUpdate: {"status":"installing-updates","current":3,"total":6,"progress":8}
[2024-11-29 11:12:40.860] [info]  DiscordSplash.onStateUpdate: {"status":"installing-updates","current":3,"total":6,"progress":8}
[2024-11-29 11:12:40.860] [info]  Splash.onStateUpdate: {"status":"installing-updates","current":3,"total":6,"progress":8}
[2024-11-29 11:12:40.860] [info]  DiscordSplash.onStateUpdate: {"status":"installing-updates","current":3,"total":6,"progress":8}
[2024-11-29 11:12:40.860] [info]  Splash.onStateUpdate: {"status":"installing-updates","current":3,"total":6,"progress":8}
[2024-11-29 11:12:40.861] [info]  DiscordSplash.onStateUpdate: {"status":"installing-updates","current":3,"total":6,"progress":9}
[2024-11-29 11:12:40.861] [info]  Splash.onStateUpdate: {"status":"installing-updates","current":3,"total":6,"progress":9}
[2024-11-29 11:12:40.861] [info]  DiscordSplash.onStateUpdate: {"status":"installing-updates","current":3,"total":6,"progress":9}
[2024-11-29 11:12:40.861] [info]  Splash.onStateUpdate: {"status":"installing-updates","current":3,"total":6,"progress":9}
[2024-11-29 11:12:40.862] [info]  DiscordSplash.onStateUpdate: {"status":"installing-updates","current":3,"total":6,"progress":9}
[2024-11-29 11:12:40.862] [info]  Splash.onStateUpdate: {"status":"installing-updates","current":3,"total":6,"progress":9}
[2024-11-29 11:12:40.862] [info]  DiscordSplash.onStateUpdate: {"status":"installing-updates","current":3,"total":6,"progress":9}
[2024-11-29 11:12:40.862] [info]  Splash.onStateUpdate: {"status":"installing-updates","current":3,"total":6,"progress":9}
[2024-11-29 11:12:40.863] [info]  DiscordSplash.onStateUpdate: {"status":"installing-updates","current":3,"total":6,"progress":9}
[2024-11-29 11:12:40.863] [info]  Splash.onStateUpdate: {"status":"installing-updates","current":3,"total":6,"progress":9}
[2024-11-29 11:12:40.863] [info]  DiscordSplash.onStateUpdate: {"status":"installing-updates","current":3,"total":6,"progress":9}
[2024-11-29 11:12:40.863] [info]  Splash.onStateUpdate: {"status":"installing-updates","current":3,"total":6,"progress":9}
[2024-11-29 11:12:40.864] [info]  DiscordSplash.onStateUpdate: {"status":"installing-updates","current":3,"total":6,"progress":10}
[2024-11-29 11:12:40.864] [info]  Splash.onStateUpdate: {"status":"installing-updates","current":3,"total":6,"progress":10}
[2024-11-29 11:12:40.864] [info]  DiscordSplash.onStateUpdate: {"status":"installing-updates","current":3,"total":6,"progress":10}
[2024-11-29 11:12:40.864] [info]  Splash.onStateUpdate: {"status":"installing-updates","current":3,"total":6,"progress":10}
[2024-11-29 11:12:40.865] [info]  DiscordSplash.onStateUpdate: {"status":"installing-updates","current":3,"total":6,"progress":10}
[2024-11-29 11:12:40.865] [info]  Splash.onStateUpdate: {"status":"installing-updates","current":3,"total":6,"progress":10}
[2024-11-29 11:12:40.865] [info]  DiscordSplash.onStateUpdate: {"status":"installing-updates","current":3,"total":6,"progress":10}
[2024-11-29 11:12:40.865] [info]  Splash.onStateUpdate: {"status":"installing-updates","current":3,"total":6,"progress":10}
[2024-11-29 11:12:40.866] [info]  DiscordSplash.onStateUpdate: {"status":"installing-updates","current":3,"total":6,"progress":10}
[2024-11-29 11:12:40.866] [info]  Splash.onStateUpdate: {"status":"installing-updates","current":3,"total":6,"progress":10}
[2024-11-29 11:12:40.867] [info]  DiscordSplash.onStateUpdate: {"status":"installing-updates","current":3,"total":6,"progress":10}
[2024-11-29 11:12:40.867] [info]  Splash.onStateUpdate: {"status":"installing-updates","current":3,"total":6,"progress":10}
[2024-11-29 11:12:40.867] [info]  DiscordSplash.onStateUpdate: {"status":"installing-updates","current":3,"total":6,"progress":11}
[2024-11-29 11:12:40.867] [info]  Splash.onStateUpdate: {"status":"installing-updates","current":3,"total":6,"progress":11}
[2024-11-29 11:12:40.868] [info]  DiscordSplash.onStateUpdate: {"status":"installing-updates","current":3,"total":6,"progress":11}
[2024-11-29 11:12:40.868] [info]  Splash.onStateUpdate: {"status":"installing-updates","current":3,"total":6,"progress":11}
[2024-11-29 11:12:40.868] [info]  DiscordSplash.onStateUpdate: {"status":"installing-updates","current":3,"total":6,"progress":11}
[2024-11-29 11:12:40.868] [info]  Splash.onStateUpdate: {"status":"installing-updates","current":3,"total":6,"progress":11}
[2024-11-29 11:12:40.869] [info]  DiscordSplash.onStateUpdate: {"status":"installing-updates","current":3,"total":6,"progress":11}
[2024-11-29 11:12:40.869] [info]  Splash.onStateUpdate: {"status":"installing-updates","current":3,"total":6,"progress":11}
[2024-11-29 11:12:40.869] [info]  DiscordSplash.onStateUpdate: {"status":"installing-updates","current":3,"total":6,"progress":11}
[2024-11-29 11:12:40.869] [info]  Splash.onStateUpdate: {"status":"installing-updates","current":3,"total":6,"progress":11}
[2024-11-29 11:12:40.870] [info]  DiscordSplash.onStateUpdate: {"status":"installing-updates","current":3,"total":6,"progress":11}
[2024-11-29 11:12:40.870] [info]  Splash.onStateUpdate: {"status":"installing-updates","current":3,"total":6,"progress":11}
[2024-11-29 11:12:40.870] [info]  DiscordSplash.onStateUpdate: {"status":"installing-updates","current":3,"total":6,"progress":12}
[2024-11-29 11:12:40.870] [info]  Splash.onStateUpdate: {"status":"installing-updates","current":3,"total":6,"progress":12}
[2024-11-29 11:12:40.871] [info]  DiscordSplash.onStateUpdate: {"status":"installing-updates","current":3,"total":6,"progress":12}
[2024-11-29 11:12:40.871] [info]  Splash.onStateUpdate: {"status":"installing-updates","current":3,"total":6,"progress":12}
[2024-11-29 11:12:40.871] [info]  DiscordSplash.onStateUpdate: {"status":"installing-updates","current":3,"total":6,"progress":12}
[2024-11-29 11:12:40.871] [info]  Splash.onStateUpdate: {"status":"installing-updates","current":3,"total":6,"progress":12}
[2024-11-29 11:12:40.872] [info]  DiscordSplash.onStateUpdate: {"status":"installing-updates","current":3,"total":6,"progress":12}
[2024-11-29 11:12:40.872] [info]  Splash.onStateUpdate: {"status":"installing-updates","current":3,"total":6,"progress":12}
[2024-11-29 11:12:40.873] [info]  DiscordSplash.onStateUpdate: {"status":"installing-updates","current":3,"total":6,"progress":12}
[2024-11-29 11:12:40.874] [info]  Splash.onStateUpdate: {"status":"installing-updates","current":3,"total":6,"progress":12}
[2024-11-29 11:12:40.874] [info]  DiscordSplash.onStateUpdate: {"status":"installing-updates","current":3,"total":6,"progress":12}
[2024-11-29 11:12:40.875] [info]  Splash.onStateUpdate: {"status":"installing-updates","current":3,"total":6,"progress":12}
[2024-11-29 11:12:40.875] [info]  DiscordSplash.onStateUpdate: {"status":"installing-updates","current":3,"total":6,"progress":12}
[2024-11-29 11:12:40.875] [info]  Splash.onStateUpdate: {"status":"installing-updates","current":3,"total":6,"progress":12}
[2024-11-29 11:12:40.876] [info]  DiscordSplash.onStateUpdate: {"status":"installing-updates","current":3,"total":6,"progress":13}
[2024-11-29 11:12:40.876] [info]  Splash.onStateUpdate: {"status":"installing-updates","current":3,"total":6,"progress":13}
[2024-11-29 11:12:40.876] [info]  DiscordSplash.onStateUpdate: {"status":"installing-updates","current":3,"total":6,"progress":13}
[2024-11-29 11:12:40.876] [info]  Splash.onStateUpdate: {"status":"installing-updates","current":3,"total":6,"progress":13}
[2024-11-29 11:12:40.876] [info]  DiscordSplash.onStateUpdate: {"status":"installing-updates","current":3,"total":6,"progress":13}
[2024-11-29 11:12:40.877] [info]  Splash.onStateUpdate: {"status":"installing-updates","current":3,"total":6,"progress":13}
[2024-11-29 11:12:40.877] [info]  DiscordSplash.onStateUpdate: {"status":"installing-updates","current":3,"total":6,"progress":13}
[2024-11-29 11:12:40.877] [info]  Splash.onStateUpdate: {"status":"installing-updates","current":3,"total":6,"progress":13}
[2024-11-29 11:12:40.877] [info]  DiscordSplash.onStateUpdate: {"status":"installing-updates","current":3,"total":6,"progress":13}
[2024-11-29 11:12:40.878] [info]  Splash.onStateUpdate: {"status":"installing-updates","current":3,"total":6,"progress":13}
[2024-11-29 11:12:40.878] [info]  DiscordSplash.onStateUpdate: {"status":"installing-updates","current":3,"total":6,"progress":13}
[2024-11-29 11:12:40.878] [info]  Splash.onStateUpdate: {"status":"installing-updates","current":3,"total":6,"progress":13}
[2024-11-29 11:12:40.879] [info]  DiscordSplash.onStateUpdate: {"status":"installing-updates","current":3,"total":6,"progress":14}
[2024-11-29 11:12:40.879] [info]  Splash.onStateUpdate: {"status":"installing-updates","current":3,"total":6,"progress":14}
[2024-11-29 11:12:40.879] [info]  DiscordSplash.onStateUpdate: {"status":"installing-updates","current":3,"total":6,"progress":14}
[2024-11-29 11:12:40.879] [info]  Splash.onStateUpdate: {"status":"installing-updates","current":3,"total":6,"progress":14}
[2024-11-29 11:12:40.880] [info]  DiscordSplash.onStateUpdate: {"status":"installing-updates","current":3,"total":6,"progress":14}
[2024-11-29 11:12:40.880] [info]  Splash.onStateUpdate: {"status":"installing-updates","current":3,"total":6,"progress":14}
[2024-11-29 11:12:40.881] [info]  DiscordSplash.onStateUpdate: {"status":"installing-updates","current":3,"total":6,"progress":14}
[2024-11-29 11:12:40.881] [info]  Splash.onStateUpdate: {"status":"installing-updates","current":3,"total":6,"progress":14}
[2024-11-29 11:12:40.882] [info]  DiscordSplash.onStateUpdate: {"status":"installing-updates","current":3,"total":6,"progress":14}
[2024-11-29 11:12:40.882] [info]  Splash.onStateUpdate: {"status":"installing-updates","current":3,"total":6,"progress":14}
[2024-11-29 11:12:40.883] [info]  DiscordSplash.onStateUpdate: {"status":"installing-updates","current":3,"total":6,"progress":14}
[2024-11-29 11:12:40.883] [info]  Splash.onStateUpdate: {"status":"installing-updates","current":3,"total":6,"progress":14}
[2024-11-29 11:12:40.884] [info]  DiscordSplash.onStateUpdate: {"status":"installing-updates","current":3,"total":6,"progress":15}
[2024-11-29 11:12:40.884] [info]  Splash.onStateUpdate: {"status":"installing-updates","current":3,"total":6,"progress":15}
[2024-11-29 11:12:40.885] [info]  DiscordSplash.onStateUpdate: {"status":"installing-updates","current":3,"total":6,"progress":15}
[2024-11-29 11:12:40.885] [info]  Splash.onStateUpdate: {"status":"installing-updates","current":3,"total":6,"progress":15}
[2024-11-29 11:12:40.886] [info]  DiscordSplash.onStateUpdate: {"status":"installing-updates","current":3,"total":6,"progress":15}
[2024-11-29 11:12:40.886] [info]  Splash.onStateUpdate: {"status":"installing-updates","current":3,"total":6,"progress":15}
[2024-11-29 11:12:40.887] [info]  DiscordSplash.onStateUpdate: {"status":"installing-updates","current":3,"total":6,"progress":15}
[2024-11-29 11:12:40.888] [info]  Splash.onStateUpdate: {"status":"installing-updates","current":3,"total":6,"progress":15}
[2024-11-29 11:12:40.888] [info]  DiscordSplash.onStateUpdate: {"status":"installing-updates","current":3,"total":6,"progress":15}
[2024-11-29 11:12:40.888] [info]  Splash.onStateUpdate: {"status":"installing-updates","current":3,"total":6,"progress":15}
[2024-11-29 11:12:40.889] [info]  DiscordSplash.onStateUpdate: {"status":"installing-updates","current":3,"total":6,"progress":15}
[2024-11-29 11:12:40.889] [info]  Splash.onStateUpdate: {"status":"installing-updates","current":3,"total":6,"progress":15}
[2024-11-29 11:12:40.890] [info]  DiscordSplash.onStateUpdate: {"status":"installing-updates","current":3,"total":6,"progress":16}
[2024-11-29 11:12:40.890] [info]  Splash.onStateUpdate: {"status":"installing-updates","current":3,"total":6,"progress":16}
[2024-11-29 11:12:40.891] [info]  DiscordSplash.onStateUpdate: {"status":"installing-updates","current":3,"total":6,"progress":16}
[2024-11-29 11:12:40.891] [info]  Splash.onStateUpdate: {"status":"installing-updates","current":3,"total":6,"progress":16}
[2024-11-29 11:12:40.892] [info]  DiscordSplash.onStateUpdate: {"status":"installing-updates","current":3,"total":6,"progress":16}
[2024-11-29 11:12:40.892] [info]  Splash.onStateUpdate: {"status":"installing-updates","current":3,"total":6,"progress":16}
[2024-11-29 11:12:40.893] [info]  DiscordSplash.onStateUpdate: {"status":"installing-updates","current":3,"total":6,"progress":16}
[2024-11-29 11:12:40.893] [info]  Splash.onStateUpdate: {"status":"installing-updates","current":3,"total":6,"progress":16}
[2024-11-29 11:12:40.894] [info]  DiscordSplash.onStateUpdate: {"status":"installing-updates","current":3,"total":6,"progress":16}
[2024-11-29 11:12:40.894] [info]  Splash.onStateUpdate: {"status":"installing-updates","current":3,"total":6,"progress":16}
[2024-11-29 11:12:40.895] [info]  DiscordSplash.onStateUpdate: {"status":"installing-updates","current":3,"total":6,"progress":16}
[2024-11-29 11:12:40.895] [info]  Splash.onStateUpdate: {"status":"installing-updates","current":3,"total":6,"progress":16}
[2024-11-29 11:12:40.896] [info]  DiscordSplash.onStateUpdate: {"status":"installing-updates","current":3,"total":6,"progress":17}
[2024-11-29 11:12:40.896] [info]  Splash.onStateUpdate: {"status":"installing-updates","current":3,"total":6,"progress":17}
[2024-11-29 11:12:40.896] [info]  DiscordSplash.onStateUpdate: {"status":"installing-updates","current":3,"total":6,"progress":17}
[2024-11-29 11:12:40.896] [info]  Splash.onStateUpdate: {"status":"installing-updates","current":3,"total":6,"progress":17}
[2024-11-29 11:12:40.897] [info]  DiscordSplash.onStateUpdate: {"status":"installing-updates","current":3,"total":6,"progress":17}
[2024-11-29 11:12:40.897] [info]  Splash.onStateUpdate: {"status":"installing-updates","current":3,"total":6,"progress":17}
[2024-11-29 11:12:40.898] [info]  DiscordSplash.onStateUpdate: {"status":"installing-updates","current":3,"total":6,"progress":17}
[2024-11-29 11:12:40.898] [info]  Splash.onStateUpdate: {"status":"installing-updates","current":3,"total":6,"progress":17}
[2024-11-29 11:12:40.899] [info]  DiscordSplash.onStateUpdate: {"status":"installing-updates","current":3,"total":6,"progress":17}
[2024-11-29 11:12:40.899] [info]  Splash.onStateUpdate: {"status":"installing-updates","current":3,"total":6,"progress":17}
[2024-11-29 11:12:40.900] [info]  DiscordSplash.onStateUpdate: {"status":"installing-updates","current":3,"total":6,"progress":17}
[2024-11-29 11:12:40.900] [info]  Splash.onStateUpdate: {"status":"installing-updates","current":3,"total":6,"progress":17}
[2024-11-29 11:12:40.901] [info]  DiscordSplash.onStateUpdate: {"status":"installing-updates","current":3,"total":6,"progress":18}
[2024-11-29 11:12:40.901] [info]  Splash.onStateUpdate: {"status":"installing-updates","current":3,"total":6,"progress":18}
[2024-11-29 11:12:40.902] [info]  DiscordSplash.onStateUpdate: {"status":"installing-updates","current":3,"total":6,"progress":18}
[2024-11-29 11:12:40.902] [info]  Splash.onStateUpdate: {"status":"installing-updates","current":3,"total":6,"progress":18}
[2024-11-29 11:12:40.903] [info]  DiscordSplash.onStateUpdate: {"status":"installing-updates","current":3,"total":6,"progress":18}
[2024-11-29 11:12:40.903] [info]  Splash.onStateUpdate: {"status":"installing-updates","current":3,"total":6,"progress":18}
[2024-11-29 11:12:40.904] [info]  DiscordSplash.onStateUpdate: {"status":"installing-updates","current":3,"total":6,"progress":18}
[2024-11-29 11:12:40.904] [info]  Splash.onStateUpdate: {"status":"installing-updates","current":3,"total":6,"progress":18}
[2024-11-29 11:12:40.904] [info]  DiscordSplash.onStateUpdate: {"status":"installing-updates","current":3,"total":6,"progress":18}
[2024-11-29 11:12:40.905] [info]  Splash.onStateUpdate: {"status":"installing-updates","current":3,"total":6,"progress":18}
[2024-11-29 11:12:40.905] [info]  DiscordSplash.onStateUpdate: {"status":"installing-updates","current":3,"total":6,"progress":18}
[2024-11-29 11:12:40.905] [info]  Splash.onStateUpdate: {"status":"installing-updates","current":3,"total":6,"progress":18}
[2024-11-29 11:12:40.906] [info]  DiscordSplash.onStateUpdate: {"status":"installing-updates","current":3,"total":6,"progress":18}
[2024-11-29 11:12:40.906] [info]  Splash.onStateUpdate: {"status":"installing-updates","current":3,"total":6,"progress":18}
[2024-11-29 11:12:40.908] [info]  DiscordSplash.onStateUpdate: {"status":"installing-updates","current":3,"total":6,"progress":19}
[2024-11-29 11:12:40.908] [info]  Splash.onStateUpdate: {"status":"installing-updates","current":3,"total":6,"progress":19}
[2024-11-29 11:12:40.908] [info]  DiscordSplash.onStateUpdate: {"status":"installing-updates","current":3,"total":6,"progress":19}
[2024-11-29 11:12:40.909] [info]  Splash.onStateUpdate: {"status":"installing-updates","current":3,"total":6,"progress":19}
[2024-11-29 11:12:40.909] [info]  DiscordSplash.onStateUpdate: {"status":"installing-updates","current":3,"total":6,"progress":19}
[2024-11-29 11:12:40.910] [info]  Splash.onStateUpdate: {"status":"installing-updates","current":3,"total":6,"progress":19}
[2024-11-29 11:12:40.910] [info]  DiscordSplash.onStateUpdate: {"status":"installing-updates","current":3,"total":6,"progress":19}
[2024-11-29 11:12:40.910] [info]  Splash.onStateUpdate: {"status":"installing-updates","current":3,"total":6,"progress":19}
[2024-11-29 11:12:40.911] [info]  DiscordSplash.onStateUpdate: {"status":"installing-updates","current":3,"total":6,"progress":19}
[2024-11-29 11:12:40.911] [info]  Splash.onStateUpdate: {"status":"installing-updates","current":3,"total":6,"progress":19}
[2024-11-29 11:12:40.912] [info]  DiscordSplash.onStateUpdate: {"status":"installing-updates","current":3,"total":6,"progress":19}
[2024-11-29 11:12:40.912] [info]  Splash.onStateUpdate: {"status":"installing-updates","current":3,"total":6,"progress":19}
[2024-11-29 11:12:40.913] [info]  DiscordSplash.onStateUpdate: {"status":"installing-updates","current":3,"total":6,"progress":20}
[2024-11-29 11:12:40.913] [info]  Splash.onStateUpdate: {"status":"installing-updates","current":3,"total":6,"progress":20}
[2024-11-29 11:12:40.914] [info]  DiscordSplash.onStateUpdate: {"status":"installing-updates","current":3,"total":6,"progress":20}
[2024-11-29 11:12:40.914] [info]  Splash.onStateUpdate: {"status":"installing-updates","current":3,"total":6,"progress":20}
[2024-11-29 11:12:40.915] [info]  DiscordSplash.onStateUpdate: {"status":"installing-updates","current":3,"total":6,"progress":20}
[2024-11-29 11:12:40.915] [info]  Splash.onStateUpdate: {"status":"installing-updates","current":3,"total":6,"progress":20}
[2024-11-29 11:12:40.916] [info]  DiscordSplash.onStateUpdate: {"status":"installing-updates","current":3,"total":6,"progress":20}
[2024-11-29 11:12:40.916] [info]  Splash.onStateUpdate: {"status":"installing-updates","current":3,"total":6,"progress":20}
[2024-11-29 11:12:40.917] [info]  DiscordSplash.onStateUpdate: {"status":"installing-updates","current":3,"total":6,"progress":20}
[2024-11-29 11:12:40.917] [info]  Splash.onStateUpdate: {"status":"installing-updates","current":3,"total":6,"progress":20}
[2024-11-29 11:12:40.918] [info]  DiscordSplash.onStateUpdate: {"status":"installing-updates","current":3,"total":6,"progress":20}
[2024-11-29 11:12:40.918] [info]  Splash.onStateUpdate: {"status":"installing-updates","current":3,"total":6,"progress":20}
[2024-11-29 11:12:40.919] [info]  DiscordSplash.onStateUpdate: {"status":"installing-updates","current":3,"total":6,"progress":21}
[2024-11-29 11:12:40.919] [info]  Splash.onStateUpdate: {"status":"installing-updates","current":3,"total":6,"progress":21}
[2024-11-29 11:12:40.920] [info]  DiscordSplash.onStateUpdate: {"status":"installing-updates","current":3,"total":6,"progress":21}
[2024-11-29 11:12:40.920] [info]  Splash.onStateUpdate: {"status":"installing-updates","current":3,"total":6,"progress":21}
[2024-11-29 11:12:40.921] [info]  DiscordSplash.onStateUpdate: {"status":"installing-updates","current":3,"total":6,"progress":21}
[2024-11-29 11:12:40.921] [info]  Splash.onStateUpdate: {"status":"installing-updates","current":3,"total":6,"progress":21}
[2024-11-29 11:12:40.921] [info]  DiscordSplash.onStateUpdate: {"status":"installing-updates","current":3,"total":6,"progress":21}
[2024-11-29 11:12:40.921] [info]  Splash.onStateUpdate: {"status":"installing-updates","current":3,"total":6,"progress":21}
[2024-11-29 11:12:40.922] [info]  DiscordSplash.onStateUpdate: {"status":"installing-updates","current":3,"total":6,"progress":21}
[2024-11-29 11:12:40.922] [info]  Splash.onStateUpdate: {"status":"installing-updates","current":3,"total":6,"progress":21}
[2024-11-29 11:12:40.923] [info]  DiscordSplash.onStateUpdate: {"status":"installing-updates","current":3,"total":6,"progress":21}
[2024-11-29 11:12:40.923] [info]  Splash.onStateUpdate: {"status":"installing-updates","current":3,"total":6,"progress":21}
[2024-11-29 11:12:40.924] [info]  DiscordSplash.onStateUpdate: {"status":"installing-updates","current":3,"total":6,"progress":22}
[2024-11-29 11:12:40.924] [info]  Splash.onStateUpdate: {"status":"installing-updates","current":3,"total":6,"progress":22}
[2024-11-29 11:12:40.925] [info]  DiscordSplash.onStateUpdate: {"status":"installing-updates","current":3,"total":6,"progress":22}
[2024-11-29 11:12:40.925] [info]  Splash.onStateUpdate: {"status":"installing-updates","current":3,"total":6,"progress":22}
[2024-11-29 11:12:40.926] [info]  DiscordSplash.onStateUpdate: {"status":"installing-updates","current":3,"total":6,"progress":22}
[2024-11-29 11:12:40.926] [info]  Splash.onStateUpdate: {"status":"installing-updates","current":3,"total":6,"progress":22}
[2024-11-29 11:12:40.926] [info]  DiscordSplash.onStateUpdate: {"status":"installing-updates","current":3,"total":6,"progress":22}
[2024-11-29 11:12:40.927] [info]  Splash.onStateUpdate: {"status":"installing-updates","current":3,"total":6,"progress":22}
[2024-11-29 11:12:40.927] [info]  DiscordSplash.onStateUpdate: {"status":"installing-updates","current":3,"total":6,"progress":22}
[2024-11-29 11:12:40.927] [info]  Splash.onStateUpdate: {"status":"installing-updates","current":3,"total":6,"progress":22}
[2024-11-29 11:12:40.928] [info]  DiscordSplash.onStateUpdate: {"status":"installing-updates","current":3,"total":6,"progress":22}
[2024-11-29 11:12:40.928] [info]  Splash.onStateUpdate: {"status":"installing-updates","current":3,"total":6,"progress":22}
[2024-11-29 11:12:40.929] [info]  DiscordSplash.onStateUpdate: {"status":"installing-updates","current":3,"total":6,"progress":23}
[2024-11-29 11:12:40.929] [info]  Splash.onStateUpdate: {"status":"installing-updates","current":3,"total":6,"progress":23}
[2024-11-29 11:12:40.930] [info]  DiscordSplash.onStateUpdate: {"status":"installing-updates","current":3,"total":6,"progress":23}
[2024-11-29 11:12:40.930] [info]  Splash.onStateUpdate: {"status":"installing-updates","current":3,"total":6,"progress":23}
[2024-11-29 11:12:40.931] [info]  DiscordSplash.onStateUpdate: {"status":"installing-updates","current":3,"total":6,"progress":23}
[2024-11-29 11:12:40.931] [info]  Splash.onStateUpdate: {"status":"installing-updates","current":3,"total":6,"progress":23}
[2024-11-29 11:12:40.932] [info]  DiscordSplash.onStateUpdate: {"status":"installing-updates","current":3,"total":6,"progress":23}
[2024-11-29 11:12:40.932] [info]  Splash.onStateUpdate: {"status":"installing-updates","current":3,"total":6,"progress":23}
[2024-11-29 11:12:40.932] [info]  DiscordSplash.onStateUpdate: {"status":"installing-updates","current":3,"total":6,"progress":23}
[2024-11-29 11:12:40.932] [info]  Splash.onStateUpdate: {"status":"installing-updates","current":3,"total":6,"progress":23}
[2024-11-29 11:12:40.933] [info]  DiscordSplash.onStateUpdate: {"status":"installing-updates","current":3,"total":6,"progress":23}
[2024-11-29 11:12:40.933] [info]  Splash.onStateUpdate: {"status":"installing-updates","current":3,"total":6,"progress":23}
[2024-11-29 11:12:40.934] [info]  DiscordSplash.onStateUpdate: {"status":"installing-updates","current":3,"total":6,"progress":24}
[2024-11-29 11:12:40.934] [info]  Splash.onStateUpdate: {"status":"installing-updates","current":3,"total":6,"progress":24}
[2024-11-29 11:12:40.935] [info]  DiscordSplash.onStateUpdate: {"status":"installing-updates","current":3,"total":6,"progress":24}
[2024-11-29 11:12:40.935] [info]  Splash.onStateUpdate: {"status":"installing-updates","current":3,"total":6,"progress":24}
[2024-11-29 11:12:40.935] [info]  DiscordSplash.onStateUpdate: {"status":"installing-updates","current":3,"total":6,"progress":24}
[2024-11-29 11:12:40.935] [info]  Splash.onStateUpdate: {"status":"installing-updates","current":3,"total":6,"progress":24}
[2024-11-29 11:12:40.936] [info]  DiscordSplash.onStateUpdate: {"status":"installing-updates","current":3,"total":6,"progress":24}
[2024-11-29 11:12:40.936] [info]  Splash.onStateUpdate: {"status":"installing-updates","current":3,"total":6,"progress":24}
[2024-11-29 11:12:40.937] [info]  DiscordSplash.onStateUpdate: {"status":"installing-updates","current":3,"total":6,"progress":24}
[2024-11-29 11:12:40.937] [info]  Splash.onStateUpdate: {"status":"installing-updates","current":3,"total":6,"progress":24}
[2024-11-29 11:12:40.937] [info]  DiscordSplash.onStateUpdate: {"status":"installing-updates","current":3,"total":6,"progress":24}
[2024-11-29 11:12:40.937] [info]  Splash.onStateUpdate: {"status":"installing-updates","current":3,"total":6,"progress":24}
[2024-11-29 11:12:40.938] [info]  DiscordSplash.onStateUpdate: {"status":"installing-updates","current":3,"total":6,"progress":25}
[2024-11-29 11:12:40.938] [info]  Splash.onStateUpdate: {"status":"installing-updates","current":3,"total":6,"progress":25}
[2024-11-29 11:12:40.938] [info]  DiscordSplash.onStateUpdate: {"status":"installing-updates","current":3,"total":6,"progress":25}
[2024-11-29 11:12:40.939] [info]  Splash.onStateUpdate: {"status":"installing-updates","current":3,"total":6,"progress":25}
[2024-11-29 11:12:40.939] [info]  DiscordSplash.onStateUpdate: {"status":"installing-updates","current":3,"total":6,"progress":25}
[2024-11-29 11:12:40.939] [info]  Splash.onStateUpdate: {"status":"installing-updates","current":3,"total":6,"progress":25}
[2024-11-29 11:12:40.940] [info]  DiscordSplash.onStateUpdate: {"status":"installing-updates","current":3,"total":6,"progress":25}
[2024-11-29 11:12:40.940] [info]  Splash.onStateUpdate: {"status":"installing-updates","current":3,"total":6,"progress":25}
[2024-11-29 11:12:40.941] [info]  DiscordSplash.onStateUpdate: {"status":"installing-updates","current":3,"total":6,"progress":25}
[2024-11-29 11:12:40.941] [info]  Splash.onStateUpdate: {"status":"installing-updates","current":3,"total":6,"progress":25}
[2024-11-29 11:12:40.942] [info]  DiscordSplash.onStateUpdate: {"status":"installing-updates","current":3,"total":6,"progress":25}
[2024-11-29 11:12:40.942] [info]  Splash.onStateUpdate: {"status":"installing-updates","current":3,"total":6,"progress":25}
[2024-11-29 11:12:40.943] [info]  DiscordSplash.onStateUpdate: {"status":"installing-updates","current":3,"total":6,"progress":25}
[2024-11-29 11:12:40.943] [info]  Splash.onStateUpdate: {"status":"installing-updates","current":3,"total":6,"progress":25}
[2024-11-29 11:12:40.944] [info]  DiscordSplash.onStateUpdate: {"status":"installing-updates","current":3,"total":6,"progress":26}
[2024-11-29 11:12:40.944] [info]  Splash.onStateUpdate: {"status":"installing-updates","current":3,"total":6,"progress":26}
[2024-11-29 11:12:40.945] [info]  DiscordSplash.onStateUpdate: {"status":"installing-updates","current":3,"total":6,"progress":26}
[2024-11-29 11:12:40.945] [info]  Splash.onStateUpdate: {"status":"installing-updates","current":3,"total":6,"progress":26}
[2024-11-29 11:12:40.946] [info]  DiscordSplash.onStateUpdate: {"status":"installing-updates","current":3,"total":6,"progress":26}
[2024-11-29 11:12:40.946] [info]  Splash.onStateUpdate: {"status":"installing-updates","current":3,"total":6,"progress":26}
[2024-11-29 11:12:40.947] [info]  DiscordSplash.onStateUpdate: {"status":"installing-updates","current":3,"total":6,"progress":26}
[2024-11-29 11:12:40.947] [info]  Splash.onStateUpdate: {"status":"installing-updates","current":3,"total":6,"progress":26}
[2024-11-29 11:12:40.948] [info]  DiscordSplash.onStateUpdate: {"status":"installing-updates","current":3,"total":6,"progress":26}
[2024-11-29 11:12:40.948] [info]  Splash.onStateUpdate: {"status":"installing-updates","current":3,"total":6,"progress":26}
[2024-11-29 11:12:40.949] [info]  DiscordSplash.onStateUpdate: {"status":"installing-updates","current":3,"total":6,"progress":26}
[2024-11-29 11:12:40.950] [info]  Splash.onStateUpdate: {"status":"installing-updates","current":3,"total":6,"progress":26}
[2024-11-29 11:12:40.950] [info]  DiscordSplash.onStateUpdate: {"status":"installing-updates","current":3,"total":6,"progress":27}
[2024-11-29 11:12:40.950] [info]  Splash.onStateUpdate: {"status":"installing-updates","current":3,"total":6,"progress":27}
[2024-11-29 11:12:40.951] [info]  DiscordSplash.onStateUpdate: {"status":"installing-updates","current":3,"total":6,"progress":27}
[2024-11-29 11:12:40.951] [info]  Splash.onStateUpdate: {"status":"installing-updates","current":3,"total":6,"progress":27}
[2024-11-29 11:12:40.952] [info]  DiscordSplash.onStateUpdate: {"status":"installing-updates","current":3,"total":6,"progress":27}
[2024-11-29 11:12:40.952] [info]  Splash.onStateUpdate: {"status":"installing-updates","current":3,"total":6,"progress":27}
[2024-11-29 11:12:40.952] [info]  DiscordSplash.onStateUpdate: {"status":"installing-updates","current":3,"total":6,"progress":27}
[2024-11-29 11:12:40.953] [info]  Splash.onStateUpdate: {"status":"installing-updates","current":3,"total":6,"progress":27}
[2024-11-29 11:12:40.953] [info]  DiscordSplash.onStateUpdate: {"status":"installing-updates","current":3,"total":6,"progress":27}
[2024-11-29 11:12:40.953] [info]  Splash.onStateUpdate: {"status":"installing-updates","current":3,"total":6,"progress":27}
[2024-11-29 11:12:40.953] [info]  DiscordSplash.onStateUpdate: {"status":"installing-updates","current":3,"total":6,"progress":27}
[2024-11-29 11:12:40.953] [info]  Splash.onStateUpdate: {"status":"installing-updates","current":3,"total":6,"progress":27}
[2024-11-29 11:12:40.954] [info]  DiscordSplash.onStateUpdate: {"status":"installing-updates","current":3,"total":6,"progress":28}
[2024-11-29 11:12:40.954] [info]  Splash.onStateUpdate: {"status":"installing-updates","current":3,"total":6,"progress":28}
[2024-11-29 11:12:40.954] [info]  DiscordSplash.onStateUpdate: {"status":"installing-updates","current":3,"total":6,"progress":28}
[2024-11-29 11:12:40.954] [info]  Splash.onStateUpdate: {"status":"installing-updates","current":3,"total":6,"progress":28}
[2024-11-29 11:12:40.955] [info]  DiscordSplash.onStateUpdate: {"status":"installing-updates","current":3,"total":6,"progress":28}
[2024-11-29 11:12:40.955] [info]  Splash.onStateUpdate: {"status":"installing-updates","current":3,"total":6,"progress":28}
[2024-11-29 11:12:40.956] [info]  DiscordSplash.onStateUpdate: {"status":"installing-updates","current":3,"total":6,"progress":28}
[2024-11-29 11:12:40.956] [info]  Splash.onStateUpdate: {"status":"installing-updates","current":3,"total":6,"progress":28}
[2024-11-29 11:12:40.957] [info]  DiscordSplash.onStateUpdate: {"status":"installing-updates","current":3,"total":6,"progress":28}
[2024-11-29 11:12:40.957] [info]  Splash.onStateUpdate: {"status":"installing-updates","current":3,"total":6,"progress":28}
[2024-11-29 11:12:40.958] [info]  DiscordSplash.onStateUpdate: {"status":"installing-updates","current":3,"total":6,"progress":28}
[2024-11-29 11:12:40.958] [info]  Splash.onStateUpdate: {"status":"installing-updates","current":3,"total":6,"progress":28}
[2024-11-29 11:12:40.959] [info]  DiscordSplash.onStateUpdate: {"status":"installing-updates","current":3,"total":6,"progress":29}
[2024-11-29 11:12:40.959] [info]  Splash.onStateUpdate: {"status":"installing-updates","current":3,"total":6,"progress":29}
[2024-11-29 11:12:40.960] [info]  DiscordSplash.onStateUpdate: {"status":"installing-updates","current":3,"total":6,"progress":29}
[2024-11-29 11:12:40.960] [info]  Splash.onStateUpdate: {"status":"installing-updates","current":3,"total":6,"progress":29}
[2024-11-29 11:12:40.961] [info]  DiscordSplash.onStateUpdate: {"status":"installing-updates","current":3,"total":6,"progress":29}
[2024-11-29 11:12:40.961] [info]  Splash.onStateUpdate: {"status":"installing-updates","current":3,"total":6,"progress":29}
[2024-11-29 11:12:40.962] [info]  DiscordSplash.onStateUpdate: {"status":"installing-updates","current":3,"total":6,"progress":29}
[2024-11-29 11:12:40.962] [info]  Splash.onStateUpdate: {"status":"installing-updates","current":3,"total":6,"progress":29}
[2024-11-29 11:12:40.962] [info]  DiscordSplash.onStateUpdate: {"status":"installing-updates","current":3,"total":6,"progress":29}
[2024-11-29 11:12:40.963] [info]  Splash.onStateUpdate: {"status":"installing-updates","current":3,"total":6,"progress":29}
[2024-11-29 11:12:40.965] [info]  DiscordSplash.onStateUpdate: {"status":"installing-updates","current":3,"total":6,"progress":29}
[2024-11-29 11:12:40.965] [info]  Splash.onStateUpdate: {"status":"installing-updates","current":3,"total":6,"progress":29}
[2024-11-29 11:12:40.966] [info]  DiscordSplash.onStateUpdate: {"status":"installing-updates","current":3,"total":6,"progress":30}
[2024-11-29 11:12:40.966] [info]  Splash.onStateUpdate: {"status":"installing-updates","current":3,"total":6,"progress":30}
[2024-11-29 11:12:40.966] [info]  DiscordSplash.onStateUpdate: {"status":"installing-updates","current":3,"total":6,"progress":30}
[2024-11-29 11:12:40.967] [info]  Splash.onStateUpdate: {"status":"installing-updates","current":3,"total":6,"progress":30}
[2024-11-29 11:12:40.967] [info]  DiscordSplash.onStateUpdate: {"status":"installing-updates","current":3,"total":6,"progress":30}
[2024-11-29 11:12:40.967] [info]  Splash.onStateUpdate: {"status":"installing-updates","current":3,"total":6,"progress":30}
[2024-11-29 11:12:40.968] [info]  DiscordSplash.onStateUpdate: {"status":"installing-updates","current":3,"total":6,"progress":30}
[2024-11-29 11:12:40.968] [info]  Splash.onStateUpdate: {"status":"installing-updates","current":3,"total":6,"progress":30}
[2024-11-29 11:12:40.969] [info]  DiscordSplash.onStateUpdate: {"status":"installing-updates","current":3,"total":6,"progress":30}
[2024-11-29 11:12:40.969] [info]  Splash.onStateUpdate: {"status":"installing-updates","current":3,"total":6,"progress":30}
[2024-11-29 11:12:40.970] [info]  DiscordSplash.onStateUpdate: {"status":"installing-updates","current":3,"total":6,"progress":30}
[2024-11-29 11:12:40.970] [info]  Splash.onStateUpdate: {"status":"installing-updates","current":3,"total":6,"progress":30}
[2024-11-29 11:12:40.971] [info]  DiscordSplash.onStateUpdate: {"status":"installing-updates","current":3,"total":6,"progress":31}
[2024-11-29 11:12:40.971] [info]  Splash.onStateUpdate: {"status":"installing-updates","current":3,"total":6,"progress":31}
[2024-11-29 11:12:40.972] [info]  DiscordSplash.onStateUpdate: {"status":"installing-updates","current":3,"total":6,"progress":31}
[2024-11-29 11:12:40.972] [info]  Splash.onStateUpdate: {"status":"installing-updates","current":3,"total":6,"progress":31}
[2024-11-29 11:12:40.973] [info]  DiscordSplash.onStateUpdate: {"status":"installing-updates","current":3,"total":6,"progress":31}
[2024-11-29 11:12:40.973] [info]  Splash.onStateUpdate: {"status":"installing-updates","current":3,"total":6,"progress":31}
[2024-11-29 11:12:40.973] [info]  DiscordSplash.onStateUpdate: {"status":"installing-updates","current":3,"total":6,"progress":31}
[2024-11-29 11:12:40.974] [info]  Splash.onStateUpdate: {"status":"installing-updates","current":3,"total":6,"progress":31}
[2024-11-29 11:12:40.974] [info]  DiscordSplash.onStateUpdate: {"status":"installing-updates","current":3,"total":6,"progress":31}
[2024-11-29 11:12:40.974] [info]  Splash.onStateUpdate: {"status":"installing-updates","current":3,"total":6,"progress":31}
[2024-11-29 11:12:40.975] [info]  DiscordSplash.onStateUpdate: {"status":"installing-updates","current":3,"total":6,"progress":31}
[2024-11-29 11:12:40.975] [info]  Splash.onStateUpdate: {"status":"installing-updates","current":3,"total":6,"progress":31}
[2024-11-29 11:12:40.975] [info]  DiscordSplash.onStateUpdate: {"status":"installing-updates","current":3,"total":6,"progress":31}
[2024-11-29 11:12:40.975] [info]  Splash.onStateUpdate: {"status":"installing-updates","current":3,"total":6,"progress":31}
[2024-11-29 11:12:40.976] [info]  DiscordSplash.onStateUpdate: {"status":"installing-updates","current":3,"total":6,"progress":32}
[2024-11-29 11:12:40.976] [info]  Splash.onStateUpdate: {"status":"installing-updates","current":3,"total":6,"progress":32}
[2024-11-29 11:12:40.976] [info]  DiscordSplash.onStateUpdate: {"status":"installing-updates","current":3,"total":6,"progress":32}
[2024-11-29 11:12:40.977] [info]  Splash.onStateUpdate: {"status":"installing-updates","current":3,"total":6,"progress":32}
[2024-11-29 11:12:40.978] [info]  DiscordSplash.onStateUpdate: {"status":"installing-updates","current":3,"total":6,"progress":32}
[2024-11-29 11:12:40.978] [info]  Splash.onStateUpdate: {"status":"installing-updates","current":3,"total":6,"progress":32}
[2024-11-29 11:12:40.978] [info]  DiscordSplash.onStateUpdate: {"status":"installing-updates","current":3,"total":6,"progress":32}
[2024-11-29 11:12:40.978] [info]  Splash.onStateUpdate: {"status":"installing-updates","current":3,"total":6,"progress":32}
[2024-11-29 11:12:40.979] [info]  DiscordSplash.onStateUpdate: {"status":"installing-updates","current":3,"total":6,"progress":32}
[2024-11-29 11:12:40.979] [info]  Splash.onStateUpdate: {"status":"installing-updates","current":3,"total":6,"progress":32}
[2024-11-29 11:12:40.979] [info]  DiscordSplash.onStateUpdate: {"status":"installing-updates","current":3,"total":6,"progress":32}
[2024-11-29 11:12:40.980] [info]  Splash.onStateUpdate: {"status":"installing-updates","current":3,"total":6,"progress":32}
[2024-11-29 11:12:40.980] [info]  DiscordSplash.onStateUpdate: {"status":"installing-updates","current":3,"total":6,"progress":33}
[2024-11-29 11:12:40.980] [info]  Splash.onStateUpdate: {"status":"installing-updates","current":3,"total":6,"progress":33}
[2024-11-29 11:12:40.981] [info]  DiscordSplash.onStateUpdate: {"status":"installing-updates","current":3,"total":6,"progress":33}
[2024-11-29 11:12:40.981] [info]  Splash.onStateUpdate: {"status":"installing-updates","current":3,"total":6,"progress":33}
[2024-11-29 11:12:40.982] [info]  DiscordSplash.onStateUpdate: {"status":"installing-updates","current":3,"total":6,"progress":33}
[2024-11-29 11:12:40.982] [info]  Splash.onStateUpdate: {"status":"installing-updates","current":3,"total":6,"progress":33}
[2024-11-29 11:12:40.982] [info]  DiscordSplash.onStateUpdate: {"status":"installing-updates","current":3,"total":6,"progress":33}
[2024-11-29 11:12:40.982] [info]  Splash.onStateUpdate: {"status":"installing-updates","current":3,"total":6,"progress":33}
[2024-11-29 11:12:40.983] [info]  DiscordSplash.onStateUpdate: {"status":"installing-updates","current":3,"total":6,"progress":33}
[2024-11-29 11:12:40.983] [info]  Splash.onStateUpdate: {"status":"installing-updates","current":3,"total":6,"progress":33}
[2024-11-29 11:12:40.983] [info]  DiscordSplash.onStateUpdate: {"status":"installing-updates","current":3,"total":6,"progress":33}
[2024-11-29 11:12:40.983] [info]  Splash.onStateUpdate: {"status":"installing-updates","current":3,"total":6,"progress":33}
[2024-11-29 11:12:40.984] [info]  DiscordSplash.onStateUpdate: {"status":"installing-updates","current":3,"total":6,"progress":34}
[2024-11-29 11:12:40.985] [info]  Splash.onStateUpdate: {"status":"installing-updates","current":3,"total":6,"progress":34}
[2024-11-29 11:12:40.985] [info]  DiscordSplash.onStateUpdate: {"status":"installing-updates","current":3,"total":6,"progress":34}
[2024-11-29 11:12:40.986] [info]  Splash.onStateUpdate: {"status":"installing-updates","current":3,"total":6,"progress":34}
[2024-11-29 11:12:40.986] [info]  DiscordSplash.onStateUpdate: {"status":"installing-updates","current":3,"total":6,"progress":34}
[2024-11-29 11:12:40.987] [info]  Splash.onStateUpdate: {"status":"installing-updates","current":3,"total":6,"progress":34}
[2024-11-29 11:12:40.987] [info]  DiscordSplash.onStateUpdate: {"status":"installing-updates","current":3,"total":6,"progress":34}
[2024-11-29 11:12:40.987] [info]  Splash.onStateUpdate: {"status":"installing-updates","current":3,"total":6,"progress":34}
[2024-11-29 11:12:40.988] [info]  DiscordSplash.onStateUpdate: {"status":"installing-updates","current":3,"total":6,"progress":34}
[2024-11-29 11:12:40.988] [info]  Splash.onStateUpdate: {"status":"installing-updates","current":3,"total":6,"progress":34}
[2024-11-29 11:12:40.989] [info]  DiscordSplash.onStateUpdate: {"status":"installing-updates","current":3,"total":6,"progress":34}
[2024-11-29 11:12:40.989] [info]  Splash.onStateUpdate: {"status":"installing-updates","current":3,"total":6,"progress":34}
[2024-11-29 11:12:40.990] [info]  DiscordSplash.onStateUpdate: {"status":"installing-updates","current":3,"total":6,"progress":35}
[2024-11-29 11:12:40.990] [info]  Splash.onStateUpdate: {"status":"installing-updates","current":3,"total":6,"progress":35}
[2024-11-29 11:12:40.991] [info]  DiscordSplash.onStateUpdate: {"status":"installing-updates","current":3,"total":6,"progress":35}
[2024-11-29 11:12:40.991] [info]  Splash.onStateUpdate: {"status":"installing-updates","current":3,"total":6,"progress":35}
[2024-11-29 11:12:40.992] [info]  DiscordSplash.onStateUpdate: {"status":"installing-updates","current":3,"total":6,"progress":35}
[2024-11-29 11:12:40.992] [info]  Splash.onStateUpdate: {"status":"installing-updates","current":3,"total":6,"progress":35}
[2024-11-29 11:12:40.993] [info]  DiscordSplash.onStateUpdate: {"status":"installing-updates","current":3,"total":6,"progress":35}
[2024-11-29 11:12:40.993] [info]  Splash.onStateUpdate: {"status":"installing-updates","current":3,"total":6,"progress":35}
[2024-11-29 11:12:40.993] [info]  DiscordSplash.onStateUpdate: {"status":"installing-updates","current":3,"total":6,"progress":35}
[2024-11-29 11:12:40.993] [info]  Splash.onStateUpdate: {"status":"installing-updates","current":3,"total":6,"progress":35}
[2024-11-29 11:12:40.994] [info]  DiscordSplash.onStateUpdate: {"status":"installing-updates","current":3,"total":6,"progress":35}
[2024-11-29 11:12:40.994] [info]  Splash.onStateUpdate: {"status":"installing-updates","current":3,"total":6,"progress":35}
[2024-11-29 11:12:40.994] [info]  DiscordSplash.onStateUpdate: {"status":"installing-updates","current":3,"total":6,"progress":36}
[2024-11-29 11:12:40.994] [info]  Splash.onStateUpdate: {"status":"installing-updates","current":3,"total":6,"progress":36}
[2024-11-29 11:12:40.995] [info]  DiscordSplash.onStateUpdate: {"status":"installing-updates","current":3,"total":6,"progress":36}
[2024-11-29 11:12:40.995] [info]  Splash.onStateUpdate: {"status":"installing-updates","current":3,"total":6,"progress":36}
[2024-11-29 11:12:40.996] [info]  DiscordSplash.onStateUpdate: {"status":"installing-updates","current":3,"total":6,"progress":36}
[2024-11-29 11:12:40.996] [info]  Splash.onStateUpdate: {"status":"installing-updates","current":3,"total":6,"progress":36}
[2024-11-29 11:12:40.997] [info]  DiscordSplash.onStateUpdate: {"status":"installing-updates","current":3,"total":6,"progress":36}
[2024-11-29 11:12:40.997] [info]  Splash.onStateUpdate: {"status":"installing-updates","current":3,"total":6,"progress":36}
[2024-11-29 11:12:40.998] [info]  DiscordSplash.onStateUpdate: {"status":"installing-updates","current":3,"total":6,"progress":36}
[2024-11-29 11:12:40.998] [info]  Splash.onStateUpdate: {"status":"installing-updates","current":3,"total":6,"progress":36}
[2024-11-29 11:12:40.999] [info]  DiscordSplash.onStateUpdate: {"status":"installing-updates","current":3,"total":6,"progress":36}
[2024-11-29 11:12:40.999] [info]  Splash.onStateUpdate: {"status":"installing-updates","current":3,"total":6,"progress":36}
[2024-11-29 11:12:41.000] [info]  DiscordSplash.onStateUpdate: {"status":"installing-updates","current":3,"total":6,"progress":37}
[2024-11-29 11:12:41.000] [info]  Splash.onStateUpdate: {"status":"installing-updates","current":3,"total":6,"progress":37}
[2024-11-29 11:12:41.001] [info]  DiscordSplash.onStateUpdate: {"status":"installing-updates","current":3,"total":6,"progress":37}
[2024-11-29 11:12:41.001] [info]  Splash.onStateUpdate: {"status":"installing-updates","current":3,"total":6,"progress":37}
[2024-11-29 11:12:41.002] [info]  DiscordSplash.onStateUpdate: {"status":"installing-updates","current":3,"total":6,"progress":37}
[2024-11-29 11:12:41.002] [info]  Splash.onStateUpdate: {"status":"installing-updates","current":3,"total":6,"progress":37}
[2024-11-29 11:12:41.002] [info]  DiscordSplash.onStateUpdate: {"status":"installing-updates","current":3,"total":6,"progress":37}
[2024-11-29 11:12:41.003] [info]  Splash.onStateUpdate: {"status":"installing-updates","current":3,"total":6,"progress":37}
[2024-11-29 11:12:41.003] [info]  DiscordSplash.onStateUpdate: {"status":"installing-updates","current":3,"total":6,"progress":37}
[2024-11-29 11:12:41.003] [info]  Splash.onStateUpdate: {"status":"installing-updates","current":3,"total":6,"progress":37}
[2024-11-29 11:12:41.004] [info]  DiscordSplash.onStateUpdate: {"status":"installing-updates","current":3,"total":6,"progress":37}
[2024-11-29 11:12:41.004] [info]  Splash.onStateUpdate: {"status":"installing-updates","current":3,"total":6,"progress":37}
[2024-11-29 11:12:41.005] [info]  DiscordSplash.onStateUpdate: {"status":"installing-updates","current":3,"total":6,"progress":37}
[2024-11-29 11:12:41.005] [info]  Splash.onStateUpdate: {"status":"installing-updates","current":3,"total":6,"progress":37}
[2024-11-29 11:12:41.006] [info]  DiscordSplash.onStateUpdate: {"status":"installing-updates","current":3,"total":6,"progress":38}
[2024-11-29 11:12:41.006] [info]  Splash.onStateUpdate: {"status":"installing-updates","current":3,"total":6,"progress":38}
[2024-11-29 11:12:41.007] [info]  DiscordSplash.onStateUpdate: {"status":"installing-updates","current":3,"total":6,"progress":38}
[2024-11-29 11:12:41.007] [info]  Splash.onStateUpdate: {"status":"installing-updates","current":3,"total":6,"progress":38}
[2024-11-29 11:12:41.008] [info]  DiscordSplash.onStateUpdate: {"status":"installing-updates","current":3,"total":6,"progress":38}
[2024-11-29 11:12:41.008] [info]  Splash.onStateUpdate: {"status":"installing-updates","current":3,"total":6,"progress":38}
[2024-11-29 11:12:41.009] [info]  DiscordSplash.onStateUpdate: {"status":"installing-updates","current":3,"total":6,"progress":38}
[2024-11-29 11:12:41.009] [info]  Splash.onStateUpdate: {"status":"installing-updates","current":3,"total":6,"progress":38}
[2024-11-29 11:12:41.009] [info]  DiscordSplash.onStateUpdate: {"status":"installing-updates","current":3,"total":6,"progress":38}
[2024-11-29 11:12:41.009] [info]  Splash.onStateUpdate: {"status":"installing-updates","current":3,"total":6,"progress":38}
[2024-11-29 11:12:41.010] [info]  DiscordSplash.onStateUpdate: {"status":"installing-updates","current":3,"total":6,"progress":38}
[2024-11-29 11:12:41.010] [info]  Splash.onStateUpdate: {"status":"installing-updates","current":3,"total":6,"progress":38}
[2024-11-29 11:12:41.011] [info]  DiscordSplash.onStateUpdate: {"status":"installing-updates","current":3,"total":6,"progress":39}
[2024-11-29 11:12:41.011] [info]  Splash.onStateUpdate: {"status":"installing-updates","current":3,"total":6,"progress":39}
[2024-11-29 11:12:41.013] [info]  DiscordSplash.onStateUpdate: {"status":"installing-updates","current":3,"total":6,"progress":39}
[2024-11-29 11:12:41.013] [info]  Splash.onStateUpdate: {"status":"installing-updates","current":3,"total":6,"progress":39}
[2024-11-29 11:12:41.013] [info]  DiscordSplash.onStateUpdate: {"status":"installing-updates","current":3,"total":6,"progress":39}
[2024-11-29 11:12:41.013] [info]  Splash.onStateUpdate: {"status":"installing-updates","current":3,"total":6,"progress":39}
[2024-11-29 11:12:41.014] [info]  DiscordSplash.onStateUpdate: {"status":"installing-updates","current":3,"total":6,"progress":39}
[2024-11-29 11:12:41.014] [info]  Splash.onStateUpdate: {"status":"installing-updates","current":3,"total":6,"progress":39}
[2024-11-29 11:12:41.014] [info]  DiscordSplash.onStateUpdate: {"status":"installing-updates","current":3,"total":6,"progress":39}
[2024-11-29 11:12:41.014] [info]  Splash.onStateUpdate: {"status":"installing-updates","current":3,"total":6,"progress":39}
[2024-11-29 11:12:41.015] [info]  DiscordSplash.onStateUpdate: {"status":"installing-updates","current":3,"total":6,"progress":39}
[2024-11-29 11:12:41.015] [info]  Splash.onStateUpdate: {"status":"installing-updates","current":3,"total":6,"progress":39}
[2024-11-29 11:12:41.015] [info]  DiscordSplash.onStateUpdate: {"status":"installing-updates","current":3,"total":6,"progress":40}
[2024-11-29 11:12:41.016] [info]  Splash.onStateUpdate: {"status":"installing-updates","current":3,"total":6,"progress":40}
[2024-11-29 11:12:41.016] [info]  DiscordSplash.onStateUpdate: {"status":"installing-updates","current":3,"total":6,"progress":40}
[2024-11-29 11:12:41.016] [info]  Splash.onStateUpdate: {"status":"installing-updates","current":3,"total":6,"progress":40}
[2024-11-29 11:12:41.017] [info]  DiscordSplash.onStateUpdate: {"status":"installing-updates","current":3,"total":6,"progress":40}
[2024-11-29 11:12:41.017] [info]  Splash.onStateUpdate: {"status":"installing-updates","current":3,"total":6,"progress":40}
[2024-11-29 11:12:41.018] [info]  DiscordSplash.onStateUpdate: {"status":"installing-updates","current":3,"total":6,"progress":40}
[2024-11-29 11:12:41.018] [info]  Splash.onStateUpdate: {"status":"installing-updates","current":3,"total":6,"progress":40}
[2024-11-29 11:12:41.019] [info]  DiscordSplash.onStateUpdate: {"status":"installing-updates","current":3,"total":6,"progress":40}
[2024-11-29 11:12:41.019] [info]  Splash.onStateUpdate: {"status":"installing-updates","current":3,"total":6,"progress":40}
[2024-11-29 11:12:41.020] [info]  DiscordSplash.onStateUpdate: {"status":"installing-updates","current":3,"total":6,"progress":40}
[2024-11-29 11:12:41.020] [info]  Splash.onStateUpdate: {"status":"installing-updates","current":3,"total":6,"progress":40}
[2024-11-29 11:12:41.020] [info]  DiscordSplash.onStateUpdate: {"status":"installing-updates","current":3,"total":6,"progress":41}
[2024-11-29 11:12:41.020] [info]  Splash.onStateUpdate: {"status":"installing-updates","current":3,"total":6,"progress":41}
[2024-11-29 11:12:41.021] [info]  DiscordSplash.onStateUpdate: {"status":"installing-updates","current":3,"total":6,"progress":41}
[2024-11-29 11:12:41.021] [info]  Splash.onStateUpdate: {"status":"installing-updates","current":3,"total":6,"progress":41}
[2024-11-29 11:12:41.021] [info]  DiscordSplash.onStateUpdate: {"status":"installing-updates","current":3,"total":6,"progress":41}
[2024-11-29 11:12:41.021] [info]  Splash.onStateUpdate: {"status":"installing-updates","current":3,"total":6,"progress":41}
[2024-11-29 11:12:41.021] [info]  DiscordSplash.onStateUpdate: {"status":"installing-updates","current":3,"total":6,"progress":41}
[2024-11-29 11:12:41.022] [info]  Splash.onStateUpdate: {"status":"installing-updates","current":3,"total":6,"progress":41}
[2024-11-29 11:12:41.022] [info]  DiscordSplash.onStateUpdate: {"status":"installing-updates","current":3,"total":6,"progress":41}
[2024-11-29 11:12:41.022] [info]  Splash.onStateUpdate: {"status":"installing-updates","current":3,"total":6,"progress":41}
[2024-11-29 11:12:41.022] [info]  DiscordSplash.onStateUpdate: {"status":"installing-updates","current":3,"total":6,"progress":41}
[2024-11-29 11:12:41.022] [info]  Splash.onStateUpdate: {"status":"installing-updates","current":3,"total":6,"progress":41}
[2024-11-29 11:12:41.023] [info]  DiscordSplash.onStateUpdate: {"status":"installing-updates","current":3,"total":6,"progress":42}
[2024-11-29 11:12:41.023] [info]  Splash.onStateUpdate: {"status":"installing-updates","current":3,"total":6,"progress":42}
[2024-11-29 11:12:41.023] [info]  DiscordSplash.onStateUpdate: {"status":"installing-updates","current":3,"total":6,"progress":42}
[2024-11-29 11:12:41.023] [info]  Splash.onStateUpdate: {"status":"installing-updates","current":3,"total":6,"progress":42}
[2024-11-29 11:12:41.024] [info]  DiscordSplash.onStateUpdate: {"status":"installing-updates","current":3,"total":6,"progress":42}
[2024-11-29 11:12:41.024] [info]  Splash.onStateUpdate: {"status":"installing-updates","current":3,"total":6,"progress":42}
[2024-11-29 11:12:41.024] [info]  DiscordSplash.onStateUpdate: {"status":"installing-updates","current":3,"total":6,"progress":42}
[2024-11-29 11:12:41.024] [info]  Splash.onStateUpdate: {"status":"installing-updates","current":3,"total":6,"progress":42}
[2024-11-29 11:12:41.025] [info]  DiscordSplash.onStateUpdate: {"status":"installing-updates","current":3,"total":6,"progress":42}
[2024-11-29 11:12:41.025] [info]  Splash.onStateUpdate: {"status":"installing-updates","current":3,"total":6,"progress":42}
[2024-11-29 11:12:41.026] [info]  DiscordSplash.onStateUpdate: {"status":"installing-updates","current":3,"total":6,"progress":42}
[2024-11-29 11:12:41.026] [info]  Splash.onStateUpdate: {"status":"installing-updates","current":3,"total":6,"progress":42}
[2024-11-29 11:12:41.027] [info]  DiscordSplash.onStateUpdate: {"status":"installing-updates","current":3,"total":6,"progress":43}
[2024-11-29 11:12:41.027] [info]  Splash.onStateUpdate: {"status":"installing-updates","current":3,"total":6,"progress":43}
[2024-11-29 11:12:41.028] [info]  DiscordSplash.onStateUpdate: {"status":"installing-updates","current":3,"total":6,"progress":43}
[2024-11-29 11:12:41.028] [info]  Splash.onStateUpdate: {"status":"installing-updates","current":3,"total":6,"progress":43}
[2024-11-29 11:12:41.029] [info]  DiscordSplash.onStateUpdate: {"status":"installing-updates","current":3,"total":6,"progress":43}
[2024-11-29 11:12:41.029] [info]  Splash.onStateUpdate: {"status":"installing-updates","current":3,"total":6,"progress":43}
[2024-11-29 11:12:41.030] [info]  DiscordSplash.onStateUpdate: {"status":"installing-updates","current":3,"total":6,"progress":43}
[2024-11-29 11:12:41.030] [info]  Splash.onStateUpdate: {"status":"installing-updates","current":3,"total":6,"progress":43}
[2024-11-29 11:12:41.031] [info]  DiscordSplash.onStateUpdate: {"status":"installing-updates","current":3,"total":6,"progress":43}
[2024-11-29 11:12:41.031] [info]  Splash.onStateUpdate: {"status":"installing-updates","current":3,"total":6,"progress":43}
[2024-11-29 11:12:41.031] [info]  DiscordSplash.onStateUpdate: {"status":"installing-updates","current":3,"total":6,"progress":43}
[2024-11-29 11:12:41.032] [info]  Splash.onStateUpdate: {"status":"installing-updates","current":3,"total":6,"progress":43}
[2024-11-29 11:12:41.033] [info]  DiscordSplash.onStateUpdate: {"status":"installing-updates","current":3,"total":6,"progress":43}
[2024-11-29 11:12:41.033] [info]  Splash.onStateUpdate: {"status":"installing-updates","current":3,"total":6,"progress":43}
[2024-11-29 11:12:41.034] [info]  DiscordSplash.onStateUpdate: {"status":"installing-updates","current":3,"total":6,"progress":44}
[2024-11-29 11:12:41.034] [info]  Splash.onStateUpdate: {"status":"installing-updates","current":3,"total":6,"progress":44}
[2024-11-29 11:12:41.034] [info]  DiscordSplash.onStateUpdate: {"status":"installing-updates","current":3,"total":6,"progress":44}
[2024-11-29 11:12:41.035] [info]  Splash.onStateUpdate: {"status":"installing-updates","current":3,"total":6,"progress":44}
[2024-11-29 11:12:41.035] [info]  DiscordSplash.onStateUpdate: {"status":"installing-updates","current":3,"total":6,"progress":44}
[2024-11-29 11:12:41.035] [info]  Splash.onStateUpdate: {"status":"installing-updates","current":3,"total":6,"progress":44}
[2024-11-29 11:12:41.036] [info]  DiscordSplash.onStateUpdate: {"status":"installing-updates","current":3,"total":6,"progress":44}
[2024-11-29 11:12:41.036] [info]  Splash.onStateUpdate: {"status":"installing-updates","current":3,"total":6,"progress":44}
[2024-11-29 11:12:41.038] [info]  DiscordSplash.onStateUpdate: {"status":"installing-updates","current":3,"total":6,"progress":44}
[2024-11-29 11:12:41.038] [info]  Splash.onStateUpdate: {"status":"installing-updates","current":3,"total":6,"progress":44}
[2024-11-29 11:12:41.039] [info]  DiscordSplash.onStateUpdate: {"status":"installing-updates","current":3,"total":6,"progress":44}
[2024-11-29 11:12:41.039] [info]  Splash.onStateUpdate: {"status":"installing-updates","current":3,"total":6,"progress":44}
[2024-11-29 11:12:41.040] [info]  DiscordSplash.onStateUpdate: {"status":"installing-updates","current":3,"total":6,"progress":45}
[2024-11-29 11:12:41.040] [info]  Splash.onStateUpdate: {"status":"installing-updates","current":3,"total":6,"progress":45}
[2024-11-29 11:12:41.041] [info]  DiscordSplash.onStateUpdate: {"status":"installing-updates","current":3,"total":6,"progress":45}
[2024-11-29 11:12:41.041] [info]  Splash.onStateUpdate: {"status":"installing-updates","current":3,"total":6,"progress":45}
[2024-11-29 11:12:41.042] [info]  DiscordSplash.onStateUpdate: {"status":"installing-updates","current":3,"total":6,"progress":45}
[2024-11-29 11:12:41.042] [info]  Splash.onStateUpdate: {"status":"installing-updates","current":3,"total":6,"progress":45}
[2024-11-29 11:12:41.043] [info]  DiscordSplash.onStateUpdate: {"status":"installing-updates","current":3,"total":6,"progress":45}
[2024-11-29 11:12:41.043] [info]  Splash.onStateUpdate: {"status":"installing-updates","current":3,"total":6,"progress":45}
[2024-11-29 11:12:41.043] [info]  DiscordSplash.onStateUpdate: {"status":"installing-updates","current":3,"total":6,"progress":45}
[2024-11-29 11:12:41.044] [info]  Splash.onStateUpdate: {"status":"installing-updates","current":3,"total":6,"progress":45}
[2024-11-29 11:12:41.044] [info]  DiscordSplash.onStateUpdate: {"status":"installing-updates","current":3,"total":6,"progress":45}
[2024-11-29 11:12:41.044] [info]  Splash.onStateUpdate: {"status":"installing-updates","current":3,"total":6,"progress":45}
[2024-11-29 11:12:41.045] [info]  DiscordSplash.onStateUpdate: {"status":"installing-updates","current":3,"total":6,"progress":46}
[2024-11-29 11:12:41.045] [info]  Splash.onStateUpdate: {"status":"installing-updates","current":3,"total":6,"progress":46}
[2024-11-29 11:12:41.046] [info]  DiscordSplash.onStateUpdate: {"status":"installing-updates","current":3,"total":6,"progress":46}
[2024-11-29 11:12:41.046] [info]  Splash.onStateUpdate: {"status":"installing-updates","current":3,"total":6,"progress":46}
[2024-11-29 11:12:41.047] [info]  DiscordSplash.onStateUpdate: {"status":"installing-updates","current":3,"total":6,"progress":46}
[2024-11-29 11:12:41.047] [info]  Splash.onStateUpdate: {"status":"installing-updates","current":3,"total":6,"progress":46}
[2024-11-29 11:12:41.048] [info]  DiscordSplash.onStateUpdate: {"status":"installing-updates","current":3,"total":6,"progress":46}
[2024-11-29 11:12:41.048] [info]  Splash.onStateUpdate: {"status":"installing-updates","current":3,"total":6,"progress":46}
[2024-11-29 11:12:41.049] [info]  DiscordSplash.onStateUpdate: {"status":"installing-updates","current":3,"total":6,"progress":46}
[2024-11-29 11:12:41.049] [info]  Splash.onStateUpdate: {"status":"installing-updates","current":3,"total":6,"progress":46}
[2024-11-29 11:12:41.049] [info]  DiscordSplash.onStateUpdate: {"status":"installing-updates","current":3,"total":6,"progress":46}
[2024-11-29 11:12:41.049] [info]  Splash.onStateUpdate: {"status":"installing-updates","current":3,"total":6,"progress":46}
[2024-11-29 11:12:41.050] [info]  DiscordSplash.onStateUpdate: {"status":"installing-updates","current":3,"total":6,"progress":47}
[2024-11-29 11:12:41.050] [info]  Splash.onStateUpdate: {"status":"installing-updates","current":3,"total":6,"progress":47}
[2024-11-29 11:12:41.050] [info]  DiscordSplash.onStateUpdate: {"status":"installing-updates","current":3,"total":6,"progress":47}
[2024-11-29 11:12:41.050] [info]  Splash.onStateUpdate: {"status":"installing-updates","current":3,"total":6,"progress":47}
[2024-11-29 11:12:41.051] [info]  DiscordSplash.onStateUpdate: {"status":"installing-updates","current":3,"total":6,"progress":47}
[2024-11-29 11:12:41.051] [info]  Splash.onStateUpdate: {"status":"installing-updates","current":3,"total":6,"progress":47}
[2024-11-29 11:12:41.052] [info]  DiscordSplash.onStateUpdate: {"status":"installing-updates","current":3,"total":6,"progress":47}
[2024-11-29 11:12:41.052] [info]  Splash.onStateUpdate: {"status":"installing-updates","current":3,"total":6,"progress":47}
[2024-11-29 11:12:41.052] [info]  DiscordSplash.onStateUpdate: {"status":"installing-updates","current":3,"total":6,"progress":47}
[2024-11-29 11:12:41.052] [info]  Splash.onStateUpdate: {"status":"installing-updates","current":3,"total":6,"progress":47}
[2024-11-29 11:12:41.053] [info]  DiscordSplash.onStateUpdate: {"status":"installing-updates","current":3,"total":6,"progress":47}
[2024-11-29 11:12:41.053] [info]  Splash.onStateUpdate: {"status":"installing-updates","current":3,"total":6,"progress":47}
[2024-11-29 11:12:41.053] [info]  DiscordSplash.onStateUpdate: {"status":"installing-updates","current":3,"total":6,"progress":48}
[2024-11-29 11:12:41.053] [info]  Splash.onStateUpdate: {"status":"installing-updates","current":3,"total":6,"progress":48}
[2024-11-29 11:12:41.054] [info]  DiscordSplash.onStateUpdate: {"status":"installing-updates","current":3,"total":6,"progress":48}
[2024-11-29 11:12:41.054] [info]  Splash.onStateUpdate: {"status":"installing-updates","current":3,"total":6,"progress":48}
[2024-11-29 11:12:41.055] [info]  DiscordSplash.onStateUpdate: {"status":"installing-updates","current":3,"total":6,"progress":48}
[2024-11-29 11:12:41.055] [info]  Splash.onStateUpdate: {"status":"installing-updates","current":3,"total":6,"progress":48}
[2024-11-29 11:12:41.056] [info]  DiscordSplash.onStateUpdate: {"status":"installing-updates","current":3,"total":6,"progress":48}
[2024-11-29 11:12:41.056] [info]  Splash.onStateUpdate: {"status":"installing-updates","current":3,"total":6,"progress":48}
[2024-11-29 11:12:41.057] [info]  DiscordSplash.onStateUpdate: {"status":"installing-updates","current":3,"total":6,"progress":48}
[2024-11-29 11:12:41.057] [info]  Splash.onStateUpdate: {"status":"installing-updates","current":3,"total":6,"progress":48}
[2024-11-29 11:12:41.058] [info]  DiscordSplash.onStateUpdate: {"status":"installing-updates","current":3,"total":6,"progress":48}
[2024-11-29 11:12:41.058] [info]  Splash.onStateUpdate: {"status":"installing-updates","current":3,"total":6,"progress":48}
[2024-11-29 11:12:41.058] [info]  DiscordSplash.onStateUpdate: {"status":"installing-updates","current":3,"total":6,"progress":49}
[2024-11-29 11:12:41.058] [info]  Splash.onStateUpdate: {"status":"installing-updates","current":3,"total":6,"progress":49}
[2024-11-29 11:12:41.059] [info]  DiscordSplash.onStateUpdate: {"status":"installing-updates","current":3,"total":6,"progress":49}
[2024-11-29 11:12:41.059] [info]  Splash.onStateUpdate: {"status":"installing-updates","current":3,"total":6,"progress":49}
[2024-11-29 11:12:41.060] [info]  DiscordSplash.onStateUpdate: {"status":"installing-updates","current":3,"total":6,"progress":49}
[2024-11-29 11:12:41.060] [info]  Splash.onStateUpdate: {"status":"installing-updates","current":3,"total":6,"progress":49}
[2024-11-29 11:12:41.061] [info]  DiscordSplash.onStateUpdate: {"status":"installing-updates","current":3,"total":6,"progress":49}
[2024-11-29 11:12:41.061] [info]  Splash.onStateUpdate: {"status":"installing-updates","current":3,"total":6,"progress":49}
[2024-11-29 11:12:41.062] [info]  DiscordSplash.onStateUpdate: {"status":"installing-updates","current":3,"total":6,"progress":49}
[2024-11-29 11:12:41.062] [info]  Splash.onStateUpdate: {"status":"installing-updates","current":3,"total":6,"progress":49}
[2024-11-29 11:12:41.063] [info]  DiscordSplash.onStateUpdate: {"status":"installing-updates","current":3,"total":6,"progress":49}
[2024-11-29 11:12:41.063] [info]  Splash.onStateUpdate: {"status":"installing-updates","current":3,"total":6,"progress":49}
[2024-11-29 11:12:41.064] [info]  DiscordSplash.onStateUpdate: {"status":"installing-updates","current":3,"total":6,"progress":50}
[2024-11-29 11:12:41.064] [info]  Splash.onStateUpdate: {"status":"installing-updates","current":3,"total":6,"progress":50}
[2024-11-29 11:12:41.064] [info]  DiscordSplash.onStateUpdate: {"status":"installing-updates","current":3,"total":6,"progress":50}
[2024-11-29 11:12:41.064] [info]  Splash.onStateUpdate: {"status":"installing-updates","current":3,"total":6,"progress":50}
[2024-11-29 11:12:41.065] [info]  DiscordSplash.onStateUpdate: {"status":"installing-updates","current":3,"total":6,"progress":50}
[2024-11-29 11:12:41.065] [info]  Splash.onStateUpdate: {"status":"installing-updates","current":3,"total":6,"progress":50}
[2024-11-29 11:12:41.066] [info]  DiscordSplash.onStateUpdate: {"status":"installing-updates","current":3,"total":6,"progress":50}
[2024-11-29 11:12:41.066] [info]  Splash.onStateUpdate: {"status":"installing-updates","current":3,"total":6,"progress":50}
[2024-11-29 11:12:41.067] [info]  DiscordSplash.onStateUpdate: {"status":"installing-updates","current":3,"total":6,"progress":50}
[2024-11-29 11:12:41.067] [info]  Splash.onStateUpdate: {"status":"installing-updates","current":3,"total":6,"progress":50}
[2024-11-29 11:12:41.068] [info]  DiscordSplash.onStateUpdate: {"status":"installing-updates","current":3,"total":6,"progress":50}
[2024-11-29 11:12:41.068] [info]  Splash.onStateUpdate: {"status":"installing-updates","current":3,"total":6,"progress":50}
[2024-11-29 11:12:41.069] [info]  DiscordSplash.onStateUpdate: {"status":"installing-updates","current":3,"total":6,"progress":50}
[2024-11-29 11:12:41.069] [info]  Splash.onStateUpdate: {"status":"installing-updates","current":3,"total":6,"progress":50}
[2024-11-29 11:12:41.070] [info]  DiscordSplash.onStateUpdate: {"status":"installing-updates","current":3,"total":6,"progress":51}
[2024-11-29 11:12:41.070] [info]  Splash.onStateUpdate: {"status":"installing-updates","current":3,"total":6,"progress":51}
[2024-11-29 11:12:41.070] [info]  DiscordSplash.onStateUpdate: {"status":"installing-updates","current":3,"total":6,"progress":51}
[2024-11-29 11:12:41.070] [info]  Splash.onStateUpdate: {"status":"installing-updates","current":3,"total":6,"progress":51}
[2024-11-29 11:12:41.071] [info]  DiscordSplash.onStateUpdate: {"status":"installing-updates","current":3,"total":6,"progress":51}
[2024-11-29 11:12:41.071] [info]  Splash.onStateUpdate: {"status":"installing-updates","current":3,"total":6,"progress":51}
[2024-11-29 11:12:41.071] [info]  DiscordSplash.onStateUpdate: {"status":"installing-updates","current":3,"total":6,"progress":51}
[2024-11-29 11:12:41.071] [info]  Splash.onStateUpdate: {"status":"installing-updates","current":3,"total":6,"progress":51}
[2024-11-29 11:12:41.072] [info]  DiscordSplash.onStateUpdate: {"status":"installing-updates","current":3,"total":6,"progress":51}
[2024-11-29 11:12:41.072] [info]  Splash.onStateUpdate: {"status":"installing-updates","current":3,"total":6,"progress":51}
[2024-11-29 11:12:41.072] [info]  DiscordSplash.onStateUpdate: {"status":"installing-updates","current":3,"total":6,"progress":51}
[2024-11-29 11:12:41.072] [info]  Splash.onStateUpdate: {"status":"installing-updates","current":3,"total":6,"progress":51}
[2024-11-29 11:12:41.073] [info]  DiscordSplash.onStateUpdate: {"status":"installing-updates","current":3,"total":6,"progress":52}
[2024-11-29 11:12:41.073] [info]  Splash.onStateUpdate: {"status":"installing-updates","current":3,"total":6,"progress":52}
[2024-11-29 11:12:41.073] [info]  DiscordSplash.onStateUpdate: {"status":"installing-updates","current":3,"total":6,"progress":52}
[2024-11-29 11:12:41.073] [info]  Splash.onStateUpdate: {"status":"installing-updates","current":3,"total":6,"progress":52}
[2024-11-29 11:12:41.074] [info]  DiscordSplash.onStateUpdate: {"status":"installing-updates","current":3,"total":6,"progress":52}
[2024-11-29 11:12:41.074] [info]  Splash.onStateUpdate: {"status":"installing-updates","current":3,"total":6,"progress":52}
[2024-11-29 11:12:41.074] [info]  DiscordSplash.onStateUpdate: {"status":"installing-updates","current":3,"total":6,"progress":52}
[2024-11-29 11:12:41.074] [info]  Splash.onStateUpdate: {"status":"installing-updates","current":3,"total":6,"progress":52}
[2024-11-29 11:12:41.075] [info]  DiscordSplash.onStateUpdate: {"status":"installing-updates","current":3,"total":6,"progress":52}
[2024-11-29 11:12:41.075] [info]  Splash.onStateUpdate: {"status":"installing-updates","current":3,"total":6,"progress":52}
[2024-11-29 11:12:41.076] [info]  DiscordSplash.onStateUpdate: {"status":"installing-updates","current":3,"total":6,"progress":52}
[2024-11-29 11:12:41.076] [info]  Splash.onStateUpdate: {"status":"installing-updates","current":3,"total":6,"progress":52}
[2024-11-29 11:12:41.076] [info]  DiscordSplash.onStateUpdate: {"status":"installing-updates","current":3,"total":6,"progress":53}
[2024-11-29 11:12:41.076] [info]  Splash.onStateUpdate: {"status":"installing-updates","current":3,"total":6,"progress":53}
[2024-11-29 11:12:41.077] [info]  DiscordSplash.onStateUpdate: {"status":"installing-updates","current":3,"total":6,"progress":53}
[2024-11-29 11:12:41.077] [info]  Splash.onStateUpdate: {"status":"installing-updates","current":3,"total":6,"progress":53}
[2024-11-29 11:12:41.077] [info]  DiscordSplash.onStateUpdate: {"status":"installing-updates","current":3,"total":6,"progress":53}
[2024-11-29 11:12:41.077] [info]  Splash.onStateUpdate: {"status":"installing-updates","current":3,"total":6,"progress":53}
[2024-11-29 11:12:41.078] [info]  DiscordSplash.onStateUpdate: {"status":"installing-updates","current":3,"total":6,"progress":53}
[2024-11-29 11:12:41.078] [info]  Splash.onStateUpdate: {"status":"installing-updates","current":3,"total":6,"progress":53}
[2024-11-29 11:12:41.079] [info]  DiscordSplash.onStateUpdate: {"status":"installing-updates","current":3,"total":6,"progress":53}
[2024-11-29 11:12:41.079] [info]  Splash.onStateUpdate: {"status":"installing-updates","current":3,"total":6,"progress":53}
[2024-11-29 11:12:41.079] [info]  DiscordSplash.onStateUpdate: {"status":"installing-updates","current":3,"total":6,"progress":53}
[2024-11-29 11:12:41.080] [info]  Splash.onStateUpdate: {"status":"installing-updates","current":3,"total":6,"progress":53}
[2024-11-29 11:12:41.080] [info]  DiscordSplash.onStateUpdate: {"status":"installing-updates","current":3,"total":6,"progress":54}
[2024-11-29 11:12:41.081] [info]  Splash.onStateUpdate: {"status":"installing-updates","current":3,"total":6,"progress":54}
[2024-11-29 11:12:41.083] [info]  DiscordSplash.onStateUpdate: {"status":"installing-updates","current":3,"total":6,"progress":54}
[2024-11-29 11:12:41.083] [info]  Splash.onStateUpdate: {"status":"installing-updates","current":3,"total":6,"progress":54}
[2024-11-29 11:12:41.084] [info]  DiscordSplash.onStateUpdate: {"status":"installing-updates","current":3,"total":6,"progress":54}
[2024-11-29 11:12:41.084] [info]  Splash.onStateUpdate: {"status":"installing-updates","current":3,"total":6,"progress":54}
[2024-11-29 11:12:41.085] [info]  DiscordSplash.onStateUpdate: {"status":"installing-updates","current":3,"total":6,"progress":54}
[2024-11-29 11:12:41.085] [info]  Splash.onStateUpdate: {"status":"installing-updates","current":3,"total":6,"progress":54}
[2024-11-29 11:12:41.086] [info]  DiscordSplash.onStateUpdate: {"status":"installing-updates","current":3,"total":6,"progress":54}
[2024-11-29 11:12:41.086] [info]  Splash.onStateUpdate: {"status":"installing-updates","current":3,"total":6,"progress":54}
[2024-11-29 11:12:41.087] [info]  DiscordSplash.onStateUpdate: {"status":"installing-updates","current":3,"total":6,"progress":54}
[2024-11-29 11:12:41.087] [info]  Splash.onStateUpdate: {"status":"installing-updates","current":3,"total":6,"progress":54}
[2024-11-29 11:12:41.088] [info]  DiscordSplash.onStateUpdate: {"status":"installing-updates","current":3,"total":6,"progress":55}
[2024-11-29 11:12:41.088] [info]  Splash.onStateUpdate: {"status":"installing-updates","current":3,"total":6,"progress":55}
[2024-11-29 11:12:41.088] [info]  DiscordSplash.onStateUpdate: {"status":"installing-updates","current":3,"total":6,"progress":55}
[2024-11-29 11:12:41.089] [info]  Splash.onStateUpdate: {"status":"installing-updates","current":3,"total":6,"progress":55}
[2024-11-29 11:12:41.089] [info]  DiscordSplash.onStateUpdate: {"status":"installing-updates","current":3,"total":6,"progress":55}
[2024-11-29 11:12:41.090] [info]  Splash.onStateUpdate: {"status":"installing-updates","current":3,"total":6,"progress":55}
[2024-11-29 11:12:41.090] [info]  DiscordSplash.onStateUpdate: {"status":"installing-updates","current":3,"total":6,"progress":55}
[2024-11-29 11:12:41.091] [info]  Splash.onStateUpdate: {"status":"installing-updates","current":3,"total":6,"progress":55}
[2024-11-29 11:12:41.091] [info]  DiscordSplash.onStateUpdate: {"status":"installing-updates","current":3,"total":6,"progress":55}
[2024-11-29 11:12:41.091] [info]  Splash.onStateUpdate: {"status":"installing-updates","current":3,"total":6,"progress":55}
[2024-11-29 11:12:41.092] [info]  DiscordSplash.onStateUpdate: {"status":"installing-updates","current":3,"total":6,"progress":55}
[2024-11-29 11:12:41.092] [info]  Splash.onStateUpdate: {"status":"installing-updates","current":3,"total":6,"progress":55}
[2024-11-29 11:12:41.093] [info]  DiscordSplash.onStateUpdate: {"status":"installing-updates","current":3,"total":6,"progress":56}
[2024-11-29 11:12:41.093] [info]  Splash.onStateUpdate: {"status":"installing-updates","current":3,"total":6,"progress":56}
[2024-11-29 11:12:41.094] [info]  DiscordSplash.onStateUpdate: {"status":"installing-updates","current":3,"total":6,"progress":56}
[2024-11-29 11:12:41.094] [info]  Splash.onStateUpdate: {"status":"installing-updates","current":3,"total":6,"progress":56}
[2024-11-29 11:12:41.095] [info]  DiscordSplash.onStateUpdate: {"status":"installing-updates","current":3,"total":6,"progress":56}
[2024-11-29 11:12:41.095] [info]  Splash.onStateUpdate: {"status":"installing-updates","current":3,"total":6,"progress":56}
[2024-11-29 11:12:41.096] [info]  DiscordSplash.onStateUpdate: {"status":"installing-updates","current":3,"total":6,"progress":56}
[2024-11-29 11:12:41.096] [info]  Splash.onStateUpdate: {"status":"installing-updates","current":3,"total":6,"progress":56}
[2024-11-29 11:12:41.097] [info]  DiscordSplash.onStateUpdate: {"status":"installing-updates","current":3,"total":6,"progress":56}
[2024-11-29 11:12:41.097] [info]  Splash.onStateUpdate: {"status":"installing-updates","current":3,"total":6,"progress":56}
[2024-11-29 11:12:41.098] [info]  DiscordSplash.onStateUpdate: {"status":"installing-updates","current":3,"total":6,"progress":56}
[2024-11-29 11:12:41.098] [info]  Splash.onStateUpdate: {"status":"installing-updates","current":3,"total":6,"progress":56}
[2024-11-29 11:12:41.098] [info]  DiscordSplash.onStateUpdate: {"status":"installing-updates","current":3,"total":6,"progress":56}
[2024-11-29 11:12:41.098] [info]  Splash.onStateUpdate: {"status":"installing-updates","current":3,"total":6,"progress":56}
[2024-11-29 11:12:41.099] [info]  DiscordSplash.onStateUpdate: {"status":"installing-updates","current":3,"total":6,"progress":57}
[2024-11-29 11:12:41.099] [info]  Splash.onStateUpdate: {"status":"installing-updates","current":3,"total":6,"progress":57}
[2024-11-29 11:12:41.099] [info]  DiscordSplash.onStateUpdate: {"status":"installing-updates","current":3,"total":6,"progress":57}
[2024-11-29 11:12:41.099] [info]  Splash.onStateUpdate: {"status":"installing-updates","current":3,"total":6,"progress":57}
[2024-11-29 11:12:41.100] [info]  DiscordSplash.onStateUpdate: {"status":"installing-updates","current":3,"total":6,"progress":57}
[2024-11-29 11:12:41.100] [info]  Splash.onStateUpdate: {"status":"installing-updates","current":3,"total":6,"progress":57}
[2024-11-29 11:12:41.100] [info]  DiscordSplash.onStateUpdate: {"status":"installing-updates","current":3,"total":6,"progress":57}
[2024-11-29 11:12:41.100] [info]  Splash.onStateUpdate: {"status":"installing-updates","current":3,"total":6,"progress":57}
[2024-11-29 11:12:41.101] [info]  DiscordSplash.onStateUpdate: {"status":"installing-updates","current":3,"total":6,"progress":57}
[2024-11-29 11:12:41.101] [info]  Splash.onStateUpdate: {"status":"installing-updates","current":3,"total":6,"progress":57}
[2024-11-29 11:12:41.101] [info]  DiscordSplash.onStateUpdate: {"status":"installing-updates","current":3,"total":6,"progress":57}
[2024-11-29 11:12:41.101] [info]  Splash.onStateUpdate: {"status":"installing-updates","current":3,"total":6,"progress":57}
[2024-11-29 11:12:41.102] [info]  DiscordSplash.onStateUpdate: {"status":"installing-updates","current":3,"total":6,"progress":58}
[2024-11-29 11:12:41.102] [info]  Splash.onStateUpdate: {"status":"installing-updates","current":3,"total":6,"progress":58}
[2024-11-29 11:12:41.103] [info]  DiscordSplash.onStateUpdate: {"status":"installing-updates","current":3,"total":6,"progress":58}
[2024-11-29 11:12:41.103] [info]  Splash.onStateUpdate: {"status":"installing-updates","current":3,"total":6,"progress":58}
[2024-11-29 11:12:41.104] [info]  DiscordSplash.onStateUpdate: {"status":"installing-updates","current":3,"total":6,"progress":58}
[2024-11-29 11:12:41.104] [info]  Splash.onStateUpdate: {"status":"installing-updates","current":3,"total":6,"progress":58}
[2024-11-29 11:12:41.105] [info]  DiscordSplash.onStateUpdate: {"status":"installing-updates","current":3,"total":6,"progress":58}
[2024-11-29 11:12:41.105] [info]  Splash.onStateUpdate: {"status":"installing-updates","current":3,"total":6,"progress":58}
[2024-11-29 11:12:41.105] [info]  DiscordSplash.onStateUpdate: {"status":"installing-updates","current":3,"total":6,"progress":58}
[2024-11-29 11:12:41.105] [info]  Splash.onStateUpdate: {"status":"installing-updates","current":3,"total":6,"progress":58}
[2024-11-29 11:12:41.106] [info]  DiscordSplash.onStateUpdate: {"status":"installing-updates","current":3,"total":6,"progress":58}
[2024-11-29 11:12:41.106] [info]  Splash.onStateUpdate: {"status":"installing-updates","current":3,"total":6,"progress":58}
[2024-11-29 11:12:41.106] [info]  DiscordSplash.onStateUpdate: {"status":"installing-updates","current":3,"total":6,"progress":59}
[2024-11-29 11:12:41.106] [info]  Splash.onStateUpdate: {"status":"installing-updates","current":3,"total":6,"progress":59}
[2024-11-29 11:12:41.107] [info]  DiscordSplash.onStateUpdate: {"status":"installing-updates","current":3,"total":6,"progress":59}
[2024-11-29 11:12:41.107] [info]  Splash.onStateUpdate: {"status":"installing-updates","current":3,"total":6,"progress":59}
[2024-11-29 11:12:41.108] [info]  DiscordSplash.onStateUpdate: {"status":"installing-updates","current":3,"total":6,"progress":59}
[2024-11-29 11:12:41.108] [info]  Splash.onStateUpdate: {"status":"installing-updates","current":3,"total":6,"progress":59}
[2024-11-29 11:12:41.109] [info]  DiscordSplash.onStateUpdate: {"status":"installing-updates","current":3,"total":6,"progress":59}
[2024-11-29 11:12:41.109] [info]  Splash.onStateUpdate: {"status":"installing-updates","current":3,"total":6,"progress":59}
[2024-11-29 11:12:41.111] [info]  DiscordSplash.onStateUpdate: {"status":"installing-updates","current":3,"total":6,"progress":59}
[2024-11-29 11:12:41.111] [info]  Splash.onStateUpdate: {"status":"installing-updates","current":3,"total":6,"progress":59}
[2024-11-29 11:12:41.112] [info]  DiscordSplash.onStateUpdate: {"status":"installing-updates","current":3,"total":6,"progress":59}
[2024-11-29 11:12:41.112] [info]  Splash.onStateUpdate: {"status":"installing-updates","current":3,"total":6,"progress":59}
[2024-11-29 11:12:41.113] [info]  DiscordSplash.onStateUpdate: {"status":"installing-updates","current":3,"total":6,"progress":60}
[2024-11-29 11:12:41.113] [info]  Splash.onStateUpdate: {"status":"installing-updates","current":3,"total":6,"progress":60}
[2024-11-29 11:12:41.114] [info]  DiscordSplash.onStateUpdate: {"status":"installing-updates","current":3,"total":6,"progress":60}
[2024-11-29 11:12:41.114] [info]  Splash.onStateUpdate: {"status":"installing-updates","current":3,"total":6,"progress":60}
[2024-11-29 11:12:41.118] [info]  DiscordSplash.onStateUpdate: {"status":"installing-updates","current":3,"total":6,"progress":60}
[2024-11-29 11:12:41.118] [info]  Splash.onStateUpdate: {"status":"installing-updates","current":3,"total":6,"progress":60}
[2024-11-29 11:12:41.119] [info]  DiscordSplash.onStateUpdate: {"status":"installing-updates","current":3,"total":6,"progress":60}
[2024-11-29 11:12:41.119] [info]  Splash.onStateUpdate: {"status":"installing-updates","current":3,"total":6,"progress":60}
[2024-11-29 11:12:41.120] [info]  DiscordSplash.onStateUpdate: {"status":"installing-updates","current":3,"total":6,"progress":60}
[2024-11-29 11:12:41.120] [info]  Splash.onStateUpdate: {"status":"installing-updates","current":3,"total":6,"progress":60}
[2024-11-29 11:12:41.120] [info]  DiscordSplash.onStateUpdate: {"status":"installing-updates","current":3,"total":6,"progress":60}
[2024-11-29 11:12:41.120] [info]  Splash.onStateUpdate: {"status":"installing-updates","current":3,"total":6,"progress":60}
[2024-11-29 11:12:41.121] [info]  DiscordSplash.onStateUpdate: {"status":"installing-updates","current":3,"total":6,"progress":61}
[2024-11-29 11:12:41.121] [info]  Splash.onStateUpdate: {"status":"installing-updates","current":3,"total":6,"progress":61}
[2024-11-29 11:12:41.121] [info]  DiscordSplash.onStateUpdate: {"status":"installing-updates","current":3,"total":6,"progress":61}
[2024-11-29 11:12:41.121] [info]  Splash.onStateUpdate: {"status":"installing-updates","current":3,"total":6,"progress":61}
[2024-11-29 11:12:41.122] [info]  DiscordSplash.onStateUpdate: {"status":"installing-updates","current":3,"total":6,"progress":61}
[2024-11-29 11:12:41.122] [info]  Splash.onStateUpdate: {"status":"installing-updates","current":3,"total":6,"progress":61}
[2024-11-29 11:12:41.122] [info]  DiscordSplash.onStateUpdate: {"status":"installing-updates","current":3,"total":6,"progress":61}
[2024-11-29 11:12:41.122] [info]  Splash.onStateUpdate: {"status":"installing-updates","current":3,"total":6,"progress":61}
[2024-11-29 11:12:41.123] [info]  DiscordSplash.onStateUpdate: {"status":"installing-updates","current":3,"total":6,"progress":61}
[2024-11-29 11:12:41.123] [info]  Splash.onStateUpdate: {"status":"installing-updates","current":3,"total":6,"progress":61}
[2024-11-29 11:12:41.124] [info]  DiscordSplash.onStateUpdate: {"status":"installing-updates","current":3,"total":6,"progress":61}
[2024-11-29 11:12:41.124] [info]  Splash.onStateUpdate: {"status":"installing-updates","current":3,"total":6,"progress":61}
[2024-11-29 11:12:41.125] [info]  DiscordSplash.onStateUpdate: {"status":"installing-updates","current":3,"total":6,"progress":62}
[2024-11-29 11:12:41.125] [info]  Splash.onStateUpdate: {"status":"installing-updates","current":3,"total":6,"progress":62}
[2024-11-29 11:12:41.126] [info]  DiscordSplash.onStateUpdate: {"status":"installing-updates","current":3,"total":6,"progress":62}
[2024-11-29 11:12:41.126] [info]  Splash.onStateUpdate: {"status":"installing-updates","current":3,"total":6,"progress":62}
[2024-11-29 11:12:41.127] [info]  DiscordSplash.onStateUpdate: {"status":"installing-updates","current":3,"total":6,"progress":62}
[2024-11-29 11:12:41.127] [info]  Splash.onStateUpdate: {"status":"installing-updates","current":3,"total":6,"progress":62}
[2024-11-29 11:12:41.128] [info]  DiscordSplash.onStateUpdate: {"status":"installing-updates","current":3,"total":6,"progress":62}
[2024-11-29 11:12:41.128] [info]  Splash.onStateUpdate: {"status":"installing-updates","current":3,"total":6,"progress":62}
[2024-11-29 11:12:41.129] [info]  DiscordSplash.onStateUpdate: {"status":"installing-updates","current":3,"total":6,"progress":62}
[2024-11-29 11:12:41.129] [info]  Splash.onStateUpdate: {"status":"installing-updates","current":3,"total":6,"progress":62}
[2024-11-29 11:12:41.130] [info]  DiscordSplash.onStateUpdate: {"status":"installing-updates","current":3,"total":6,"progress":62}
[2024-11-29 11:12:41.130] [info]  Splash.onStateUpdate: {"status":"installing-updates","current":3,"total":6,"progress":62}
[2024-11-29 11:12:41.131] [info]  DiscordSplash.onStateUpdate: {"status":"installing-updates","current":3,"total":6,"progress":62}
[2024-11-29 11:12:41.131] [info]  Splash.onStateUpdate: {"status":"installing-updates","current":3,"total":6,"progress":62}
[2024-11-29 11:12:41.132] [info]  DiscordSplash.onStateUpdate: {"status":"installing-updates","current":3,"total":6,"progress":63}
[2024-11-29 11:12:41.132] [info]  Splash.onStateUpdate: {"status":"installing-updates","current":3,"total":6,"progress":63}
[2024-11-29 11:12:41.132] [info]  DiscordSplash.onStateUpdate: {"status":"installing-updates","current":3,"total":6,"progress":63}
[2024-11-29 11:12:41.132] [info]  Splash.onStateUpdate: {"status":"installing-updates","current":3,"total":6,"progress":63}
[2024-11-29 11:12:41.133] [info]  DiscordSplash.onStateUpdate: {"status":"installing-updates","current":3,"total":6,"progress":63}
[2024-11-29 11:12:41.133] [info]  Splash.onStateUpdate: {"status":"installing-updates","current":3,"total":6,"progress":63}
[2024-11-29 11:12:41.134] [info]  DiscordSplash.onStateUpdate: {"status":"installing-updates","current":3,"total":6,"progress":63}
[2024-11-29 11:12:41.134] [info]  Splash.onStateUpdate: {"status":"installing-updates","current":3,"total":6,"progress":63}
[2024-11-29 11:12:41.135] [info]  DiscordSplash.onStateUpdate: {"status":"installing-updates","current":3,"total":6,"progress":63}
[2024-11-29 11:12:41.135] [info]  Splash.onStateUpdate: {"status":"installing-updates","current":3,"total":6,"progress":63}
[2024-11-29 11:12:41.135] [info]  DiscordSplash.onStateUpdate: {"status":"installing-updates","current":3,"total":6,"progress":63}
[2024-11-29 11:12:41.136] [info]  Splash.onStateUpdate: {"status":"installing-updates","current":3,"total":6,"progress":63}
[2024-11-29 11:12:41.136] [info]  DiscordSplash.onStateUpdate: {"status":"installing-updates","current":3,"total":6,"progress":64}
[2024-11-29 11:12:41.136] [info]  Splash.onStateUpdate: {"status":"installing-updates","current":3,"total":6,"progress":64}
[2024-11-29 11:12:41.137] [info]  DiscordSplash.onStateUpdate: {"status":"installing-updates","current":3,"total":6,"progress":64}
[2024-11-29 11:12:41.138] [info]  Splash.onStateUpdate: {"status":"installing-updates","current":3,"total":6,"progress":64}
[2024-11-29 11:12:41.139] [info]  DiscordSplash.onStateUpdate: {"status":"installing-updates","current":3,"total":6,"progress":64}
[2024-11-29 11:12:41.139] [info]  Splash.onStateUpdate: {"status":"installing-updates","current":3,"total":6,"progress":64}
[2024-11-29 11:12:41.139] [info]  DiscordSplash.onStateUpdate: {"status":"installing-updates","current":3,"total":6,"progress":64}
[2024-11-29 11:12:41.139] [info]  Splash.onStateUpdate: {"status":"installing-updates","current":3,"total":6,"progress":64}
[2024-11-29 11:12:41.140] [info]  DiscordSplash.onStateUpdate: {"status":"installing-updates","current":3,"total":6,"progress":64}
[2024-11-29 11:12:41.140] [info]  Splash.onStateUpdate: {"status":"installing-updates","current":3,"total":6,"progress":64}
[2024-11-29 11:12:41.140] [info]  DiscordSplash.onStateUpdate: {"status":"installing-updates","current":3,"total":6,"progress":64}
[2024-11-29 11:12:41.140] [info]  Splash.onStateUpdate: {"status":"installing-updates","current":3,"total":6,"progress":64}
[2024-11-29 11:12:41.141] [info]  DiscordSplash.onStateUpdate: {"status":"installing-updates","current":3,"total":6,"progress":65}
[2024-11-29 11:12:41.141] [info]  Splash.onStateUpdate: {"status":"installing-updates","current":3,"total":6,"progress":65}
[2024-11-29 11:12:41.141] [info]  DiscordSplash.onStateUpdate: {"status":"installing-updates","current":3,"total":6,"progress":65}
[2024-11-29 11:12:41.141] [info]  Splash.onStateUpdate: {"status":"installing-updates","current":3,"total":6,"progress":65}
[2024-11-29 11:12:41.142] [info]  DiscordSplash.onStateUpdate: {"status":"installing-updates","current":3,"total":6,"progress":65}
[2024-11-29 11:12:41.142] [info]  Splash.onStateUpdate: {"status":"installing-updates","current":3,"total":6,"progress":65}
[2024-11-29 11:12:41.142] [info]  DiscordSplash.onStateUpdate: {"status":"installing-updates","current":3,"total":6,"progress":65}
[2024-11-29 11:12:41.142] [info]  Splash.onStateUpdate: {"status":"installing-updates","current":3,"total":6,"progress":65}
[2024-11-29 11:12:41.142] [info]  DiscordSplash.onStateUpdate: {"status":"installing-updates","current":3,"total":6,"progress":65}
[2024-11-29 11:12:41.143] [info]  Splash.onStateUpdate: {"status":"installing-updates","current":3,"total":6,"progress":65}
[2024-11-29 11:12:41.143] [info]  DiscordSplash.onStateUpdate: {"status":"installing-updates","current":3,"total":6,"progress":65}
[2024-11-29 11:12:41.143] [info]  Splash.onStateUpdate: {"status":"installing-updates","current":3,"total":6,"progress":65}
[2024-11-29 11:12:41.144] [info]  DiscordSplash.onStateUpdate: {"status":"installing-updates","current":3,"total":6,"progress":66}
[2024-11-29 11:12:41.144] [info]  Splash.onStateUpdate: {"status":"installing-updates","current":3,"total":6,"progress":66}
[2024-11-29 11:12:41.144] [info]  DiscordSplash.onStateUpdate: {"status":"installing-updates","current":3,"total":6,"progress":66}
[2024-11-29 11:12:41.144] [info]  Splash.onStateUpdate: {"status":"installing-updates","current":3,"total":6,"progress":66}
[2024-11-29 11:12:41.145] [info]  DiscordSplash.onStateUpdate: {"status":"installing-updates","current":3,"total":6,"progress":66}
[2024-11-29 11:12:41.145] [info]  Splash.onStateUpdate: {"status":"installing-updates","current":3,"total":6,"progress":66}
[2024-11-29 11:12:41.145] [info]  DiscordSplash.onStateUpdate: {"status":"installing-updates","current":3,"total":6,"progress":66}
[2024-11-29 11:12:41.146] [info]  Splash.onStateUpdate: {"status":"installing-updates","current":3,"total":6,"progress":66}
[2024-11-29 11:12:41.146] [info]  DiscordSplash.onStateUpdate: {"status":"installing-updates","current":3,"total":6,"progress":66}
[2024-11-29 11:12:41.146] [info]  Splash.onStateUpdate: {"status":"installing-updates","current":3,"total":6,"progress":66}
[2024-11-29 11:12:41.146] [info]  DiscordSplash.onStateUpdate: {"status":"installing-updates","current":3,"total":6,"progress":66}
[2024-11-29 11:12:41.146] [info]  Splash.onStateUpdate: {"status":"installing-updates","current":3,"total":6,"progress":66}
[2024-11-29 11:12:41.147] [info]  DiscordSplash.onStateUpdate: {"status":"installing-updates","current":3,"total":6,"progress":67}
[2024-11-29 11:12:41.147] [info]  Splash.onStateUpdate: {"status":"installing-updates","current":3,"total":6,"progress":67}
[2024-11-29 11:12:41.147] [info]  DiscordSplash.onStateUpdate: {"status":"installing-updates","current":3,"total":6,"progress":67}
[2024-11-29 11:12:41.147] [info]  Splash.onStateUpdate: {"status":"installing-updates","current":3,"total":6,"progress":67}
[2024-11-29 11:12:41.148] [info]  DiscordSplash.onStateUpdate: {"status":"installing-updates","current":3,"total":6,"progress":67}
[2024-11-29 11:12:41.148] [info]  Splash.onStateUpdate: {"status":"installing-updates","current":3,"total":6,"progress":67}
[2024-11-29 11:12:41.148] [info]  DiscordSplash.onStateUpdate: {"status":"installing-updates","current":3,"total":6,"progress":67}
[2024-11-29 11:12:41.148] [info]  Splash.onStateUpdate: {"status":"installing-updates","current":3,"total":6,"progress":67}
[2024-11-29 11:12:41.148] [info]  DiscordSplash.onStateUpdate: {"status":"installing-updates","current":3,"total":6,"progress":67}
[2024-11-29 11:12:41.149] [info]  Splash.onStateUpdate: {"status":"installing-updates","current":3,"total":6,"progress":67}
[2024-11-29 11:12:41.149] [info]  DiscordSplash.onStateUpdate: {"status":"installing-updates","current":3,"total":6,"progress":67}
[2024-11-29 11:12:41.149] [info]  Splash.onStateUpdate: {"status":"installing-updates","current":3,"total":6,"progress":67}
[2024-11-29 11:12:41.149] [info]  DiscordSplash.onStateUpdate: {"status":"installing-updates","current":3,"total":6,"progress":68}
[2024-11-29 11:12:41.149] [info]  Splash.onStateUpdate: {"status":"installing-updates","current":3,"total":6,"progress":68}
[2024-11-29 11:12:41.150] [info]  DiscordSplash.onStateUpdate: {"status":"installing-updates","current":3,"total":6,"progress":68}
[2024-11-29 11:12:41.150] [info]  Splash.onStateUpdate: {"status":"installing-updates","current":3,"total":6,"progress":68}
[2024-11-29 11:12:41.150] [info]  DiscordSplash.onStateUpdate: {"status":"installing-updates","current":3,"total":6,"progress":68}
[2024-11-29 11:12:41.151] [info]  Splash.onStateUpdate: {"status":"installing-updates","current":3,"total":6,"progress":68}
[2024-11-29 11:12:41.151] [info]  DiscordSplash.onStateUpdate: {"status":"installing-updates","current":3,"total":6,"progress":68}
[2024-11-29 11:12:41.151] [info]  Splash.onStateUpdate: {"status":"installing-updates","current":3,"total":6,"progress":68}
[2024-11-29 11:12:41.152] [info]  DiscordSplash.onStateUpdate: {"status":"installing-updates","current":3,"total":6,"progress":68}
[2024-11-29 11:12:41.152] [info]  Splash.onStateUpdate: {"status":"installing-updates","current":3,"total":6,"progress":68}
[2024-11-29 11:12:41.152] [info]  DiscordSplash.onStateUpdate: {"status":"installing-updates","current":3,"total":6,"progress":68}
[2024-11-29 11:12:41.152] [info]  Splash.onStateUpdate: {"status":"installing-updates","current":3,"total":6,"progress":68}
[2024-11-29 11:12:41.153] [info]  DiscordSplash.onStateUpdate: {"status":"installing-updates","current":3,"total":6,"progress":68}
[2024-11-29 11:12:41.153] [info]  Splash.onStateUpdate: {"status":"installing-updates","current":3,"total":6,"progress":68}
[2024-11-29 11:12:41.153] [info]  DiscordSplash.onStateUpdate: {"status":"installing-updates","current":3,"total":6,"progress":69}
[2024-11-29 11:12:41.153] [info]  Splash.onStateUpdate: {"status":"installing-updates","current":3,"total":6,"progress":69}
[2024-11-29 11:12:41.154] [info]  DiscordSplash.onStateUpdate: {"status":"installing-updates","current":3,"total":6,"progress":69}
[2024-11-29 11:12:41.154] [info]  Splash.onStateUpdate: {"status":"installing-updates","current":3,"total":6,"progress":69}
[2024-11-29 11:12:41.154] [info]  DiscordSplash.onStateUpdate: {"status":"installing-updates","current":3,"total":6,"progress":69}
[2024-11-29 11:12:41.155] [info]  Splash.onStateUpdate: {"status":"installing-updates","current":3,"total":6,"progress":69}
[2024-11-29 11:12:41.155] [info]  DiscordSplash.onStateUpdate: {"status":"installing-updates","current":3,"total":6,"progress":69}
[2024-11-29 11:12:41.155] [info]  Splash.onStateUpdate: {"status":"installing-updates","current":3,"total":6,"progress":69}
[2024-11-29 11:12:41.155] [info]  DiscordSplash.onStateUpdate: {"status":"installing-updates","current":3,"total":6,"progress":69}
[2024-11-29 11:12:41.156] [info]  Splash.onStateUpdate: {"status":"installing-updates","current":3,"total":6,"progress":69}
[2024-11-29 11:12:41.156] [info]  DiscordSplash.onStateUpdate: {"status":"installing-updates","current":3,"total":6,"progress":69}
[2024-11-29 11:12:41.156] [info]  Splash.onStateUpdate: {"status":"installing-updates","current":3,"total":6,"progress":69}
[2024-11-29 11:12:41.156] [info]  DiscordSplash.onStateUpdate: {"status":"installing-updates","current":3,"total":6,"progress":70}
[2024-11-29 11:12:41.156] [info]  Splash.onStateUpdate: {"status":"installing-updates","current":3,"total":6,"progress":70}
[2024-11-29 11:12:41.157] [info]  DiscordSplash.onStateUpdate: {"status":"installing-updates","current":3,"total":6,"progress":70}
[2024-11-29 11:12:41.157] [info]  Splash.onStateUpdate: {"status":"installing-updates","current":3,"total":6,"progress":70}
[2024-11-29 11:12:41.158] [info]  DiscordSplash.onStateUpdate: {"status":"installing-updates","current":3,"total":6,"progress":70}
[2024-11-29 11:12:41.158] [info]  Splash.onStateUpdate: {"status":"installing-updates","current":3,"total":6,"progress":70}
[2024-11-29 11:12:41.158] [info]  DiscordSplash.onStateUpdate: {"status":"installing-updates","current":3,"total":6,"progress":70}
[2024-11-29 11:12:41.158] [info]  Splash.onStateUpdate: {"status":"installing-updates","current":3,"total":6,"progress":70}
[2024-11-29 11:12:41.159] [info]  DiscordSplash.onStateUpdate: {"status":"installing-updates","current":3,"total":6,"progress":70}
[2024-11-29 11:12:41.159] [info]  Splash.onStateUpdate: {"status":"installing-updates","current":3,"total":6,"progress":70}
[2024-11-29 11:12:41.159] [info]  DiscordSplash.onStateUpdate: {"status":"installing-updates","current":3,"total":6,"progress":70}
[2024-11-29 11:12:41.159] [info]  Splash.onStateUpdate: {"status":"installing-updates","current":3,"total":6,"progress":70}
[2024-11-29 11:12:41.160] [info]  DiscordSplash.onStateUpdate: {"status":"installing-updates","current":3,"total":6,"progress":71}
[2024-11-29 11:12:41.160] [info]  Splash.onStateUpdate: {"status":"installing-updates","current":3,"total":6,"progress":71}
[2024-11-29 11:12:41.160] [info]  DiscordSplash.onStateUpdate: {"status":"installing-updates","current":3,"total":6,"progress":71}
[2024-11-29 11:12:41.160] [info]  Splash.onStateUpdate: {"status":"installing-updates","current":3,"total":6,"progress":71}
[2024-11-29 11:12:41.161] [info]  DiscordSplash.onStateUpdate: {"status":"installing-updates","current":3,"total":6,"progress":71}
[2024-11-29 11:12:41.161] [info]  Splash.onStateUpdate: {"status":"installing-updates","current":3,"total":6,"progress":71}
[2024-11-29 11:12:41.161] [info]  DiscordSplash.onStateUpdate: {"status":"installing-updates","current":3,"total":6,"progress":71}
[2024-11-29 11:12:41.161] [info]  Splash.onStateUpdate: {"status":"installing-updates","current":3,"total":6,"progress":71}
[2024-11-29 11:12:41.162] [info]  DiscordSplash.onStateUpdate: {"status":"installing-updates","current":3,"total":6,"progress":71}
[2024-11-29 11:12:41.162] [info]  Splash.onStateUpdate: {"status":"installing-updates","current":3,"total":6,"progress":71}
[2024-11-29 11:12:41.162] [info]  DiscordSplash.onStateUpdate: {"status":"installing-updates","current":3,"total":6,"progress":71}
[2024-11-29 11:12:41.162] [info]  Splash.onStateUpdate: {"status":"installing-updates","current":3,"total":6,"progress":71}
[2024-11-29 11:12:41.162] [info]  DiscordSplash.onStateUpdate: {"status":"installing-updates","current":3,"total":6,"progress":72}
[2024-11-29 11:12:41.163] [info]  Splash.onStateUpdate: {"status":"installing-updates","current":3,"total":6,"progress":72}
[2024-11-29 11:12:41.163] [info]  DiscordSplash.onStateUpdate: {"status":"installing-updates","current":3,"total":6,"progress":72}
[2024-11-29 11:12:41.163] [info]  Splash.onStateUpdate: {"status":"installing-updates","current":3,"total":6,"progress":72}
[2024-11-29 11:12:41.163] [info]  DiscordSplash.onStateUpdate: {"status":"installing-updates","current":3,"total":6,"progress":72}
[2024-11-29 11:12:41.164] [info]  Splash.onStateUpdate: {"status":"installing-updates","current":3,"total":6,"progress":72}
[2024-11-29 11:12:41.164] [info]  DiscordSplash.onStateUpdate: {"status":"installing-updates","current":3,"total":6,"progress":72}
[2024-11-29 11:12:41.164] [info]  Splash.onStateUpdate: {"status":"installing-updates","current":3,"total":6,"progress":72}
[2024-11-29 11:12:41.165] [info]  DiscordSplash.onStateUpdate: {"status":"installing-updates","current":3,"total":6,"progress":72}
[2024-11-29 11:12:41.165] [info]  Splash.onStateUpdate: {"status":"installing-updates","current":3,"total":6,"progress":72}
[2024-11-29 11:12:41.166] [info]  DiscordSplash.onStateUpdate: {"status":"installing-updates","current":3,"total":6,"progress":72}
[2024-11-29 11:12:41.166] [info]  Splash.onStateUpdate: {"status":"installing-updates","current":3,"total":6,"progress":72}
[2024-11-29 11:12:41.167] [info]  DiscordSplash.onStateUpdate: {"status":"installing-updates","current":3,"total":6,"progress":73}
[2024-11-29 11:12:41.167] [info]  Splash.onStateUpdate: {"status":"installing-updates","current":3,"total":6,"progress":73}
[2024-11-29 11:12:41.167] [info]  DiscordSplash.onStateUpdate: {"status":"installing-updates","current":3,"total":6,"progress":73}
[2024-11-29 11:12:41.168] [info]  Splash.onStateUpdate: {"status":"installing-updates","current":3,"total":6,"progress":73}
[2024-11-29 11:12:41.168] [info]  DiscordSplash.onStateUpdate: {"status":"installing-updates","current":3,"total":6,"progress":73}
[2024-11-29 11:12:41.168] [info]  Splash.onStateUpdate: {"status":"installing-updates","current":3,"total":6,"progress":73}
[2024-11-29 11:12:41.169] [info]  DiscordSplash.onStateUpdate: {"status":"installing-updates","current":3,"total":6,"progress":73}
[2024-11-29 11:12:41.170] [info]  Splash.onStateUpdate: {"status":"installing-updates","current":3,"total":6,"progress":73}
[2024-11-29 11:12:41.170] [info]  DiscordSplash.onStateUpdate: {"status":"installing-updates","current":3,"total":6,"progress":73}
[2024-11-29 11:12:41.170] [info]  Splash.onStateUpdate: {"status":"installing-updates","current":3,"total":6,"progress":73}
[2024-11-29 11:12:41.171] [info]  DiscordSplash.onStateUpdate: {"status":"installing-updates","current":3,"total":6,"progress":73}
[2024-11-29 11:12:41.171] [info]  Splash.onStateUpdate: {"status":"installing-updates","current":3,"total":6,"progress":73}
[2024-11-29 11:12:41.171] [info]  DiscordSplash.onStateUpdate: {"status":"installing-updates","current":3,"total":6,"progress":74}
[2024-11-29 11:12:41.171] [info]  Splash.onStateUpdate: {"status":"installing-updates","current":3,"total":6,"progress":74}
[2024-11-29 11:12:41.172] [info]  DiscordSplash.onStateUpdate: {"status":"installing-updates","current":3,"total":6,"progress":74}
[2024-11-29 11:12:41.172] [info]  Splash.onStateUpdate: {"status":"installing-updates","current":3,"total":6,"progress":74}
[2024-11-29 11:12:41.173] [info]  DiscordSplash.onStateUpdate: {"status":"installing-updates","current":3,"total":6,"progress":74}
[2024-11-29 11:12:41.173] [info]  Splash.onStateUpdate: {"status":"installing-updates","current":3,"total":6,"progress":74}
[2024-11-29 11:12:41.174] [info]  DiscordSplash.onStateUpdate: {"status":"installing-updates","current":3,"total":6,"progress":74}
[2024-11-29 11:12:41.174] [info]  Splash.onStateUpdate: {"status":"installing-updates","current":3,"total":6,"progress":74}
[2024-11-29 11:12:41.174] [info]  DiscordSplash.onStateUpdate: {"status":"installing-updates","current":3,"total":6,"progress":74}
[2024-11-29 11:12:41.174] [info]  Splash.onStateUpdate: {"status":"installing-updates","current":3,"total":6,"progress":74}
[2024-11-29 11:12:41.175] [info]  DiscordSplash.onStateUpdate: {"status":"installing-updates","current":3,"total":6,"progress":74}
[2024-11-29 11:12:41.175] [info]  Splash.onStateUpdate: {"status":"installing-updates","current":3,"total":6,"progress":74}
[2024-11-29 11:12:41.175] [info]  DiscordSplash.onStateUpdate: {"status":"installing-updates","current":3,"total":6,"progress":75}
[2024-11-29 11:12:41.175] [info]  Splash.onStateUpdate: {"status":"installing-updates","current":3,"total":6,"progress":75}
[2024-11-29 11:12:41.176] [info]  DiscordSplash.onStateUpdate: {"status":"installing-updates","current":3,"total":6,"progress":75}
[2024-11-29 11:12:41.176] [info]  Splash.onStateUpdate: {"status":"installing-updates","current":3,"total":6,"progress":75}
[2024-11-29 11:12:41.176] [info]  DiscordSplash.onStateUpdate: {"status":"installing-updates","current":3,"total":6,"progress":75}
[2024-11-29 11:12:41.176] [info]  Splash.onStateUpdate: {"status":"installing-updates","current":3,"total":6,"progress":75}
[2024-11-29 11:12:41.177] [info]  DiscordSplash.onStateUpdate: {"status":"installing-updates","current":3,"total":6,"progress":75}
[2024-11-29 11:12:41.177] [info]  Splash.onStateUpdate: {"status":"installing-updates","current":3,"total":6,"progress":75}
[2024-11-29 11:12:41.177] [info]  DiscordSplash.onStateUpdate: {"status":"installing-updates","current":3,"total":6,"progress":75}
[2024-11-29 11:12:41.177] [info]  Splash.onStateUpdate: {"status":"installing-updates","current":3,"total":6,"progress":75}
[2024-11-29 11:12:41.178] [info]  DiscordSplash.onStateUpdate: {"status":"installing-updates","current":3,"total":6,"progress":75}
[2024-11-29 11:12:41.178] [info]  Splash.onStateUpdate: {"status":"installing-updates","current":3,"total":6,"progress":75}
[2024-11-29 11:12:41.178] [info]  DiscordSplash.onStateUpdate: {"status":"installing-updates","current":3,"total":6,"progress":75}
[2024-11-29 11:12:41.179] [info]  Splash.onStateUpdate: {"status":"installing-updates","current":3,"total":6,"progress":75}
[2024-11-29 11:12:41.179] [info]  DiscordSplash.onStateUpdate: {"status":"installing-updates","current":3,"total":6,"progress":76}
[2024-11-29 11:12:41.179] [info]  Splash.onStateUpdate: {"status":"installing-updates","current":3,"total":6,"progress":76}
[2024-11-29 11:12:41.179] [info]  DiscordSplash.onStateUpdate: {"status":"installing-updates","current":3,"total":6,"progress":76}
[2024-11-29 11:12:41.180] [info]  Splash.onStateUpdate: {"status":"installing-updates","current":3,"total":6,"progress":76}
[2024-11-29 11:12:41.181] [info]  DiscordSplash.onStateUpdate: {"status":"installing-updates","current":3,"total":6,"progress":76}
[2024-11-29 11:12:41.181] [info]  Splash.onStateUpdate: {"status":"installing-updates","current":3,"total":6,"progress":76}
[2024-11-29 11:12:41.181] [info]  DiscordSplash.onStateUpdate: {"status":"installing-updates","current":3,"total":6,"progress":76}
[2024-11-29 11:12:41.181] [info]  Splash.onStateUpdate: {"status":"installing-updates","current":3,"total":6,"progress":76}
[2024-11-29 11:12:41.181] [info]  DiscordSplash.onStateUpdate: {"status":"installing-updates","current":3,"total":6,"progress":76}
[2024-11-29 11:12:41.181] [info]  Splash.onStateUpdate: {"status":"installing-updates","current":3,"total":6,"progress":76}
[2024-11-29 11:12:41.182] [info]  DiscordSplash.onStateUpdate: {"status":"installing-updates","current":3,"total":6,"progress":76}
[2024-11-29 11:12:41.182] [info]  Splash.onStateUpdate: {"status":"installing-updates","current":3,"total":6,"progress":76}
[2024-11-29 11:12:41.182] [info]  DiscordSplash.onStateUpdate: {"status":"installing-updates","current":3,"total":6,"progress":77}
[2024-11-29 11:12:41.182] [info]  Splash.onStateUpdate: {"status":"installing-updates","current":3,"total":6,"progress":77}
[2024-11-29 11:12:41.183] [info]  DiscordSplash.onStateUpdate: {"status":"installing-updates","current":3,"total":6,"progress":77}
[2024-11-29 11:12:41.183] [info]  Splash.onStateUpdate: {"status":"installing-updates","current":3,"total":6,"progress":77}
[2024-11-29 11:12:41.183] [info]  DiscordSplash.onStateUpdate: {"status":"installing-updates","current":3,"total":6,"progress":77}
[2024-11-29 11:12:41.183] [info]  Splash.onStateUpdate: {"status":"installing-updates","current":3,"total":6,"progress":77}
[2024-11-29 11:12:41.183] [info]  DiscordSplash.onStateUpdate: {"status":"installing-updates","current":3,"total":6,"progress":77}
[2024-11-29 11:12:41.184] [info]  Splash.onStateUpdate: {"status":"installing-updates","current":3,"total":6,"progress":77}
[2024-11-29 11:12:41.184] [info]  DiscordSplash.onStateUpdate: {"status":"installing-updates","current":3,"total":6,"progress":77}
[2024-11-29 11:12:41.184] [info]  Splash.onStateUpdate: {"status":"installing-updates","current":3,"total":6,"progress":77}
[2024-11-29 11:12:41.184] [info]  DiscordSplash.onStateUpdate: {"status":"installing-updates","current":3,"total":6,"progress":77}
[2024-11-29 11:12:41.185] [info]  Splash.onStateUpdate: {"status":"installing-updates","current":3,"total":6,"progress":77}
[2024-11-29 11:12:41.185] [info]  DiscordSplash.onStateUpdate: {"status":"installing-updates","current":3,"total":6,"progress":78}
[2024-11-29 11:12:41.185] [info]  Splash.onStateUpdate: {"status":"installing-updates","current":3,"total":6,"progress":78}
[2024-11-29 11:12:41.185] [info]  DiscordSplash.onStateUpdate: {"status":"installing-updates","current":3,"total":6,"progress":78}
[2024-11-29 11:12:41.185] [info]  Splash.onStateUpdate: {"status":"installing-updates","current":3,"total":6,"progress":78}
[2024-11-29 11:12:41.186] [info]  DiscordSplash.onStateUpdate: {"status":"installing-updates","current":3,"total":6,"progress":78}
[2024-11-29 11:12:41.186] [info]  Splash.onStateUpdate: {"status":"installing-updates","current":3,"total":6,"progress":78}
[2024-11-29 11:12:41.187] [info]  DiscordSplash.onStateUpdate: {"status":"installing-updates","current":3,"total":6,"progress":78}
[2024-11-29 11:12:41.187] [info]  Splash.onStateUpdate: {"status":"installing-updates","current":3,"total":6,"progress":78}
[2024-11-29 11:12:41.188] [info]  DiscordSplash.onStateUpdate: {"status":"installing-updates","current":3,"total":6,"progress":78}
[2024-11-29 11:12:41.188] [info]  Splash.onStateUpdate: {"status":"installing-updates","current":3,"total":6,"progress":78}
[2024-11-29 11:12:41.189] [info]  DiscordSplash.onStateUpdate: {"status":"installing-updates","current":3,"total":6,"progress":78}
[2024-11-29 11:12:41.189] [info]  Splash.onStateUpdate: {"status":"installing-updates","current":3,"total":6,"progress":78}
[2024-11-29 11:12:41.190] [info]  DiscordSplash.onStateUpdate: {"status":"installing-updates","current":3,"total":6,"progress":79}
[2024-11-29 11:12:41.190] [info]  Splash.onStateUpdate: {"status":"installing-updates","current":3,"total":6,"progress":79}
[2024-11-29 11:12:41.190] [info]  DiscordSplash.onStateUpdate: {"status":"installing-updates","current":3,"total":6,"progress":79}
[2024-11-29 11:12:41.191] [info]  Splash.onStateUpdate: {"status":"installing-updates","current":3,"total":6,"progress":79}
[2024-11-29 11:12:41.191] [info]  DiscordSplash.onStateUpdate: {"status":"installing-updates","current":3,"total":6,"progress":79}
[2024-11-29 11:12:41.191] [info]  Splash.onStateUpdate: {"status":"installing-updates","current":3,"total":6,"progress":79}
[2024-11-29 11:12:41.192] [info]  DiscordSplash.onStateUpdate: {"status":"installing-updates","current":3,"total":6,"progress":79}
[2024-11-29 11:12:41.192] [info]  Splash.onStateUpdate: {"status":"installing-updates","current":3,"total":6,"progress":79}
[2024-11-29 11:12:41.192] [info]  DiscordSplash.onStateUpdate: {"status":"installing-updates","current":3,"total":6,"progress":79}
[2024-11-29 11:12:41.193] [info]  Splash.onStateUpdate: {"status":"installing-updates","current":3,"total":6,"progress":79}
[2024-11-29 11:12:41.193] [info]  DiscordSplash.onStateUpdate: {"status":"installing-updates","current":3,"total":6,"progress":79}
[2024-11-29 11:12:41.193] [info]  Splash.onStateUpdate: {"status":"installing-updates","current":3,"total":6,"progress":79}
[2024-11-29 11:12:41.194] [info]  DiscordSplash.onStateUpdate: {"status":"installing-updates","current":3,"total":6,"progress":80}
[2024-11-29 11:12:41.194] [info]  Splash.onStateUpdate: {"status":"installing-updates","current":3,"total":6,"progress":80}
[2024-11-29 11:12:41.195] [info]  DiscordSplash.onStateUpdate: {"status":"installing-updates","current":3,"total":6,"progress":80}
[2024-11-29 11:12:41.195] [info]  Splash.onStateUpdate: {"status":"installing-updates","current":3,"total":6,"progress":80}
[2024-11-29 11:12:41.196] [info]  DiscordSplash.onStateUpdate: {"status":"installing-updates","current":3,"total":6,"progress":80}
[2024-11-29 11:12:41.196] [info]  Splash.onStateUpdate: {"status":"installing-updates","current":3,"total":6,"progress":80}
[2024-11-29 11:12:41.196] [info]  DiscordSplash.onStateUpdate: {"status":"installing-updates","current":3,"total":6,"progress":80}
[2024-11-29 11:12:41.197] [info]  Splash.onStateUpdate: {"status":"installing-updates","current":3,"total":6,"progress":80}
[2024-11-29 11:12:41.197] [info]  DiscordSplash.onStateUpdate: {"status":"installing-updates","current":3,"total":6,"progress":80}
[2024-11-29 11:12:41.197] [info]  Splash.onStateUpdate: {"status":"installing-updates","current":3,"total":6,"progress":80}
[2024-11-29 11:12:41.198] [info]  DiscordSplash.onStateUpdate: {"status":"installing-updates","current":3,"total":6,"progress":80}
[2024-11-29 11:12:41.198] [info]  Splash.onStateUpdate: {"status":"installing-updates","current":3,"total":6,"progress":80}
[2024-11-29 11:12:41.200] [info]  DiscordSplash.onStateUpdate: {"status":"installing-updates","current":3,"total":6,"progress":81}
[2024-11-29 11:12:41.200] [info]  Splash.onStateUpdate: {"status":"installing-updates","current":3,"total":6,"progress":81}
[2024-11-29 11:12:41.200] [info]  DiscordSplash.onStateUpdate: {"status":"installing-updates","current":3,"total":6,"progress":81}
[2024-11-29 11:12:41.201] [info]  Splash.onStateUpdate: {"status":"installing-updates","current":3,"total":6,"progress":81}
[2024-11-29 11:12:41.201] [info]  DiscordSplash.onStateUpdate: {"status":"installing-updates","current":3,"total":6,"progress":81}
[2024-11-29 11:12:41.202] [info]  Splash.onStateUpdate: {"status":"installing-updates","current":3,"total":6,"progress":81}
[2024-11-29 11:12:41.202] [info]  DiscordSplash.onStateUpdate: {"status":"installing-updates","current":3,"total":6,"progress":81}
[2024-11-29 11:12:41.202] [info]  Splash.onStateUpdate: {"status":"installing-updates","current":3,"total":6,"progress":81}
[2024-11-29 11:12:41.203] [info]  DiscordSplash.onStateUpdate: {"status":"installing-updates","current":3,"total":6,"progress":81}
[2024-11-29 11:12:41.203] [info]  Splash.onStateUpdate: {"status":"installing-updates","current":3,"total":6,"progress":81}
[2024-11-29 11:12:41.204] [info]  DiscordSplash.onStateUpdate: {"status":"installing-updates","current":3,"total":6,"progress":81}
[2024-11-29 11:12:41.204] [info]  Splash.onStateUpdate: {"status":"installing-updates","current":3,"total":6,"progress":81}
[2024-11-29 11:12:41.205] [info]  DiscordSplash.onStateUpdate: {"status":"installing-updates","current":3,"total":6,"progress":81}
[2024-11-29 11:12:41.205] [info]  Splash.onStateUpdate: {"status":"installing-updates","current":3,"total":6,"progress":81}
[2024-11-29 11:12:41.208] [info]  DiscordSplash.onStateUpdate: {"status":"installing-updates","current":3,"total":6,"progress":82}
[2024-11-29 11:12:41.208] [info]  Splash.onStateUpdate: {"status":"installing-updates","current":3,"total":6,"progress":82}
[2024-11-29 11:12:41.209] [info]  DiscordSplash.onStateUpdate: {"status":"installing-updates","current":3,"total":6,"progress":82}
[2024-11-29 11:12:41.210] [info]  Splash.onStateUpdate: {"status":"installing-updates","current":3,"total":6,"progress":82}
[2024-11-29 11:12:41.210] [info]  DiscordSplash.onStateUpdate: {"status":"installing-updates","current":3,"total":6,"progress":82}
[2024-11-29 11:12:41.210] [info]  Splash.onStateUpdate: {"status":"installing-updates","current":3,"total":6,"progress":82}
[2024-11-29 11:12:41.211] [info]  DiscordSplash.onStateUpdate: {"status":"installing-updates","current":3,"total":6,"progress":82}
[2024-11-29 11:12:41.212] [info]  Splash.onStateUpdate: {"status":"installing-updates","current":3,"total":6,"progress":82}
[2024-11-29 11:12:41.212] [info]  DiscordSplash.onStateUpdate: {"status":"installing-updates","current":3,"total":6,"progress":82}
[2024-11-29 11:12:41.213] [info]  Splash.onStateUpdate: {"status":"installing-updates","current":3,"total":6,"progress":82}
[2024-11-29 11:12:41.213] [info]  DiscordSplash.onStateUpdate: {"status":"installing-updates","current":3,"total":6,"progress":82}
[2024-11-29 11:12:41.214] [info]  Splash.onStateUpdate: {"status":"installing-updates","current":3,"total":6,"progress":82}
[2024-11-29 11:12:41.215] [info]  DiscordSplash.onStateUpdate: {"status":"installing-updates","current":3,"total":6,"progress":83}
[2024-11-29 11:12:41.215] [info]  Splash.onStateUpdate: {"status":"installing-updates","current":3,"total":6,"progress":83}
[2024-11-29 11:12:41.215] [info]  DiscordSplash.onStateUpdate: {"status":"installing-updates","current":3,"total":6,"progress":83}
[2024-11-29 11:12:41.216] [info]  Splash.onStateUpdate: {"status":"installing-updates","current":3,"total":6,"progress":83}
[2024-11-29 11:12:41.216] [info]  DiscordSplash.onStateUpdate: {"status":"installing-updates","current":3,"total":6,"progress":83}
[2024-11-29 11:12:41.217] [info]  Splash.onStateUpdate: {"status":"installing-updates","current":3,"total":6,"progress":83}
[2024-11-29 11:12:41.217] [info]  DiscordSplash.onStateUpdate: {"status":"installing-updates","current":3,"total":6,"progress":83}
[2024-11-29 11:12:41.217] [info]  Splash.onStateUpdate: {"status":"installing-updates","current":3,"total":6,"progress":83}
[2024-11-29 11:12:41.218] [info]  DiscordSplash.onStateUpdate: {"status":"installing-updates","current":3,"total":6,"progress":83}
[2024-11-29 11:12:41.218] [info]  Splash.onStateUpdate: {"status":"installing-updates","current":3,"total":6,"progress":83}
[2024-11-29 11:12:41.219] [info]  DiscordSplash.onStateUpdate: {"status":"installing-updates","current":3,"total":6,"progress":83}
[2024-11-29 11:12:41.219] [info]  Splash.onStateUpdate: {"status":"installing-updates","current":3,"total":6,"progress":83}
[2024-11-29 11:12:41.220] [info]  DiscordSplash.onStateUpdate: {"status":"installing-updates","current":3,"total":6,"progress":84}
[2024-11-29 11:12:41.221] [info]  Splash.onStateUpdate: {"status":"installing-updates","current":3,"total":6,"progress":84}
[2024-11-29 11:12:41.221] [info]  DiscordSplash.onStateUpdate: {"status":"installing-updates","current":3,"total":6,"progress":84}
[2024-11-29 11:12:41.221] [info]  Splash.onStateUpdate: {"status":"installing-updates","current":3,"total":6,"progress":84}
[2024-11-29 11:12:41.222] [info]  DiscordSplash.onStateUpdate: {"status":"installing-updates","current":3,"total":6,"progress":84}
[2024-11-29 11:12:41.222] [info]  Splash.onStateUpdate: {"status":"installing-updates","current":3,"total":6,"progress":84}
[2024-11-29 11:12:41.222] [info]  DiscordSplash.onStateUpdate: {"status":"installing-updates","current":3,"total":6,"progress":84}
[2024-11-29 11:12:41.222] [info]  Splash.onStateUpdate: {"status":"installing-updates","current":3,"total":6,"progress":84}
[2024-11-29 11:12:41.223] [info]  DiscordSplash.onStateUpdate: {"status":"installing-updates","current":3,"total":6,"progress":84}
[2024-11-29 11:12:41.223] [info]  Splash.onStateUpdate: {"status":"installing-updates","current":3,"total":6,"progress":84}
[2024-11-29 11:12:41.223] [info]  DiscordSplash.onStateUpdate: {"status":"installing-updates","current":3,"total":6,"progress":84}
[2024-11-29 11:12:41.223] [info]  Splash.onStateUpdate: {"status":"installing-updates","current":3,"total":6,"progress":84}
[2024-11-29 11:12:41.223] [info]  DiscordSplash.onStateUpdate: {"status":"installing-updates","current":3,"total":6,"progress":85}
[2024-11-29 11:12:41.223] [info]  Splash.onStateUpdate: {"status":"installing-updates","current":3,"total":6,"progress":85}
[2024-11-29 11:12:41.224] [info]  DiscordSplash.onStateUpdate: {"status":"installing-updates","current":3,"total":6,"progress":85}
[2024-11-29 11:12:41.224] [info]  Splash.onStateUpdate: {"status":"installing-updates","current":3,"total":6,"progress":85}
[2024-11-29 11:12:41.224] [info]  DiscordSplash.onStateUpdate: {"status":"installing-updates","current":3,"total":6,"progress":85}
[2024-11-29 11:12:41.224] [info]  Splash.onStateUpdate: {"status":"installing-updates","current":3,"total":6,"progress":85}
[2024-11-29 11:12:41.225] [info]  DiscordSplash.onStateUpdate: {"status":"installing-updates","current":3,"total":6,"progress":85}
[2024-11-29 11:12:41.225] [info]  Splash.onStateUpdate: {"status":"installing-updates","current":3,"total":6,"progress":85}
[2024-11-29 11:12:41.225] [info]  DiscordSplash.onStateUpdate: {"status":"installing-updates","current":3,"total":6,"progress":85}
[2024-11-29 11:12:41.225] [info]  Splash.onStateUpdate: {"status":"installing-updates","current":3,"total":6,"progress":85}
[2024-11-29 11:12:41.226] [info]  DiscordSplash.onStateUpdate: {"status":"installing-updates","current":3,"total":6,"progress":85}
[2024-11-29 11:12:41.226] [info]  Splash.onStateUpdate: {"status":"installing-updates","current":3,"total":6,"progress":85}
[2024-11-29 11:12:41.226] [info]  DiscordSplash.onStateUpdate: {"status":"installing-updates","current":3,"total":6,"progress":86}
[2024-11-29 11:12:41.226] [info]  Splash.onStateUpdate: {"status":"installing-updates","current":3,"total":6,"progress":86}
[2024-11-29 11:12:41.227] [info]  DiscordSplash.onStateUpdate: {"status":"installing-updates","current":3,"total":6,"progress":86}
[2024-11-29 11:12:41.227] [info]  Splash.onStateUpdate: {"status":"installing-updates","current":3,"total":6,"progress":86}
[2024-11-29 11:12:41.227] [info]  DiscordSplash.onStateUpdate: {"status":"installing-updates","current":3,"total":6,"progress":86}
[2024-11-29 11:12:41.227] [info]  Splash.onStateUpdate: {"status":"installing-updates","current":3,"total":6,"progress":86}
[2024-11-29 11:12:41.228] [info]  DiscordSplash.onStateUpdate: {"status":"installing-updates","current":3,"total":6,"progress":86}
[2024-11-29 11:12:41.228] [info]  Splash.onStateUpdate: {"status":"installing-updates","current":3,"total":6,"progress":86}
[2024-11-29 11:12:41.228] [info]  DiscordSplash.onStateUpdate: {"status":"installing-updates","current":3,"total":6,"progress":86}
[2024-11-29 11:12:41.228] [info]  Splash.onStateUpdate: {"status":"installing-updates","current":3,"total":6,"progress":86}
[2024-11-29 11:12:41.229] [info]  DiscordSplash.onStateUpdate: {"status":"installing-updates","current":3,"total":6,"progress":86}
[2024-11-29 11:12:41.229] [info]  Splash.onStateUpdate: {"status":"installing-updates","current":3,"total":6,"progress":86}
[2024-11-29 11:12:41.229] [info]  DiscordSplash.onStateUpdate: {"status":"installing-updates","current":3,"total":6,"progress":87}
[2024-11-29 11:12:41.229] [info]  Splash.onStateUpdate: {"status":"installing-updates","current":3,"total":6,"progress":87}
[2024-11-29 11:12:41.230] [info]  DiscordSplash.onStateUpdate: {"status":"installing-updates","current":3,"total":6,"progress":87}
[2024-11-29 11:12:41.230] [info]  Splash.onStateUpdate: {"status":"installing-updates","current":3,"total":6,"progress":87}
[2024-11-29 11:12:41.230] [info]  DiscordSplash.onStateUpdate: {"status":"installing-updates","current":3,"total":6,"progress":87}
[2024-11-29 11:12:41.230] [info]  Splash.onStateUpdate: {"status":"installing-updates","current":3,"total":6,"progress":87}
[2024-11-29 11:12:41.282] [info]  DiscordSplash.onStateUpdate: {"status":"installing-updates","current":3,"total":6,"progress":87}
[2024-11-29 11:12:41.282] [info]  Splash.onStateUpdate: {"status":"installing-updates","current":3,"total":6,"progress":87}
[2024-11-29 11:12:41.330] [info]  DiscordSplash.onStateUpdate: {"status":"installing-updates","current":3,"total":6,"progress":87}
[2024-11-29 11:12:41.330] [info]  Splash.onStateUpdate: {"status":"installing-updates","current":3,"total":6,"progress":87}
[2024-11-29 11:12:41.331] [info]  DiscordSplash.onStateUpdate: {"status":"installing-updates","current":3,"total":6,"progress":87}
[2024-11-29 11:12:41.331] [info]  Splash.onStateUpdate: {"status":"installing-updates","current":3,"total":6,"progress":87}
[2024-11-29 11:12:41.332] [info]  DiscordSplash.onStateUpdate: {"status":"installing-updates","current":3,"total":6,"progress":87}
[2024-11-29 11:12:41.332] [info]  Splash.onStateUpdate: {"status":"installing-updates","current":3,"total":6,"progress":87}
[2024-11-29 11:12:41.332] [info]  DiscordSplash.onStateUpdate: {"status":"installing-updates","current":3,"total":6,"progress":88}
[2024-11-29 11:12:41.332] [info]  Splash.onStateUpdate: {"status":"installing-updates","current":3,"total":6,"progress":88}
[2024-11-29 11:12:41.333] [info]  DiscordSplash.onStateUpdate: {"status":"installing-updates","current":3,"total":6,"progress":88}
[2024-11-29 11:12:41.333] [info]  Splash.onStateUpdate: {"status":"installing-updates","current":3,"total":6,"progress":88}
[2024-11-29 11:12:41.334] [info]  DiscordSplash.onStateUpdate: {"status":"installing-updates","current":3,"total":6,"progress":88}
[2024-11-29 11:12:41.334] [info]  Splash.onStateUpdate: {"status":"installing-updates","current":3,"total":6,"progress":88}
[2024-11-29 11:12:41.334] [info]  DiscordSplash.onStateUpdate: {"status":"installing-updates","current":3,"total":6,"progress":88}
[2024-11-29 11:12:41.334] [info]  Splash.onStateUpdate: {"status":"installing-updates","current":3,"total":6,"progress":88}
[2024-11-29 11:12:41.335] [info]  DiscordSplash.onStateUpdate: {"status":"installing-updates","current":3,"total":6,"progress":88}
[2024-11-29 11:12:41.335] [info]  Splash.onStateUpdate: {"status":"installing-updates","current":3,"total":6,"progress":88}
[2024-11-29 11:12:41.335] [info]  DiscordSplash.onStateUpdate: {"status":"installing-updates","current":3,"total":6,"progress":88}
[2024-11-29 11:12:41.336] [info]  Splash.onStateUpdate: {"status":"installing-updates","current":3,"total":6,"progress":88}
[2024-11-29 11:12:41.336] [info]  DiscordSplash.onStateUpdate: {"status":"installing-updates","current":3,"total":6,"progress":89}
[2024-11-29 11:12:41.336] [info]  Splash.onStateUpdate: {"status":"installing-updates","current":3,"total":6,"progress":89}
[2024-11-29 11:12:41.336] [info]  DiscordSplash.onStateUpdate: {"status":"installing-updates","current":3,"total":6,"progress":89}
[2024-11-29 11:12:41.337] [info]  Splash.onStateUpdate: {"status":"installing-updates","current":3,"total":6,"progress":89}
[2024-11-29 11:12:41.337] [info]  DiscordSplash.onStateUpdate: {"status":"installing-updates","current":3,"total":6,"progress":89}
[2024-11-29 11:12:41.338] [info]  Splash.onStateUpdate: {"status":"installing-updates","current":3,"total":6,"progress":89}
[2024-11-29 11:12:41.338] [info]  DiscordSplash.onStateUpdate: {"status":"installing-updates","current":3,"total":6,"progress":89}
[2024-11-29 11:12:41.339] [info]  Splash.onStateUpdate: {"status":"installing-updates","current":3,"total":6,"progress":89}
[2024-11-29 11:12:41.339] [info]  DiscordSplash.onStateUpdate: {"status":"installing-updates","current":3,"total":6,"progress":89}
[2024-11-29 11:12:41.339] [info]  Splash.onStateUpdate: {"status":"installing-updates","current":3,"total":6,"progress":89}
[2024-11-29 11:12:41.340] [info]  DiscordSplash.onStateUpdate: {"status":"installing-updates","current":3,"total":6,"progress":89}
[2024-11-29 11:12:41.340] [info]  Splash.onStateUpdate: {"status":"installing-updates","current":3,"total":6,"progress":89}
[2024-11-29 11:12:41.340] [info]  DiscordSplash.onStateUpdate: {"status":"installing-updates","current":3,"total":6,"progress":90}
[2024-11-29 11:12:41.340] [info]  Splash.onStateUpdate: {"status":"installing-updates","current":3,"total":6,"progress":90}
[2024-11-29 11:12:41.341] [info]  DiscordSplash.onStateUpdate: {"status":"installing-updates","current":3,"total":6,"progress":90}
[2024-11-29 11:12:41.341] [info]  Splash.onStateUpdate: {"status":"installing-updates","current":3,"total":6,"progress":90}
[2024-11-29 11:12:41.342] [info]  DiscordSplash.onStateUpdate: {"status":"installing-updates","current":3,"total":6,"progress":90}
[2024-11-29 11:12:41.342] [info]  Splash.onStateUpdate: {"status":"installing-updates","current":3,"total":6,"progress":90}
[2024-11-29 11:12:41.343] [info]  DiscordSplash.onStateUpdate: {"status":"installing-updates","current":3,"total":6,"progress":90}
[2024-11-29 11:12:41.343] [info]  Splash.onStateUpdate: {"status":"installing-updates","current":3,"total":6,"progress":90}
[2024-11-29 11:12:41.344] [info]  DiscordSplash.onStateUpdate: {"status":"installing-updates","current":3,"total":6,"progress":90}
[2024-11-29 11:12:41.344] [info]  Splash.onStateUpdate: {"status":"installing-updates","current":3,"total":6,"progress":90}
[2024-11-29 11:12:41.345] [info]  DiscordSplash.onStateUpdate: {"status":"installing-updates","current":3,"total":6,"progress":90}
[2024-11-29 11:12:41.346] [info]  Splash.onStateUpdate: {"status":"installing-updates","current":3,"total":6,"progress":90}
[2024-11-29 11:12:41.347] [info]  DiscordSplash.onStateUpdate: {"status":"installing-updates","current":3,"total":6,"progress":91}
[2024-11-29 11:12:41.347] [info]  Splash.onStateUpdate: {"status":"installing-updates","current":3,"total":6,"progress":91}
[2024-11-29 11:12:41.348] [info]  DiscordSplash.onStateUpdate: {"status":"installing-updates","current":3,"total":6,"progress":91}
[2024-11-29 11:12:41.348] [info]  Splash.onStateUpdate: {"status":"installing-updates","current":3,"total":6,"progress":91}
[2024-11-29 11:12:41.349] [info]  DiscordSplash.onStateUpdate: {"status":"installing-updates","current":3,"total":6,"progress":91}
[2024-11-29 11:12:41.349] [info]  Splash.onStateUpdate: {"status":"installing-updates","current":3,"total":6,"progress":91}
[2024-11-29 11:12:41.350] [info]  DiscordSplash.onStateUpdate: {"status":"installing-updates","current":3,"total":6,"progress":91}
[2024-11-29 11:12:41.350] [info]  Splash.onStateUpdate: {"status":"installing-updates","current":3,"total":6,"progress":91}
[2024-11-29 11:12:41.351] [info]  DiscordSplash.onStateUpdate: {"status":"installing-updates","current":3,"total":6,"progress":91}
[2024-11-29 11:12:41.351] [info]  Splash.onStateUpdate: {"status":"installing-updates","current":3,"total":6,"progress":91}
[2024-11-29 11:12:41.352] [info]  DiscordSplash.onStateUpdate: {"status":"installing-updates","current":3,"total":6,"progress":91}
[2024-11-29 11:12:41.352] [info]  Splash.onStateUpdate: {"status":"installing-updates","current":3,"total":6,"progress":91}
[2024-11-29 11:12:41.353] [info]  DiscordSplash.onStateUpdate: {"status":"installing-updates","current":3,"total":6,"progress":92}
[2024-11-29 11:12:41.353] [info]  Splash.onStateUpdate: {"status":"installing-updates","current":3,"total":6,"progress":92}
[2024-11-29 11:12:41.353] [info]  DiscordSplash.onStateUpdate: {"status":"installing-updates","current":3,"total":6,"progress":92}
[2024-11-29 11:12:41.354] [info]  Splash.onStateUpdate: {"status":"installing-updates","current":3,"total":6,"progress":92}
[2024-11-29 11:12:41.354] [info]  DiscordSplash.onStateUpdate: {"status":"installing-updates","current":3,"total":6,"progress":92}
[2024-11-29 11:12:41.354] [info]  Splash.onStateUpdate: {"status":"installing-updates","current":3,"total":6,"progress":92}
[2024-11-29 11:12:41.354] [info]  DiscordSplash.onStateUpdate: {"status":"installing-updates","current":3,"total":6,"progress":92}
[2024-11-29 11:12:41.354] [info]  Splash.onStateUpdate: {"status":"installing-updates","current":3,"total":6,"progress":92}
[2024-11-29 11:12:41.355] [info]  DiscordSplash.onStateUpdate: {"status":"installing-updates","current":3,"total":6,"progress":92}
[2024-11-29 11:12:41.355] [info]  Splash.onStateUpdate: {"status":"installing-updates","current":3,"total":6,"progress":92}
[2024-11-29 11:12:41.355] [info]  DiscordSplash.onStateUpdate: {"status":"installing-updates","current":3,"total":6,"progress":92}
[2024-11-29 11:12:41.355] [info]  Splash.onStateUpdate: {"status":"installing-updates","current":3,"total":6,"progress":92}
[2024-11-29 11:12:41.356] [info]  DiscordSplash.onStateUpdate: {"status":"installing-updates","current":3,"total":6,"progress":93}
[2024-11-29 11:12:41.356] [info]  Splash.onStateUpdate: {"status":"installing-updates","current":3,"total":6,"progress":93}
[2024-11-29 11:12:41.357] [info]  DiscordSplash.onStateUpdate: {"status":"installing-updates","current":3,"total":6,"progress":93}
[2024-11-29 11:12:41.357] [info]  Splash.onStateUpdate: {"status":"installing-updates","current":3,"total":6,"progress":93}
[2024-11-29 11:12:41.357] [info]  DiscordSplash.onStateUpdate: {"status":"installing-updates","current":3,"total":6,"progress":93}
[2024-11-29 11:12:41.357] [info]  Splash.onStateUpdate: {"status":"installing-updates","current":3,"total":6,"progress":93}
[2024-11-29 11:12:41.357] [info]  DiscordSplash.onStateUpdate: {"status":"installing-updates","current":3,"total":6,"progress":93}
[2024-11-29 11:12:41.357] [info]  Splash.onStateUpdate: {"status":"installing-updates","current":3,"total":6,"progress":93}
[2024-11-29 11:12:41.358] [info]  DiscordSplash.onStateUpdate: {"status":"installing-updates","current":3,"total":6,"progress":93}
[2024-11-29 11:12:41.358] [info]  Splash.onStateUpdate: {"status":"installing-updates","current":3,"total":6,"progress":93}
[2024-11-29 11:12:41.359] [info]  DiscordSplash.onStateUpdate: {"status":"installing-updates","current":3,"total":6,"progress":93}
[2024-11-29 11:12:41.359] [info]  Splash.onStateUpdate: {"status":"installing-updates","current":3,"total":6,"progress":93}
[2024-11-29 11:12:41.360] [info]  DiscordSplash.onStateUpdate: {"status":"installing-updates","current":3,"total":6,"progress":93}
[2024-11-29 11:12:41.360] [info]  Splash.onStateUpdate: {"status":"installing-updates","current":3,"total":6,"progress":93}
[2024-11-29 11:12:41.361] [info]  DiscordSplash.onStateUpdate: {"status":"installing-updates","current":3,"total":6,"progress":94}
[2024-11-29 11:12:41.362] [info]  Splash.onStateUpdate: {"status":"installing-updates","current":3,"total":6,"progress":94}
[2024-11-29 11:12:41.363] [info]  DiscordSplash.onStateUpdate: {"status":"installing-updates","current":3,"total":6,"progress":94}
[2024-11-29 11:12:41.363] [info]  Splash.onStateUpdate: {"status":"installing-updates","current":3,"total":6,"progress":94}
[2024-11-29 11:12:41.364] [info]  DiscordSplash.onStateUpdate: {"status":"installing-updates","current":3,"total":6,"progress":94}
[2024-11-29 11:12:41.364] [info]  Splash.onStateUpdate: {"status":"installing-updates","current":3,"total":6,"progress":94}
[2024-11-29 11:12:41.365] [info]  DiscordSplash.onStateUpdate: {"status":"installing-updates","current":3,"total":6,"progress":94}
[2024-11-29 11:12:41.365] [info]  Splash.onStateUpdate: {"status":"installing-updates","current":3,"total":6,"progress":94}
[2024-11-29 11:12:41.365] [info]  DiscordSplash.onStateUpdate: {"status":"installing-updates","current":3,"total":6,"progress":94}
[2024-11-29 11:12:41.365] [info]  Splash.onStateUpdate: {"status":"installing-updates","current":3,"total":6,"progress":94}
[2024-11-29 11:12:41.366] [info]  DiscordSplash.onStateUpdate: {"status":"installing-updates","current":3,"total":6,"progress":94}
[2024-11-29 11:12:41.366] [info]  Splash.onStateUpdate: {"status":"installing-updates","current":3,"total":6,"progress":94}
[2024-11-29 11:12:41.366] [info]  DiscordSplash.onStateUpdate: {"status":"installing-updates","current":3,"total":6,"progress":95}
[2024-11-29 11:12:41.366] [info]  Splash.onStateUpdate: {"status":"installing-updates","current":3,"total":6,"progress":95}
[2024-11-29 11:12:41.367] [info]  DiscordSplash.onStateUpdate: {"status":"installing-updates","current":3,"total":6,"progress":95}
[2024-11-29 11:12:41.367] [info]  Splash.onStateUpdate: {"status":"installing-updates","current":3,"total":6,"progress":95}
[2024-11-29 11:12:41.367] [info]  DiscordSplash.onStateUpdate: {"status":"installing-updates","current":3,"total":6,"progress":95}
[2024-11-29 11:12:41.367] [info]  Splash.onStateUpdate: {"status":"installing-updates","current":3,"total":6,"progress":95}
[2024-11-29 11:12:41.368] [info]  DiscordSplash.onStateUpdate: {"status":"installing-updates","current":3,"total":6,"progress":95}
[2024-11-29 11:12:41.368] [info]  Splash.onStateUpdate: {"status":"installing-updates","current":3,"total":6,"progress":95}
[2024-11-29 11:12:41.368] [info]  DiscordSplash.onStateUpdate: {"status":"installing-updates","current":3,"total":6,"progress":95}
[2024-11-29 11:12:41.368] [info]  Splash.onStateUpdate: {"status":"installing-updates","current":3,"total":6,"progress":95}
[2024-11-29 11:12:41.369] [info]  DiscordSplash.onStateUpdate: {"status":"installing-updates","current":3,"total":6,"progress":95}
[2024-11-29 11:12:41.369] [info]  Splash.onStateUpdate: {"status":"installing-updates","current":3,"total":6,"progress":95}
[2024-11-29 11:12:41.370] [info]  DiscordSplash.onStateUpdate: {"status":"installing-updates","current":3,"total":6,"progress":96}
[2024-11-29 11:12:41.370] [info]  Splash.onStateUpdate: {"status":"installing-updates","current":3,"total":6,"progress":96}
[2024-11-29 11:12:41.370] [info]  DiscordSplash.onStateUpdate: {"status":"installing-updates","current":3,"total":6,"progress":96}
[2024-11-29 11:12:41.370] [info]  Splash.onStateUpdate: {"status":"installing-updates","current":3,"total":6,"progress":96}
[2024-11-29 11:12:41.371] [info]  DiscordSplash.onStateUpdate: {"status":"installing-updates","current":3,"total":6,"progress":96}
[2024-11-29 11:12:41.371] [info]  Splash.onStateUpdate: {"status":"installing-updates","current":3,"total":6,"progress":96}
[2024-11-29 11:12:41.372] [info]  DiscordSplash.onStateUpdate: {"status":"installing-updates","current":3,"total":6,"progress":96}
[2024-11-29 11:12:41.372] [info]  Splash.onStateUpdate: {"status":"installing-updates","current":3,"total":6,"progress":96}
[2024-11-29 11:12:41.372] [info]  DiscordSplash.onStateUpdate: {"status":"installing-updates","current":3,"total":6,"progress":96}
[2024-11-29 11:12:41.372] [info]  Splash.onStateUpdate: {"status":"installing-updates","current":3,"total":6,"progress":96}
[2024-11-29 11:12:41.373] [info]  DiscordSplash.onStateUpdate: {"status":"installing-updates","current":3,"total":6,"progress":96}
[2024-11-29 11:12:41.373] [info]  Splash.onStateUpdate: {"status":"installing-updates","current":3,"total":6,"progress":96}
[2024-11-29 11:12:41.374] [info]  DiscordSplash.onStateUpdate: {"status":"installing-updates","current":3,"total":6,"progress":97}
[2024-11-29 11:12:41.374] [info]  Splash.onStateUpdate: {"status":"installing-updates","current":3,"total":6,"progress":97}
[2024-11-29 11:12:41.375] [info]  DiscordSplash.onStateUpdate: {"status":"installing-updates","current":3,"total":6,"progress":97}
[2024-11-29 11:12:41.375] [info]  Splash.onStateUpdate: {"status":"installing-updates","current":3,"total":6,"progress":97}
[2024-11-29 11:12:41.376] [info]  DiscordSplash.onStateUpdate: {"status":"installing-updates","current":3,"total":6,"progress":97}
[2024-11-29 11:12:41.376] [info]  Splash.onStateUpdate: {"status":"installing-updates","current":3,"total":6,"progress":97}
[2024-11-29 11:12:41.377] [info]  DiscordSplash.onStateUpdate: {"status":"installing-updates","current":3,"total":6,"progress":97}
[2024-11-29 11:12:41.377] [info]  Splash.onStateUpdate: {"status":"installing-updates","current":3,"total":6,"progress":97}
[2024-11-29 11:12:41.378] [info]  DiscordSplash.onStateUpdate: {"status":"installing-updates","current":3,"total":6,"progress":97}
[2024-11-29 11:12:41.378] [info]  Splash.onStateUpdate: {"status":"installing-updates","current":3,"total":6,"progress":97}
[2024-11-29 11:12:41.378] [info]  DiscordSplash.onStateUpdate: {"status":"installing-updates","current":3,"total":6,"progress":97}
[2024-11-29 11:12:41.378] [info]  Splash.onStateUpdate: {"status":"installing-updates","current":3,"total":6,"progress":97}
[2024-11-29 11:12:41.379] [info]  DiscordSplash.onStateUpdate: {"status":"installing-updates","current":3,"total":6,"progress":98}
[2024-11-29 11:12:41.379] [info]  Splash.onStateUpdate: {"status":"installing-updates","current":3,"total":6,"progress":98}
[2024-11-29 11:12:41.379] [info]  DiscordSplash.onStateUpdate: {"status":"installing-updates","current":3,"total":6,"progress":98}
[2024-11-29 11:12:41.380] [info]  Splash.onStateUpdate: {"status":"installing-updates","current":3,"total":6,"progress":98}
[2024-11-29 11:12:41.380] [info]  DiscordSplash.onStateUpdate: {"status":"installing-updates","current":3,"total":6,"progress":98}
[2024-11-29 11:12:41.380] [info]  Splash.onStateUpdate: {"status":"installing-updates","current":3,"total":6,"progress":98}
[2024-11-29 11:12:41.381] [info]  DiscordSplash.onStateUpdate: {"status":"installing-updates","current":3,"total":6,"progress":98}
[2024-11-29 11:12:41.381] [info]  Splash.onStateUpdate: {"status":"installing-updates","current":3,"total":6,"progress":98}
[2024-11-29 11:12:41.382] [info]  DiscordSplash.onStateUpdate: {"status":"installing-updates","current":3,"total":6,"progress":98}
[2024-11-29 11:12:41.382] [info]  Splash.onStateUpdate: {"status":"installing-updates","current":3,"total":6,"progress":98}
[2024-11-29 11:12:41.383] [info]  DiscordSplash.onStateUpdate: {"status":"installing-updates","current":3,"total":6,"progress":98}
[2024-11-29 11:12:41.383] [info]  Splash.onStateUpdate: {"status":"installing-updates","current":3,"total":6,"progress":98}
[2024-11-29 11:12:41.384] [info]  DiscordSplash.onStateUpdate: {"status":"installing-updates","current":3,"total":6,"progress":99}
[2024-11-29 11:12:41.384] [info]  Splash.onStateUpdate: {"status":"installing-updates","current":3,"total":6,"progress":99}
[2024-11-29 11:12:41.385] [info]  DiscordSplash.onStateUpdate: {"status":"installing-updates","current":3,"total":6,"progress":99}
[2024-11-29 11:12:41.385] [info]  Splash.onStateUpdate: {"status":"installing-updates","current":3,"total":6,"progress":99}
[2024-11-29 11:12:41.386] [info]  DiscordSplash.onStateUpdate: {"status":"installing-updates","current":3,"total":6,"progress":99}
[2024-11-29 11:12:41.386] [info]  Splash.onStateUpdate: {"status":"installing-updates","current":3,"total":6,"progress":99}
[2024-11-29 11:12:41.386] [info]  DiscordSplash.onStateUpdate: {"status":"installing-updates","current":3,"total":6,"progress":99}
[2024-11-29 11:12:41.386] [info]  Splash.onStateUpdate: {"status":"installing-updates","current":3,"total":6,"progress":99}
[2024-11-29 11:12:41.387] [info]  DiscordSplash.onStateUpdate: {"status":"installing-updates","current":3,"total":6,"progress":99}
[2024-11-29 11:12:41.387] [info]  Splash.onStateUpdate: {"status":"installing-updates","current":3,"total":6,"progress":99}
[2024-11-29 11:12:41.387] [info]  DiscordSplash.onStateUpdate: {"status":"installing-updates","current":3,"total":6,"progress":99}
[2024-11-29 11:12:41.387] [info]  Splash.onStateUpdate: {"status":"installing-updates","current":3,"total":6,"progress":99}
[2024-11-29 11:12:41.388] [info]  DiscordSplash.onStateUpdate: {"status":"installing-updates","current":3,"total":6,"progress":100}
[2024-11-29 11:12:41.388] [info]  Splash.onStateUpdate: {"status":"installing-updates","current":3,"total":6,"progress":100}
[2024-11-29 11:12:41.388] [info]  DiscordSplash.onStateUpdate: {"status":"installing-updates","current":4,"total":6}
[2024-11-29 11:12:41.389] [info]  Splash.onStateUpdate: {"status":"installing-updates","current":4,"total":6}
[2024-11-29 11:12:41.389] [info]  DiscordSplash.onStateUpdate: {"status":"installing-updates","current":4,"total":6,"progress":1}
[2024-11-29 11:12:41.389] [info]  Splash.onStateUpdate: {"status":"installing-updates","current":4,"total":6,"progress":1}
[2024-11-29 11:12:41.389] [info]  DiscordSplash.onStateUpdate: {"status":"installing-updates","current":4,"total":6,"progress":3}
[2024-11-29 11:12:41.389] [info]  Splash.onStateUpdate: {"status":"installing-updates","current":4,"total":6,"progress":3}
[2024-11-29 11:12:41.390] [info]  DiscordSplash.onStateUpdate: {"status":"installing-updates","current":4,"total":6,"progress":5}
[2024-11-29 11:12:41.390] [info]  Splash.onStateUpdate: {"status":"installing-updates","current":4,"total":6,"progress":5}
[2024-11-29 11:12:41.391] [info]  DiscordSplash.onStateUpdate: {"status":"installing-updates","current":4,"total":6,"progress":6}
[2024-11-29 11:12:41.391] [info]  Splash.onStateUpdate: {"status":"installing-updates","current":4,"total":6,"progress":6}
[2024-11-29 11:12:41.391] [info]  DiscordSplash.onStateUpdate: {"status":"installing-updates","current":4,"total":6,"progress":8}
[2024-11-29 11:12:41.391] [info]  Splash.onStateUpdate: {"status":"installing-updates","current":4,"total":6,"progress":8}
[2024-11-29 11:12:41.457] [info]  DiscordSplash.onStateUpdate: {"status":"installing-updates","current":4,"total":6,"progress":10}
[2024-11-29 11:12:41.457] [info]  Splash.onStateUpdate: {"status":"installing-updates","current":4,"total":6,"progress":10}
[2024-11-29 11:12:41.459] [info]  DiscordSplash.onStateUpdate: {"status":"installing-updates","current":4,"total":6,"progress":11}
[2024-11-29 11:12:41.459] [info]  Splash.onStateUpdate: {"status":"installing-updates","current":4,"total":6,"progress":11}
[2024-11-29 11:12:41.459] [info]  DiscordSplash.onStateUpdate: {"status":"installing-updates","current":4,"total":6,"progress":13}
[2024-11-29 11:12:41.460] [info]  Splash.onStateUpdate: {"status":"installing-updates","current":4,"total":6,"progress":13}
[2024-11-29 11:12:41.460] [info]  DiscordSplash.onStateUpdate: {"status":"installing-updates","current":4,"total":6,"progress":15}
[2024-11-29 11:12:41.460] [info]  Splash.onStateUpdate: {"status":"installing-updates","current":4,"total":6,"progress":15}
[2024-11-29 11:12:41.461] [info]  DiscordSplash.onStateUpdate: {"status":"installing-updates","current":4,"total":6,"progress":16}
[2024-11-29 11:12:41.461] [info]  Splash.onStateUpdate: {"status":"installing-updates","current":4,"total":6,"progress":16}
[2024-11-29 11:12:41.461] [info]  DiscordSplash.onStateUpdate: {"status":"installing-updates","current":4,"total":6,"progress":18}
[2024-11-29 11:12:41.461] [info]  Splash.onStateUpdate: {"status":"installing-updates","current":4,"total":6,"progress":18}
[2024-11-29 11:12:41.462] [info]  DiscordSplash.onStateUpdate: {"status":"installing-updates","current":4,"total":6,"progress":20}
[2024-11-29 11:12:41.462] [info]  Splash.onStateUpdate: {"status":"installing-updates","current":4,"total":6,"progress":20}
[2024-11-29 11:12:41.462] [info]  DiscordSplash.onStateUpdate: {"status":"installing-updates","current":4,"total":6,"progress":22}
[2024-11-29 11:12:41.462] [info]  Splash.onStateUpdate: {"status":"installing-updates","current":4,"total":6,"progress":22}
[2024-11-29 11:12:41.462] [info]  DiscordSplash.onStateUpdate: {"status":"installing-updates","current":4,"total":6,"progress":23}
[2024-11-29 11:12:41.463] [info]  Splash.onStateUpdate: {"status":"installing-updates","current":4,"total":6,"progress":23}
[2024-11-29 11:12:41.463] [info]  DiscordSplash.onStateUpdate: {"status":"installing-updates","current":4,"total":6,"progress":25}
[2024-11-29 11:12:41.464] [info]  Splash.onStateUpdate: {"status":"installing-updates","current":4,"total":6,"progress":25}
[2024-11-29 11:12:41.464] [info]  DiscordSplash.onStateUpdate: {"status":"installing-updates","current":4,"total":6,"progress":27}
[2024-11-29 11:12:41.464] [info]  Splash.onStateUpdate: {"status":"installing-updates","current":4,"total":6,"progress":27}
[2024-11-29 11:12:41.465] [info]  DiscordSplash.onStateUpdate: {"status":"installing-updates","current":4,"total":6,"progress":28}
[2024-11-29 11:12:41.465] [info]  Splash.onStateUpdate: {"status":"installing-updates","current":4,"total":6,"progress":28}
[2024-11-29 11:12:41.466] [info]  DiscordSplash.onStateUpdate: {"status":"installing-updates","current":4,"total":6,"progress":30}
[2024-11-29 11:12:41.466] [info]  Splash.onStateUpdate: {"status":"installing-updates","current":4,"total":6,"progress":30}
[2024-11-29 11:12:41.466] [info]  DiscordSplash.onStateUpdate: {"status":"installing-updates","current":4,"total":6,"progress":32}
[2024-11-29 11:12:41.467] [info]  Splash.onStateUpdate: {"status":"installing-updates","current":4,"total":6,"progress":32}
[2024-11-29 11:12:41.468] [info]  DiscordSplash.onStateUpdate: {"status":"installing-updates","current":4,"total":6,"progress":33}
[2024-11-29 11:12:41.468] [info]  Splash.onStateUpdate: {"status":"installing-updates","current":4,"total":6,"progress":33}
[2024-11-29 11:12:41.468] [info]  DiscordSplash.onStateUpdate: {"status":"installing-updates","current":4,"total":6,"progress":35}
[2024-11-29 11:12:41.468] [info]  Splash.onStateUpdate: {"status":"installing-updates","current":4,"total":6,"progress":35}
[2024-11-29 11:12:41.469] [info]  DiscordSplash.onStateUpdate: {"status":"installing-updates","current":4,"total":6,"progress":37}
[2024-11-29 11:12:41.469] [info]  Splash.onStateUpdate: {"status":"installing-updates","current":4,"total":6,"progress":37}
[2024-11-29 11:12:41.470] [info]  DiscordSplash.onStateUpdate: {"status":"installing-updates","current":4,"total":6,"progress":38}
[2024-11-29 11:12:41.470] [info]  Splash.onStateUpdate: {"status":"installing-updates","current":4,"total":6,"progress":38}
[2024-11-29 11:12:41.470] [info]  DiscordSplash.onStateUpdate: {"status":"installing-updates","current":4,"total":6,"progress":40}
[2024-11-29 11:12:41.471] [info]  Splash.onStateUpdate: {"status":"installing-updates","current":4,"total":6,"progress":40}
[2024-11-29 11:12:41.471] [info]  DiscordSplash.onStateUpdate: {"status":"installing-updates","current":4,"total":6,"progress":42}
[2024-11-29 11:12:41.471] [info]  Splash.onStateUpdate: {"status":"installing-updates","current":4,"total":6,"progress":42}
[2024-11-29 11:12:41.471] [info]  DiscordSplash.onStateUpdate: {"status":"installing-updates","current":4,"total":6,"progress":44}
[2024-11-29 11:12:41.471] [info]  Splash.onStateUpdate: {"status":"installing-updates","current":4,"total":6,"progress":44}
[2024-11-29 11:12:41.472] [info]  DiscordSplash.onStateUpdate: {"status":"installing-updates","current":4,"total":6,"progress":45}
[2024-11-29 11:12:41.472] [info]  Splash.onStateUpdate: {"status":"installing-updates","current":4,"total":6,"progress":45}
[2024-11-29 11:12:41.472] [info]  DiscordSplash.onStateUpdate: {"status":"installing-updates","current":4,"total":6,"progress":47}
[2024-11-29 11:12:41.472] [info]  Splash.onStateUpdate: {"status":"installing-updates","current":4,"total":6,"progress":47}
[2024-11-29 11:12:41.473] [info]  DiscordSplash.onStateUpdate: {"status":"installing-updates","current":4,"total":6,"progress":49}
[2024-11-29 11:12:41.473] [info]  Splash.onStateUpdate: {"status":"installing-updates","current":4,"total":6,"progress":49}
[2024-11-29 11:12:41.473] [info]  DiscordSplash.onStateUpdate: {"status":"installing-updates","current":4,"total":6,"progress":50}
[2024-11-29 11:12:41.473] [info]  Splash.onStateUpdate: {"status":"installing-updates","current":4,"total":6,"progress":50}
[2024-11-29 11:12:41.473] [info]  DiscordSplash.onStateUpdate: {"status":"installing-updates","current":4,"total":6,"progress":52}
[2024-11-29 11:12:41.474] [info]  Splash.onStateUpdate: {"status":"installing-updates","current":4,"total":6,"progress":52}
[2024-11-29 11:12:41.474] [info]  DiscordSplash.onStateUpdate: {"status":"installing-updates","current":4,"total":6,"progress":54}
[2024-11-29 11:12:41.475] [info]  Splash.onStateUpdate: {"status":"installing-updates","current":4,"total":6,"progress":54}
[2024-11-29 11:12:41.475] [info]  DiscordSplash.onStateUpdate: {"status":"installing-updates","current":4,"total":6,"progress":55}
[2024-11-29 11:12:41.475] [info]  Splash.onStateUpdate: {"status":"installing-updates","current":4,"total":6,"progress":55}
[2024-11-29 11:12:41.475] [info]  DiscordSplash.onStateUpdate: {"status":"installing-updates","current":4,"total":6,"progress":57}
[2024-11-29 11:12:41.475] [info]  Splash.onStateUpdate: {"status":"installing-updates","current":4,"total":6,"progress":57}
[2024-11-29 11:12:41.476] [info]  DiscordSplash.onStateUpdate: {"status":"installing-updates","current":4,"total":6,"progress":59}
[2024-11-29 11:12:41.476] [info]  Splash.onStateUpdate: {"status":"installing-updates","current":4,"total":6,"progress":59}
[2024-11-29 11:12:41.477] [info]  DiscordSplash.onStateUpdate: {"status":"installing-updates","current":4,"total":6,"progress":61}
[2024-11-29 11:12:41.477] [info]  Splash.onStateUpdate: {"status":"installing-updates","current":4,"total":6,"progress":61}
[2024-11-29 11:12:41.478] [info]  DiscordSplash.onStateUpdate: {"status":"installing-updates","current":4,"total":6,"progress":62}
[2024-11-29 11:12:41.478] [info]  Splash.onStateUpdate: {"status":"installing-updates","current":4,"total":6,"progress":62}
[2024-11-29 11:12:41.479] [info]  DiscordSplash.onStateUpdate: {"status":"installing-updates","current":4,"total":6,"progress":64}
[2024-11-29 11:12:41.479] [info]  Splash.onStateUpdate: {"status":"installing-updates","current":4,"total":6,"progress":64}
[2024-11-29 11:12:41.479] [info]  DiscordSplash.onStateUpdate: {"status":"installing-updates","current":4,"total":6,"progress":66}
[2024-11-29 11:12:41.480] [info]  Splash.onStateUpdate: {"status":"installing-updates","current":4,"total":6,"progress":66}
[2024-11-29 11:12:41.480] [info]  DiscordSplash.onStateUpdate: {"status":"installing-updates","current":4,"total":6,"progress":67}
[2024-11-29 11:12:41.481] [info]  Splash.onStateUpdate: {"status":"installing-updates","current":4,"total":6,"progress":67}
[2024-11-29 11:12:41.482] [info]  DiscordSplash.onStateUpdate: {"status":"installing-updates","current":4,"total":6,"progress":69}
[2024-11-29 11:12:41.482] [info]  Splash.onStateUpdate: {"status":"installing-updates","current":4,"total":6,"progress":69}
[2024-11-29 11:12:41.483] [info]  DiscordSplash.onStateUpdate: {"status":"installing-updates","current":4,"total":6,"progress":71}
[2024-11-29 11:12:41.483] [info]  Splash.onStateUpdate: {"status":"installing-updates","current":4,"total":6,"progress":71}
[2024-11-29 11:12:41.484] [info]  DiscordSplash.onStateUpdate: {"status":"installing-updates","current":4,"total":6,"progress":72}
[2024-11-29 11:12:41.484] [info]  Splash.onStateUpdate: {"status":"installing-updates","current":4,"total":6,"progress":72}
[2024-11-29 11:12:41.484] [info]  DiscordSplash.onStateUpdate: {"status":"installing-updates","current":4,"total":6,"progress":74}
[2024-11-29 11:12:41.485] [info]  Splash.onStateUpdate: {"status":"installing-updates","current":4,"total":6,"progress":74}
[2024-11-29 11:12:41.485] [info]  DiscordSplash.onStateUpdate: {"status":"installing-updates","current":4,"total":6,"progress":76}
[2024-11-29 11:12:41.485] [info]  Splash.onStateUpdate: {"status":"installing-updates","current":4,"total":6,"progress":76}
[2024-11-29 11:12:41.486] [info]  DiscordSplash.onStateUpdate: {"status":"installing-updates","current":4,"total":6,"progress":77}
[2024-11-29 11:12:41.486] [info]  Splash.onStateUpdate: {"status":"installing-updates","current":4,"total":6,"progress":77}
[2024-11-29 11:12:41.487] [info]  DiscordSplash.onStateUpdate: {"status":"installing-updates","current":4,"total":6,"progress":79}
[2024-11-29 11:12:41.487] [info]  Splash.onStateUpdate: {"status":"installing-updates","current":4,"total":6,"progress":79}
[2024-11-29 11:12:41.488] [info]  DiscordSplash.onStateUpdate: {"status":"installing-updates","current":4,"total":6,"progress":81}
[2024-11-29 11:12:41.488] [info]  Splash.onStateUpdate: {"status":"installing-updates","current":4,"total":6,"progress":81}
[2024-11-29 11:12:41.488] [info]  DiscordSplash.onStateUpdate: {"status":"installing-updates","current":4,"total":6,"progress":83}
[2024-11-29 11:12:41.489] [info]  Splash.onStateUpdate: {"status":"installing-updates","current":4,"total":6,"progress":83}
[2024-11-29 11:12:41.489] [info]  DiscordSplash.onStateUpdate: {"status":"installing-updates","current":4,"total":6,"progress":84}
[2024-11-29 11:12:41.489] [info]  Splash.onStateUpdate: {"status":"installing-updates","current":4,"total":6,"progress":84}
[2024-11-29 11:12:41.490] [info]  DiscordSplash.onStateUpdate: {"status":"installing-updates","current":4,"total":6,"progress":86}
[2024-11-29 11:12:41.490] [info]  Splash.onStateUpdate: {"status":"installing-updates","current":4,"total":6,"progress":86}
[2024-11-29 11:12:41.491] [info]  DiscordSplash.onStateUpdate: {"status":"installing-updates","current":4,"total":6,"progress":88}
[2024-11-29 11:12:41.491] [info]  Splash.onStateUpdate: {"status":"installing-updates","current":4,"total":6,"progress":88}
[2024-11-29 11:12:41.492] [info]  DiscordSplash.onStateUpdate: {"status":"installing-updates","current":4,"total":6,"progress":89}
[2024-11-29 11:12:41.492] [info]  Splash.onStateUpdate: {"status":"installing-updates","current":4,"total":6,"progress":89}
[2024-11-29 11:12:41.493] [info]  DiscordSplash.onStateUpdate: {"status":"installing-updates","current":4,"total":6,"progress":91}
[2024-11-29 11:12:41.493] [info]  Splash.onStateUpdate: {"status":"installing-updates","current":4,"total":6,"progress":91}
[2024-11-29 11:12:41.494] [info]  DiscordSplash.onStateUpdate: {"status":"installing-updates","current":4,"total":6,"progress":93}
[2024-11-29 11:12:41.494] [info]  Splash.onStateUpdate: {"status":"installing-updates","current":4,"total":6,"progress":93}
[2024-11-29 11:12:41.495] [info]  DiscordSplash.onStateUpdate: {"status":"installing-updates","current":4,"total":6,"progress":94}
[2024-11-29 11:12:41.495] [info]  Splash.onStateUpdate: {"status":"installing-updates","current":4,"total":6,"progress":94}
[2024-11-29 11:12:41.496] [info]  DiscordSplash.onStateUpdate: {"status":"installing-updates","current":4,"total":6,"progress":96}
[2024-11-29 11:12:41.496] [info]  Splash.onStateUpdate: {"status":"installing-updates","current":4,"total":6,"progress":96}
[2024-11-29 11:12:41.496] [info]  DiscordSplash.onStateUpdate: {"status":"installing-updates","current":4,"total":6,"progress":98}
[2024-11-29 11:12:41.497] [info]  Splash.onStateUpdate: {"status":"installing-updates","current":4,"total":6,"progress":98}
[2024-11-29 11:12:41.497] [info]  DiscordSplash.onStateUpdate: {"status":"installing-updates","current":4,"total":6,"progress":100}
[2024-11-29 11:12:41.497] [info]  Splash.onStateUpdate: {"status":"installing-updates","current":4,"total":6,"progress":100}
[2024-11-29 11:12:41.498] [info]  DiscordSplash.onStateUpdate: {"status":"installing-updates","current":5,"total":6}
[2024-11-29 11:12:41.498] [info]  Splash.onStateUpdate: {"status":"installing-updates","current":5,"total":6}
[2024-11-29 11:12:41.499] [info]  DiscordSplash.onStateUpdate: {"status":"installing-updates","current":5,"total":6,"progress":20}
[2024-11-29 11:12:41.499] [info]  Splash.onStateUpdate: {"status":"installing-updates","current":5,"total":6,"progress":20}
[2024-11-29 11:12:41.820] [info]  DiscordSplash.onStateUpdate: {"status":"installing-updates","current":5,"total":6,"progress":40}
[2024-11-29 11:12:41.820] [info]  Splash.onStateUpdate: {"status":"installing-updates","current":5,"total":6,"progress":40}
[2024-11-29 11:12:41.821] [info]  DiscordSplash.onStateUpdate: {"status":"installing-updates","current":5,"total":6,"progress":60}
[2024-11-29 11:12:41.821] [info]  Splash.onStateUpdate: {"status":"installing-updates","current":5,"total":6,"progress":60}
[2024-11-29 11:12:41.822] [info]  DiscordSplash.onStateUpdate: {"status":"installing-updates","current":5,"total":6,"progress":80}
[2024-11-29 11:12:41.822] [info]  Splash.onStateUpdate: {"status":"installing-updates","current":5,"total":6,"progress":80}
[2024-11-29 11:12:41.832] [info]  DiscordSplash.onStateUpdate: {"status":"installing-updates","current":5,"total":6,"progress":100}
[2024-11-29 11:12:41.832] [info]  Splash.onStateUpdate: {"status":"installing-updates","current":5,"total":6,"progress":100}
[2024-11-29 11:12:41.833] [info]  DiscordSplash.onStateUpdate: {"status":"installing-updates","current":6,"total":6}
[2024-11-29 11:12:41.833] [info]  Splash.onStateUpdate: {"status":"installing-updates","current":6,"total":6}
[2024-11-29 11:12:41.834] [info]  DiscordSplash.onStateUpdate: {"status":"installing-updates","current":6,"total":6,"progress":33}
[2024-11-29 11:12:41.834] [info]  Splash.onStateUpdate: {"status":"installing-updates","current":6,"total":6,"progress":33}
[2024-11-29 11:12:41.834] [info]  DiscordSplash.onStateUpdate: {"status":"installing-updates","current":6,"total":6,"progress":66}
[2024-11-29 11:12:41.834] [info]  Splash.onStateUpdate: {"status":"installing-updates","current":6,"total":6,"progress":66}
[2024-11-29 11:12:41.835] [info]  DiscordSplash.onStateUpdate: {"status":"installing-updates","current":6,"total":6,"progress":100}
[2024-11-29 11:12:41.835] [info]  Splash.onStateUpdate: {"status":"installing-updates","current":6,"total":6,"progress":100}
[2024-11-29 11:12:41.841] [info]  DiscordSplash.onStateUpdate: {"status":"checking-for-updates","current":6,"total":6}
[2024-11-29 11:12:41.841] [info]  Splash.onStateUpdate: {"status":"checking-for-updates","current":6,"total":6}
[2024-11-29 11:12:42.317] [info]  DiscordSplash.onStateUpdate: {"status":"launching","current":6,"total":6}
[2024-11-29 11:12:42.317] [info]  Splash.onStateUpdate: {"status":"launching","current":6,"total":6}
[2024-11-29 11:12:42.721] [error] Unrecognized Content-Security-Policy directive 'prefetch-src'.
[2024-11-29 11:12:42.939] [info]  [FAST CONNECT] wss://gateway.discord.gg/?encoding=etf&v=9&compress=zstd-stream, encoding: etf, version: 9
[2024-11-29 11:12:42.970] [error] Unrecognized Content-Security-Policy directive 'prefetch-src'.
[2024-11-29 11:12:42.970] [error] Unrecognized Content-Security-Policy directive 'prefetch-src'.
[2024-11-29 11:12:43.521] [info]  Initializing voice engine with audio subsystem: standard
[2024-11-29 11:12:43.632] [info]  [default] [BUILD INFO] Release Channel: stable, Build Number: 348981, Version Hash: ff756ae24b5e20300bc25be087e4dda886b75cc0
[2024-11-29 11:12:43.757] [info]  [default] [NATIVE INFO] host 0.0.76, modules: discord_desktop_core: 1, discord_erlpack: 1, discord_spellcheck: 1, discord_utils: 1, discord_voice: 1, discord_zstd: 1, build: null
[2024-11-29 11:12:43.803] [info]  [FAST CONNECT] connected in 863ms
[2024-11-29 11:12:43.810] [error] [Spellchecker] sh is not a valid locale.
[2024-11-29 11:12:43.840] [error] Unrecognized Content-Security-Policy directive 'prefetch-src'.
[2024-11-29 11:12:43.841] [info]  [Spellchecker] Switching to en-US (available)
[2024-11-29 11:12:44.091] [error] Unrecognized Content-Security-Policy directive 'prefetch-src'.
[2024-11-29 11:12:44.092] [error] Unrecognized Content-Security-Policy directive 'prefetch-src'.
[2024-11-29 11:12:44.267] [warn]  [CloudSyncUtils] CloudSync is not supported on this platform
[2024-11-29 11:12:44.383] [info]  [GatewaySocket] [CONNECT] wss://gateway.discord.gg, encoding: etf, version: 9, compression: zstd-stream
[2024-11-29 11:12:44.383] [info]  [GatewaySocket] [FAST CONNECT] successfully took over websocket, state: [object Object]
[2024-11-29 11:12:44.383] [info]  [GatewaySocket] [CONNECTED] wss://gateway.discord.gg/?encoding=etf&v=9&compress=zstd-stream in 0 ms
[2024-11-29 11:12:45.892] [info]  [GatewaySocket] [READY] took 1512ms, as dda9b717ef7b64b9ed0f08fb5ddfe685
[2024-11-29 11:12:45.908] [info]  [Flux] Dispatching CONNECTION_OPEN
[2024-11-29 11:12:45.910] [info]  [DatabaseManager] removing database (user: 714728028340748328, database: undefined)
[2024-11-29 11:12:45.916] [warn]  [NativeDispatchUtils] Tried getting Dispatch instance before instantiated
[2024-11-29 11:12:45.946] [info]  [GatewaySocket] [READY_SUPPLEMENTAL] took 1567ms
[2024-11-29 11:12:46.069] [info]  [discord_protos.discord_users.v1.FrecencyUserSettings] Loading proto
[2024-11-29 11:12:46.158] [error] Unrecognized Content-Security-Policy directive 'prefetch-src'.
[2024-11-29 11:12:48.616] [error] Access to XMLHttpRequest at 'https://cdn.discordapp.com/changelogs/config_0.json?x=2' from origin 'https://discordapp.com' has been blocked by CORS policy: No 'Access-Control-Allow-Origin' header is present on the requested resource.
[2024-11-29 11:12:48.622] [error] Uncaught (in promise) Error: Request has been terminated
Possible causes: the network is offline, Origin is not allowed by Access-Control-Allow-Origin, the page is being unloaded, etc.
[2024-11-29 11:12:49.150] [info]  [RPCServer:WSS] Starting on 6463
[2024-11-29 11:12:49.152] [info]  [RPCServer:IPC] Starting on /run/user/1000/discord-ipc-0
[2024-11-29 11:13:26.551] [info]  [MessageActionCreators] Fetching messages for 1269843938110472328 between undefined and undefined. jump={"jumpType":"ANIMATED"}
[2024-11-29 11:13:26.562] [error] Unrecognized Content-Security-Policy directive 'prefetch-src'.
[2024-11-29 11:13:26.742] [info]  [Routing/Utils] transitionTo - Transitioning to /channels/1269741302799536178/1269843938110472328
[2024-11-29 11:13:27.324] [info]  [MessageActionCreators] Fetched 14 messages for 1269843938110472328 isBefore:false isAfter:false
[2024-11-29 11:13:27.328] [info]  [ChannelMessages] loadComplete: resetting state for channelId=1269843938110472328, sending.length=0
[2024-11-29 11:13:34.394] [info]  [MessageActionCreators] Fetching messages for 1269843983400697887 between undefined and undefined. jump={"jumpType":"ANIMATED"}
[2024-11-29 11:13:34.568] [info]  [Routing/Utils] transitionTo - Transitioning to /channels/1269741302799536178/1269843983400697887
[2024-11-29 11:13:34.899] [info]  [MessageActionCreators] Fetched 8 messages for 1269843983400697887 isBefore:false isAfter:false
[2024-11-29 11:13:34.900] [info]  [ChannelMessages] loadComplete: resetting state for channelId=1269843983400697887, sending.length=0
[2024-11-29 11:13:36.317] [info]  [MessageActionCreators] Fetching messages for 1269844576747786321 between undefined and undefined. jump={"jumpType":"ANIMATED"}
[2024-11-29 11:13:36.475] [info]  [Routing/Utils] transitionTo - Transitioning to /channels/1269741302799536178/1269844576747786321
[2024-11-29 11:13:36.845] [info]  [MessageActionCreators] Fetched 5 messages for 1269844576747786321 isBefore:false isAfter:false
[2024-11-29 11:13:36.846] [info]  [ChannelMessages] loadComplete: resetting state for channelId=1269844576747786321, sending.length=0
[2024-11-29 11:13:37.426] [info]  Deprecated as of 10.7.0. highlight(lang, code, ...args) has been deprecated.
[2024-11-29 11:13:37.426] [info]  Deprecated as of 10.7.0. Please use highlight(code, options) instead.
https://github.com/highlightjs/highlight.js/issues/2277
[2024-11-29 11:13:38.877] [info]  [MessageActionCreators] Fetching messages for 1269744747891654687 between undefined and undefined. jump={"jumpType":"ANIMATED"}
[2024-11-29 11:13:38.995] [info]  [Routing/Utils] transitionTo - Transitioning to /channels/1269741302799536178/1269744747891654687
[2024-11-29 11:13:39.406] [info]  [MessageActionCreators] Fetched 4 messages for 1269744747891654687 isBefore:false isAfter:false
[2024-11-29 11:13:39.409] [info]  [ChannelMessages] loadComplete: resetting state for channelId=1269744747891654687, sending.length=0
[2024-11-29 11:13:39.612] [info]  [MessageActionCreators] Fetching messages for 1269744790656782467 between undefined and undefined. jump={"jumpType":"ANIMATED"}
[2024-11-29 11:13:39.726] [info]  [Routing/Utils] transitionTo - Transitioning to /channels/1269741302799536178/1269744790656782467
[2024-11-29 11:13:40.226] [info]  [MessageActionCreators] Fetched 17 messages for 1269744790656782467 isBefore:false isAfter:false
[2024-11-29 11:13:40.228] [info]  [ChannelMessages] loadComplete: resetting state for channelId=1269744790656782467, sending.length=0
[2024-11-29 11:15:08.858] [info]  [WindowVisibilityVideoManager] Incoming video enabled changed, incomingVideoEnabled = false
[2024-11-29 11:18:25.725] [info]  [RunningGameStore] games [object Object]
[2024-11-29 11:18:30.703] [info]  [RunningGameStore] games [object Object]
[2024-11-29 11:19:00.726] [info]  [RunningGameStore] games [object Object]
[2024-11-29 11:20:05.865] [info]  [RunningGameStore] games [object Object]
[2024-11-29 11:20:10.866] [info]  [RunningGameStore] games [object Object]
[2024-11-29 11:21:15.986] [info]  [RunningGameStore] games [object Object]
[2024-11-29 11:21:20.997] [info]  [RunningGameStore] games [object Object]
[2024-11-29 11:21:26.001] [info]  [RunningGameStore] games [object Object]
[2024-11-29 11:21:41.030] [info]  [RunningGameStore] games [object Object]
[2024-11-29 11:22:11.097] [info]  [RunningGameStore] games [object Object]
[2024-11-29 11:22:16.109] [info]  [RunningGameStore] games [object Object]
[2024-11-29 11:24:41.415] [info]  [RunningGameStore] games [object Object]
[2024-11-29 11:25:11.479] [info]  [RunningGameStore] games [object Object]
[2024-11-29 11:25:31.520] [info]  [RunningGameStore] games [object Object]
[2024-11-29 11:25:36.531] [info]  [RunningGameStore] games [object Object]
[2024-11-29 11:28:21.881] [info]  [RunningGameStore] games [object Object]
[2024-11-29 11:29:01.965] [info]  [RunningGameStore] games [object Object]
[2024-11-29 11:29:16.999] [info]  [RunningGameStore] games [object Object]
[2024-11-29 11:29:47.066] [info]  [RunningGameStore] games [object Object]
[2024-11-29 11:30:52.210] [info]  [RunningGameStore] games [object Object]
[2024-11-29 11:31:47.312] [info]  [RunningGameStore] games [object Object]
[2024-11-29 11:31:52.328] [info]  [RunningGameStore] games [object Object]
[2024-11-29 11:32:07.349] [info]  [RunningGameStore] games [object Object]
[2024-11-29 11:32:12.359] [info]  [RunningGameStore] games [object Object]
[2024-11-29 11:32:17.372] [info]  [RunningGameStore] games [object Object]
[2024-11-29 11:32:27.389] [info]  [RunningGameStore] games [object Object]
[2024-11-29 11:32:37.407] [info]  [RunningGameStore] games [object Object]
[2024-11-29 11:32:42.421] [info]  [RunningGameStore] games [object Object]
[2024-11-29 11:33:02.460] [info]  [RunningGameStore] games [object Object]
[2024-11-29 11:34:22.616] [info]  [RunningGameStore] games [object Object]
[2024-11-29 11:34:27.625] [info]  [RunningGameStore] games [object Object]
[2024-11-29 11:34:32.643] [info]  [RunningGameStore] games [object Object]
[2024-11-29 11:34:52.683] [info]  [RunningGameStore] games [object Object]
[2024-11-29 11:34:57.690] [info]  [RunningGameStore] games [object Object]
[2024-11-29 11:35:12.710] [info]  [RunningGameStore] games [object Object]
[2024-11-29 11:35:17.721] [info]  [RunningGameStore] games [object Object]
[2024-11-29 11:41:08.472] [info]  [RunningGameStore] games [object Object]
[2024-11-29 11:41:13.483] [info]  [RunningGameStore] games [object Object]
[2024-11-29 11:41:23.500] [info]  [RunningGameStore] games [object Object]
[2024-11-29 11:41:33.517] [info]  [RunningGameStore] games [object Object]
[2024-11-29 11:41:38.530] [info]  [RunningGameStore] games [object Object]
[2024-11-29 11:41:43.541] [info]  [RunningGameStore] games [object Object]
[2024-11-29 11:41:48.551] [info]  [RunningGameStore] games [object Object]
[2024-11-29 11:41:53.562] [info]  [RunningGameStore] games [object Object]
[2024-11-29 11:42:03.588] [info]  [RunningGameStore] games [object Object]
[2024-11-29 11:43:13.728] [info]  [RunningGameStore] games [object Object]
[2024-11-29 11:43:23.740] [info]  [RunningGameStore] games [object Object]
[2024-11-29 11:44:43.880] [info]  [RunningGameStore] games [object Object]
[2024-11-29 11:44:48.890] [info]  [RunningGameStore] games [object Object]
[2024-11-29 11:44:53.900] [info]  [RunningGameStore] games [object Object]
[2024-11-29 11:45:03.922] [info]  [RunningGameStore] games [object Object]
[2024-11-29 11:45:08.935] [info]  [RunningGameStore] games [object Object]
[2024-11-29 11:45:13.937] [info]  [RunningGameStore] games [object Object]
[2024-11-29 11:45:18.952] [info]  [RunningGameStore] games [object Object]
[2024-11-29 11:45:54.028] [info]  [RunningGameStore] games [object Object]
[2024-11-29 11:45:59.038] [info]  [RunningGameStore] games [object Object]
[2024-11-29 11:49:54.525] [info]  [RunningGameStore] games [object Object]
[2024-11-29 11:49:59.527] [info]  [RunningGameStore] games [object Object]
[2024-11-29 11:50:19.579] [info]  [RunningGameStore] games [object Object]
[2024-11-29 11:50:34.611] [info]  [RunningGameStore] games [object Object]
[2024-11-29 11:50:39.616] [info]  [RunningGameStore] games [object Object]
[2024-11-29 11:50:44.622] [info]  [RunningGameStore] games [object Object]
[2024-11-29 11:50:59.644] [info]  [RunningGameStore] games [object Object]
[2024-11-29 11:51:09.665] [info]  [RunningGameStore] games [object Object]
[2024-11-29 11:51:29.701] [info]  [RunningGameStore] games [object Object]
[2024-11-29 11:51:44.733] [info]  [RunningGameStore] games [object Object]
[2024-11-29 11:51:54.745] [info]  [RunningGameStore] games [object Object]
[2024-11-29 11:51:55.468] [info]  [WindowVisibilityVideoManager] Incoming video enabled changed, incomingVideoEnabled = true
[2024-11-29 11:51:59.754] [info]  [RunningGameStore] games [object Object]
[2024-11-29 11:52:09.759] [info]  [RunningGameStore] games [object Object]
[2024-11-29 11:53:44.921] [info]  [RunningGameStore] games [object Object]
[2024-11-29 11:53:49.931] [info]  [RunningGameStore] games [object Object]
[2024-11-29 11:55:20.115] [info]  [RunningGameStore] games [object Object]
[2024-11-29 11:56:30.207] [info]  [RunningGameStore] games [object Object]
[2024-11-29 11:56:52.860] [info]  [WindowVisibilityVideoManager] Incoming video enabled changed, incomingVideoEnabled = false
[2024-11-29 11:58:05.344] [info]  [RunningGameStore] games [object Object]
[2024-11-29 11:58:40.412] [info]  [RunningGameStore] games [object Object]
[2024-11-29 12:00:25.608] [info]  [RunningGameStore] games [object Object]
[2024-11-29 12:00:30.618] [info]  [RunningGameStore] games [object Object]
[2024-11-29 12:00:45.644] [info]  [RunningGameStore] games [object Object]
[2024-11-29 12:01:30.712] [info]  [RunningGameStore] games [object Object]
[2024-11-29 12:01:35.723] [info]  [RunningGameStore] games [object Object]
[2024-11-29 12:03:51.012] [info]  [RunningGameStore] games [object Object]
[2024-11-29 12:04:06.045] [info]  [RunningGameStore] games [object Object]
[2024-11-29 12:04:41.119] [info]  [RunningGameStore] games [object Object]
[2024-11-29 12:07:16.454] [info]  [RunningGameStore] games [object Object]
[2024-11-29 12:07:26.474] [info]  [RunningGameStore] games [object Object]
[2024-11-29 12:07:31.485] [info]  [RunningGameStore] games [object Object]
[2024-11-29 12:09:26.720] [info]  [RunningGameStore] games [object Object]
[2024-11-29 12:12:46.269] [info]  [GatewaySocket] [CONNECT] wss://gateway-us-east1-c.discord.gg, encoding: etf, version: 9, compression: zstd-stream
[2024-11-29 12:12:46.924] [info]  [GatewaySocket] [CONNECTED] wss://gateway-us-east1-c.discord.gg/?encoding=etf&v=9&compress=zstd-stream in 655 ms
[2024-11-29 12:12:46.924] [info]  [GatewaySocket] [RESUME] resuming session dda9b717ef7b64b9ed0f08fb5ddfe685, seq: 211
[2024-11-29 12:12:47.826] [info]  [Flux] Dispatching CONNECTION_RESUMED
[2024-11-29 12:12:47.831] [info]  [GatewaySocket] [RESUMED] took 1562ms, replayed 0 events, new seq: 212
[2024-11-29 12:12:53.861] [info]  [discord_protos.discord_users.v1.FrecencyUserSettings] Scheduling save from markDirty
[2024-11-29 12:12:53.862] [info]  [discord_protos.discord_users.v1.FrecencyUserSettings] Persisting proto
[2024-11-29 12:14:12.265] [info]  [RunningGameStore] games [object Object]
[2024-11-29 12:16:32.488] [info]  [RunningGameStore] games [object Object]
[2024-11-29 12:16:37.497] [info]  [RunningGameStore] games [object Object]
[2024-11-29 12:17:17.534] [info]  [RunningGameStore] games [object Object]
[2024-11-29 12:18:12.626] [info]  [RunningGameStore] games [object Object]
[2024-11-29 12:20:07.809] [info]  [RunningGameStore] games [object Object]
[2024-11-29 12:20:32.862] [info]  [RunningGameStore] games [object Object]
[2024-11-29 12:25:18.382] [info]  [RunningGameStore] games [object Object]
[2024-11-29 12:26:23.513] [info]  [RunningGameStore] games [object Object]
[2024-11-29 12:30:39.015] [info]  [RunningGameStore] games [object Object]
[2024-11-29 12:30:54.010] [info]  [RunningGameStore] games [object Object]
[2024-11-29 12:30:59.015] [info]  [RunningGameStore] games [object Object]
[2024-11-29 12:31:54.055] [info]  [RunningGameStore] games [object Object]
[2024-11-29 12:37:19.614] [info]  [RunningGameStore] games [object Object]
[2024-11-29 12:37:24.626] [info]  [RunningGameStore] games [object Object]
[2024-11-29 12:38:09.731] [info]  [RunningGameStore] games [object Object]
[2024-11-29 12:38:14.738] [info]  [RunningGameStore] games [object Object]
[2024-11-29 12:38:19.752] [info]  [RunningGameStore] games [object Object]
[2024-11-29 12:38:24.757] [info]  [RunningGameStore] games [object Object]
[2024-11-29 12:38:59.822] [info]  [RunningGameStore] games [object Object]
[2024-11-29 12:39:04.826] [info]  [RunningGameStore] games [object Object]
[2024-11-29 12:39:09.835] [info]  [RunningGameStore] games [object Object]
[2024-11-29 12:39:14.839] [info]  [RunningGameStore] games [object Object]
[2024-11-29 12:39:19.846] [info]  [RunningGameStore] games [object Object]
[2024-11-29 12:39:24.853] [info]  [RunningGameStore] games [object Object]
[2024-11-29 12:39:29.860] [info]  [RunningGameStore] games [object Object]
[2024-11-29 12:39:39.875] [info]  [RunningGameStore] games [object Object]
[2024-11-29 12:40:29.944] [info]  [RunningGameStore] games [object Object]
[2024-11-29 12:40:34.951] [info]  [RunningGameStore] games [object Object]
[2024-11-29 12:41:14.994] [info]  [RunningGameStore] games [object Object]
[2024-11-29 12:41:19.995] [info]  [RunningGameStore] games [object Object]
[2024-11-29 12:41:25.002] [info]  [RunningGameStore] games [object Object]
[2024-11-29 12:41:30.010] [info]  [RunningGameStore] games [object Object]
[2024-11-29 12:41:35.018] [info]  [RunningGameStore] games [object Object]
[2024-11-29 12:42:00.051] [info]  [RunningGameStore] games [object Object]
[2024-11-29 12:42:05.058] [info]  [RunningGameStore] games [object Object]
[2024-11-29 12:42:20.080] [info]  [RunningGameStore] games [object Object]
[2024-11-29 12:42:25.090] [info]  [RunningGameStore] games [object Object]
[2024-11-29 12:43:15.159] [info]  [RunningGameStore] games [object Object]
[2024-11-29 12:43:20.167] [info]  [RunningGameStore] games [object Object]
[2024-11-29 12:43:25.174] [info]  [RunningGameStore] games [object Object]
[2024-11-29 12:43:30.183] [info]  [RunningGameStore] games [object Object]
[2024-11-29 12:43:40.198] [info]  [RunningGameStore] games [object Object]
[2024-11-29 12:43:45.206] [info]  [RunningGameStore] games [object Object]
[2024-11-29 12:43:50.213] [info]  [RunningGameStore] games [object Object]
[2024-11-29 12:43:55.222] [info]  [RunningGameStore] games [object Object]
[2024-11-29 12:44:00.239] [info]  [RunningGameStore] games [object Object]
[2024-11-29 12:44:05.244] [info]  [RunningGameStore] games [object Object]
[2024-11-29 12:44:10.252] [info]  [RunningGameStore] games [object Object]
[2024-11-29 12:44:15.258] [info]  [RunningGameStore] games [object Object]
[2024-11-29 12:44:30.276] [info]  [RunningGameStore] games [object Object]
[2024-11-29 12:44:35.283] [info]  [RunningGameStore] games [object Object]
[2024-11-29 12:44:40.290] [info]  [RunningGameStore] games [object Object]
[2024-11-29 12:44:50.305] [info]  [RunningGameStore] games [object Object]
[2024-11-29 12:44:55.313] [info]  [RunningGameStore] games [object Object]
[2024-11-29 12:45:10.335] [info]  [RunningGameStore] games [object Object]
[2024-11-29 12:45:15.340] [info]  [RunningGameStore] games [object Object]
[2024-11-29 12:45:20.348] [info]  [RunningGameStore] games [object Object]
[2024-11-29 12:45:25.356] [info]  [RunningGameStore] games [object Object]
[2024-11-29 12:45:45.379] [info]  [RunningGameStore] games [object Object]
[2024-11-29 12:46:00.405] [info]  [RunningGameStore] games [object Object]
[2024-11-29 12:46:05.413] [info]  [RunningGameStore] games [object Object]
[2024-11-29 12:46:10.421] [info]  [RunningGameStore] games [object Object]
[2024-11-29 12:46:45.470] [info]  [RunningGameStore] games [object Object]
[2024-11-29 12:46:50.478] [info]  [RunningGameStore] games [object Object]
[2024-11-29 12:47:10.510] [info]  [RunningGameStore] games [object Object]
[2024-11-29 12:47:15.513] [info]  [RunningGameStore] games [object Object]
[2024-11-29 12:47:20.521] [info]  [RunningGameStore] games [object Object]
[2024-11-29 12:47:25.528] [info]  [RunningGameStore] games [object Object]
[2024-11-29 12:47:30.532] [info]  [RunningGameStore] games [object Object]
[2024-11-29 12:48:10.593] [info]  [RunningGameStore] games [object Object]
[2024-11-29 12:48:15.596] [info]  [RunningGameStore] games [object Object]
[2024-11-29 12:48:30.618] [info]  [RunningGameStore] games [object Object]
[2024-11-29 12:48:35.623] [info]  [RunningGameStore] games [object Object]
[2024-11-29 12:48:40.630] [info]  [RunningGameStore] games [object Object]
[2024-11-29 12:48:50.641] [info]  [RunningGameStore] games [object Object]
[2024-11-29 12:48:55.648] [info]  [RunningGameStore] games [object Object]
[2024-11-29 12:49:00.655] [info]  [RunningGameStore] games [object Object]
[2024-11-29 12:49:05.701] [info]  [RunningGameStore] games [object Object]
[2024-11-29 12:49:10.687] [info]  [RunningGameStore] games [object Object]
[2024-11-29 12:49:30.701] [info]  [RunningGameStore] games [object Object]
[2024-11-29 12:49:35.705] [info]  [RunningGameStore] games [object Object]
[2024-11-29 12:49:40.713] [info]  [RunningGameStore] games [object Object]
[2024-11-29 12:49:45.719] [info]  [RunningGameStore] games [object Object]
[2024-11-29 12:49:50.720] [info]  [RunningGameStore] games [object Object]
[2024-11-29 12:49:55.722] [info]  [RunningGameStore] games [object Object]
[2024-11-29 12:50:00.725] [info]  [RunningGameStore] games [object Object]
[2024-11-29 12:50:05.723] [info]  [RunningGameStore] games [object Object]
[2024-11-29 12:50:10.726] [info]  [RunningGameStore] games [object Object]
[2024-11-29 12:50:15.726] [info]  [RunningGameStore] games [object Object]
[2024-11-29 12:50:20.734] [info]  [RunningGameStore] games [object Object]
[2024-11-29 12:50:25.744] [info]  [RunningGameStore] games [object Object]
[2024-11-29 12:50:30.753] [info]  [RunningGameStore] games [object Object]
[2024-11-29 12:50:35.759] [info]  [RunningGameStore] games [object Object]
[2024-11-29 12:50:40.764] [info]  [RunningGameStore] games [object Object]
[2024-11-29 12:50:45.773] [info]  [RunningGameStore] games [object Object]
[2024-11-29 12:50:50.778] [info]  [RunningGameStore] games [object Object]
[2024-11-29 12:50:55.781] [info]  [RunningGameStore] games [object Object]
[2024-11-29 12:51:00.779] [info]  [RunningGameStore] games [object Object]
[2024-11-29 12:51:05.779] [info]  [RunningGameStore] games [object Object]
[2024-11-29 12:51:10.780] [info]  [RunningGameStore] games [object Object]
[2024-11-29 12:51:15.783] [info]  [RunningGameStore] games [object Object]
[2024-11-29 12:51:20.785] [info]  [RunningGameStore] games [object Object]
[2024-11-29 12:51:25.786] [info]  [RunningGameStore] games [object Object]
[2024-11-29 12:51:30.789] [info]  [RunningGameStore] games [object Object]
[2024-11-29 12:51:35.786] [info]  [RunningGameStore] games [object Object]
[2024-11-29 12:51:40.801] [info]  [RunningGameStore] games [object Object]
[2024-11-29 12:51:55.833] [info]  [RunningGameStore] games [object Object]
[2024-11-29 12:56:21.361] [info]  [RunningGameStore] games [object Object]
[2024-11-29 12:56:26.373] [info]  [RunningGameStore] games [object Object]
[2024-11-29 12:56:31.378] [info]  [RunningGameStore] games [object Object]
[2024-11-29 12:56:51.417] [info]  [RunningGameStore] games [object Object]
[2024-11-29 12:56:56.415] [info]  [RunningGameStore] games [object Object]
[2024-11-29 12:57:36.431] [info]  [RunningGameStore] games [object Object]
[2024-11-29 13:04:07.143] [info]  [RunningGameStore] games [object Object]
[2024-11-29 13:04:22.178] [info]  [RunningGameStore] games [object Object]
[2024-11-29 13:04:52.242] [info]  [RunningGameStore] games [object Object]
[2024-11-29 13:05:02.264] [info]  [RunningGameStore] games [object Object]
[2024-11-29 13:05:26.446] [info]  [GatewaySocket] [WS CLOSED] (false, 1006, ) retrying in 1.07 seconds.
[2024-11-29 13:05:27.825] [info]  [GatewaySocket] [CONNECT] wss://gateway-us-east1-c.discord.gg, encoding: etf, version: 9, compression: zstd-stream
[2024-11-29 13:05:27.827] [info]  [GatewaySocket] [WS CLOSED] (false, 0, An error with the websocket occurred) retrying in 1.27 seconds.
[2024-11-29 14:21:47.000] [info]  [GatewaySocket] [CONNECT] wss://gateway.discord.gg, encoding: etf, version: 9, compression: zstd-stream
[2024-11-29 14:21:47.003] [info]  [GatewaySocket] [WS CLOSED] (false, 0, An error with the websocket occurred) retrying in 1.30 seconds.
[2024-11-29 14:21:47.770] [info]  [GatewaySocket] [CONNECT] wss://gateway.discord.gg, encoding: etf, version: 9, compression: zstd-stream
[2024-11-29 14:21:47.776] [info]  [GatewaySocket] [WS CLOSED] (true, 0, power monitor resumed) retrying immediately.
[2024-11-29 14:21:47.776] [info]  [GatewaySocket] [CONNECT] wss://gateway.discord.gg, encoding: etf, version: 9, compression: zstd-stream
[2024-11-29 14:21:47.778] [info]  [GatewaySocket] [WS CLOSED] (false, 0, An error with the websocket occurred) retrying in 2.34 seconds.
[2024-11-29 14:21:50.243] [info]  [GatewaySocket] [CONNECT] wss://gateway.discord.gg, encoding: etf, version: 9, compression: zstd-stream
[2024-11-29 14:21:50.252] [info]  [GatewaySocket] [WS CLOSED] (false, 0, An error with the websocket occurred) retrying in 6.47 seconds.
[2024-11-29 14:21:51.998] [info]  [RunningGameStore] games [object Object]
[2024-11-29 14:21:52.458] [info]  [GatewaySocket] [CONNECT] wss://gateway.discord.gg, encoding: etf, version: 9, compression: zstd-stream
[2024-11-29 14:21:52.540] [info]  [GatewaySocket] [WS CLOSED] (false, 0, An error with the websocket occurred) retrying in 2.22 seconds.
[2024-11-29 14:21:55.251] [info]  [GatewaySocket] [CONNECT] wss://gateway.discord.gg, encoding: etf, version: 9, compression: zstd-stream
[2024-11-29 14:21:55.356] [info]  [GatewaySocket] [WS CLOSED] (false, 0, An error with the websocket occurred) retrying in 3.83 seconds.
[2024-11-29 14:21:56.307] [warn]  [AnalyticsTrackingStore] Track: Request has been terminated
Possible causes: the network is offline, Origin is not allowed by Access-Control-Allow-Origin, the page is being unloaded, etc.
[2024-11-29 14:21:59.249] [info]  [GatewaySocket] [CONNECT] wss://gateway.discord.gg, encoding: etf, version: 9, compression: zstd-stream
[2024-11-29 14:21:59.347] [info]  [GatewaySocket] [WS CLOSED] (false, 0, An error with the websocket occurred) retrying in 5.74 seconds.
[2024-11-29 14:22:02.378] [error] Uncaught (in promise) Error: Request has been terminated
Possible causes: the network is offline, Origin is not allowed by Access-Control-Allow-Origin, the page is being unloaded, etc.
[2024-11-29 14:22:05.253] [info]  [GatewaySocket] [CONNECT] wss://gateway.discord.gg, encoding: etf, version: 9, compression: zstd-stream
[2024-11-29 14:22:05.386] [info]  [GatewaySocket] [WS CLOSED] (false, 0, An error with the websocket occurred) retrying in 14.70 seconds.
[2024-11-29 14:22:07.027] [info]  [RunningGameStore] games [object Object]
[2024-11-29 14:22:20.251] [info]  [GatewaySocket] [CONNECT] wss://gateway.discord.gg, encoding: etf, version: 9, compression: zstd-stream
[2024-11-29 14:22:20.408] [info]  [GatewaySocket] [WS CLOSED] (false, 0, An error with the websocket occurred) retrying in 27.76 seconds.
[2024-11-29 14:22:20.408] [warn]  [GatewaySocket] [RESET] (false, 0, An error with the websocket occurred)
[2024-11-29 14:22:20.408] [info]  [Flux] Dispatching CONNECTION_CLOSED
[2024-11-29 14:22:22.058] [info]  [RunningGameStore] games [object Object]
[2024-11-29 14:22:27.068] [info]  [RunningGameStore] games [object Object]
[2024-11-29 14:22:32.269] [warn]  [AnalyticsTrackingStore] Track: Request has been terminated
Possible causes: the network is offline, Origin is not allowed by Access-Control-Allow-Origin, the page is being unloaded, etc.
[2024-11-29 14:22:48.250] [info]  [GatewaySocket] [CONNECT] wss://gateway.discord.gg, encoding: etf, version: 9, compression: zstd-stream
[2024-11-29 14:22:48.394] [info]  [GatewaySocket] [WS CLOSED] (false, 0, An error with the websocket occurred) retrying in 60.00 seconds.
[2024-11-29 14:22:48.394] [warn]  [GatewaySocket] [RESET] (false, 0, An error with the websocket occurred)
[2024-11-29 14:22:48.394] [info]  [Flux] Dispatching CONNECTION_CLOSED
[2024-11-29 14:22:57.125] [info]  [RunningGameStore] games [object Object]
[2024-11-29 14:23:49.252] [info]  [GatewaySocket] [CONNECT] wss://gateway.discord.gg, encoding: etf, version: 9, compression: zstd-stream
[2024-11-29 14:23:49.333] [info]  [GatewaySocket] [WS CLOSED] (false, 0, An error with the websocket occurred) retrying in 60.00 seconds.
[2024-11-29 14:23:49.334] [warn]  [GatewaySocket] [RESET] (false, 0, An error with the websocket occurred)
[2024-11-29 14:23:49.334] [info]  [Flux] Dispatching CONNECTION_CLOSED
[2024-11-29 14:24:50.250] [info]  [GatewaySocket] [CONNECT] wss://gateway.discord.gg, encoding: etf, version: 9, compression: zstd-stream
[2024-11-29 14:24:50.361] [info]  [GatewaySocket] [WS CLOSED] (false, 0, An error with the websocket occurred) retrying in 60.00 seconds.
[2024-11-29 14:24:50.362] [warn]  [GatewaySocket] [RESET] (false, 0, An error with the websocket occurred)
[2024-11-29 14:24:50.362] [info]  [Flux] Dispatching CONNECTION_CLOSED
[2024-11-29 14:25:51.251] [info]  [GatewaySocket] [CONNECT] wss://gateway.discord.gg, encoding: etf, version: 9, compression: zstd-stream
[2024-11-29 14:25:51.334] [info]  [GatewaySocket] [WS CLOSED] (false, 0, An error with the websocket occurred) retrying in 60.00 seconds.
[2024-11-29 14:25:51.335] [warn]  [GatewaySocket] [RESET] (false, 0, An error with the websocket occurred)
[2024-11-29 14:25:51.335] [info]  [Flux] Dispatching CONNECTION_CLOSED
[2024-11-29 14:26:47.605] [info]  [RunningGameStore] games [object Object]
[2024-11-29 14:26:52.246] [info]  [GatewaySocket] [CONNECT] wss://gateway.discord.gg, encoding: etf, version: 9, compression: zstd-stream
[2024-11-29 14:26:52.790] [info]  [GatewaySocket] [CONNECTED] wss://gateway.discord.gg/?encoding=etf&v=9&compress=zstd-stream in 544 ms
[2024-11-29 14:26:54.224] [info]  [GatewaySocket] [READY] took 1978ms, as 04465a37fa6de976c2d2ebab6558a88b
[2024-11-29 14:26:54.241] [info]  [Flux] Dispatching CONNECTION_OPEN
[2024-11-29 14:26:54.248] [info]  [DatabaseManager] removing database (user: 714728028340748328, database: null)
[2024-11-29 14:26:54.263] [warn]  [NativeDispatchUtils] Tried getting Dispatch instance before instantiated
[2024-11-29 14:26:54.290] [info]  [MessageActionCreators] Fetching messages for 1269744790656782467 between undefined and undefined. jump={"jumpType":"ANIMATED"}
[2024-11-29 14:26:54.382] [info]  [GatewaySocket] [READY_SUPPLEMENTAL] took 2137ms
[2024-11-29 14:26:55.105] [info]  [MessageActionCreators] Fetched 17 messages for 1269744790656782467 isBefore:false isAfter:false
[2024-11-29 14:26:55.109] [info]  [ChannelMessages] loadComplete: resetting state for channelId=1269744790656782467, sending.length=0
[2024-11-29 14:26:58.610] [error] Access to XMLHttpRequest at 'https://cdn.discordapp.com/changelogs/config_0.json?x=5' from origin 'https://discordapp.com' has been blocked by CORS policy: No 'Access-Control-Allow-Origin' header is present on the requested resource.
[2024-11-29 14:26:58.615] [error] Uncaught (in promise) Error: Request has been terminated
Possible causes: the network is offline, Origin is not allowed by Access-Control-Allow-Origin, the page is being unloaded, etc.
[2024-11-29 14:28:47.975] [info]  [GatewaySocket] [WS CLOSED] (true, 1000, ) retrying in 2.03 seconds.
[2024-11-29 14:28:50.244] [info]  [GatewaySocket] [CONNECT] wss://gateway-us-east1-c.discord.gg, encoding: etf, version: 9, compression: zstd-stream
[2024-11-29 14:28:50.935] [info]  [GatewaySocket] [CONNECTED] wss://gateway-us-east1-c.discord.gg/?encoding=etf&v=9&compress=zstd-stream in 692 ms
[2024-11-29 14:28:50.936] [info]  [GatewaySocket] [RESUME] resuming session 04465a37fa6de976c2d2ebab6558a88b, seq: 29
[2024-11-29 14:28:52.243] [info]  [Flux] Dispatching CONNECTION_RESUMED
[2024-11-29 14:28:52.244] [info]  [GatewaySocket] [RESUMED] took 2002ms, replayed 0 events, new seq: 30
[2024-11-29 14:49:55.317] [info]  [RunningGameStore] games [object Object]
[2024-11-29 14:52:45.377] [info]  [RunningGameStore] games [object Object]
[2024-11-29 14:52:50.380] [info]  [RunningGameStore] games [object Object]
[2024-11-29 14:53:05.378] [info]  [RunningGameStore] games [object Object]
[2024-11-29 14:54:10.517] [info]  [RunningGameStore] games [object Object]
[2024-11-29 14:54:15.527] [info]  [RunningGameStore] games [object Object]
[2024-11-29 14:54:50.593] [info]  [RunningGameStore] games [object Object]
[2024-11-29 14:54:55.600] [info]  [RunningGameStore] games [object Object]
[2024-11-29 14:55:00.610] [info]  [RunningGameStore] games [object Object]
[2024-11-29 14:55:55.732] [info]  [RunningGameStore] games [object Object]
[2024-11-29 14:56:20.779] [info]  [RunningGameStore] games [object Object]
[2024-11-29 14:56:35.806] [info]  [RunningGameStore] games [object Object]
[2024-11-29 14:56:55.859] [info]  [RunningGameStore] games [object Object]
[2024-11-29 14:57:30.928] [info]  [RunningGameStore] games [object Object]
[2024-11-29 14:57:35.941] [info]  [RunningGameStore] games [object Object]
[2024-11-29 14:57:40.951] [info]  [RunningGameStore] games [object Object]
[2024-11-29 14:57:45.962] [info]  [RunningGameStore] games [object Object]
[2024-11-29 14:57:50.971] [info]  [RunningGameStore] games [object Object]
[2024-11-29 14:57:55.981] [info]  [RunningGameStore] games [object Object]
[2024-11-29 14:58:00.991] [info]  [RunningGameStore] games [object Object]
[2024-11-29 14:58:16.029] [info]  [RunningGameStore] games [object Object]
[2024-11-29 14:58:21.042] [info]  [RunningGameStore] games [object Object]
[2024-11-29 14:58:26.048] [info]  [RunningGameStore] games [object Object]
[2024-11-29 14:59:06.112] [info]  [RunningGameStore] games [object Object]
[2024-11-29 14:59:16.127] [info]  [RunningGameStore] games [object Object]
[2024-11-29 14:59:21.140] [info]  [RunningGameStore] games [object Object]
[2024-11-29 14:59:26.151] [info]  [RunningGameStore] games [object Object]
[2024-11-29 14:59:46.190] [info]  [RunningGameStore] games [object Object]
[2024-11-29 14:59:56.212] [info]  [RunningGameStore] games [object Object]
[2024-11-29 15:00:11.237] [info]  [RunningGameStore] games [object Object]
[2024-11-29 15:00:16.247] [info]  [RunningGameStore] games [object Object]
[2024-11-29 15:00:21.259] [info]  [RunningGameStore] games [object Object]
[2024-11-29 15:00:26.270] [info]  [RunningGameStore] games [object Object]
[2024-11-29 15:01:11.366] [info]  [RunningGameStore] games [object Object]
[2024-11-29 15:01:36.413] [info]  [RunningGameStore] games [object Object]
[2024-11-29 15:01:41.421] [info]  [RunningGameStore] games [object Object]
[2024-11-29 15:08:52.268] [info]  [RunningGameStore] games [object Object]
[2024-11-29 15:09:17.317] [info]  [RunningGameStore] games [object Object]
[2024-11-29 15:09:22.330] [info]  [RunningGameStore] games [object Object]
[2024-11-29 15:09:27.344] [info]  [RunningGameStore] games [object Object]
[2024-11-29 15:09:32.346] [info]  [RunningGameStore] games [object Object]
[2024-11-29 15:09:37.349] [info]  [RunningGameStore] games [object Object]
[2024-11-29 15:29:39.760] [info]  [RunningGameStore] games [object Object]
[2024-11-29 15:30:39.877] [info]  [RunningGameStore] games [object Object]
[2024-11-29 15:30:59.916] [info]  [RunningGameStore] games [object Object]
[2024-11-29 16:01:23.275] [warn]  [GatewaySocket] [ACK TIMEOUT] reconnecting in 1.72 seconds.
[2024-11-29 16:01:25.244] [info]  [GatewaySocket] [CONNECT] wss://gateway-us-east1-c.discord.gg, encoding: etf, version: 9, compression: zstd-stream
[2024-11-29 16:01:25.380] [info]  [GatewaySocket] [WS CLOSED] (false, 0, An error with the websocket occurred) retrying in 2.76 seconds.
[2024-11-29 16:01:28.244] [info]  [GatewaySocket] [CONNECT] wss://gateway.discord.gg, encoding: etf, version: 9, compression: zstd-stream
[2024-11-29 16:01:28.395] [info]  [GatewaySocket] [WS CLOSED] (false, 0, An error with the websocket occurred) retrying in 7.11 seconds.
[2024-11-29 16:01:36.252] [info]  [GatewaySocket] [CONNECT] wss://gateway.discord.gg, encoding: etf, version: 9, compression: zstd-stream
[2024-11-29 16:01:36.403] [info]  [GatewaySocket] [WS CLOSED] (false, 0, An error with the websocket occurred) retrying in 18.90 seconds.
[2024-11-29 16:01:56.252] [info]  [GatewaySocket] [CONNECT] wss://gateway.discord.gg, encoding: etf, version: 9, compression: zstd-stream
[2024-11-29 16:01:56.344] [info]  [GatewaySocket] [WS CLOSED] (false, 0, An error with the websocket occurred) retrying in 44.66 seconds.
[2024-11-29 16:01:56.344] [warn]  [GatewaySocket] [RESET] (false, 0, An error with the websocket occurred)
[2024-11-29 16:01:56.345] [info]  [Flux] Dispatching CONNECTION_CLOSED
[2024-11-29 16:02:07.419] [error] Uncaught (in promise) Error: Request has been terminated
Possible causes: the network is offline, Origin is not allowed by Access-Control-Allow-Origin, the page is being unloaded, etc.
[2024-11-29 16:02:41.249] [info]  [GatewaySocket] [CONNECT] wss://gateway.discord.gg, encoding: etf, version: 9, compression: zstd-stream
[2024-11-29 16:02:41.342] [info]  [GatewaySocket] [WS CLOSED] (false, 0, An error with the websocket occurred) retrying in 55.59 seconds.
[2024-11-29 16:02:41.342] [warn]  [GatewaySocket] [RESET] (false, 0, An error with the websocket occurred)
[2024-11-29 16:02:41.343] [info]  [Flux] Dispatching CONNECTION_CLOSED
[2024-11-29 16:03:37.249] [info]  [GatewaySocket] [CONNECT] wss://gateway.discord.gg, encoding: etf, version: 9, compression: zstd-stream
[2024-11-29 16:03:37.359] [info]  [GatewaySocket] [WS CLOSED] (false, 0, An error with the websocket occurred) retrying in 60.00 seconds.
[2024-11-29 16:03:37.360] [warn]  [GatewaySocket] [RESET] (false, 0, An error with the websocket occurred)
[2024-11-29 16:03:37.360] [info]  [Flux] Dispatching CONNECTION_CLOSED
[2024-11-29 16:04:38.249] [info]  [GatewaySocket] [CONNECT] wss://gateway.discord.gg, encoding: etf, version: 9, compression: zstd-stream
[2024-11-29 16:04:38.339] [info]  [GatewaySocket] [WS CLOSED] (false, 0, An error with the websocket occurred) retrying in 60.00 seconds.
[2024-11-29 16:04:38.340] [warn]  [GatewaySocket] [RESET] (false, 0, An error with the websocket occurred)
[2024-11-29 16:04:38.340] [info]  [Flux] Dispatching CONNECTION_CLOSED
[2024-11-29 16:05:39.249] [info]  [GatewaySocket] [CONNECT] wss://gateway.discord.gg, encoding: etf, version: 9, compression: zstd-stream
[2024-11-29 16:05:39.354] [info]  [GatewaySocket] [WS CLOSED] (false, 0, An error with the websocket occurred) retrying in 60.00 seconds.
[2024-11-29 16:05:39.355] [warn]  [GatewaySocket] [RESET] (false, 0, An error with the websocket occurred)
[2024-11-29 16:05:39.355] [info]  [Flux] Dispatching CONNECTION_CLOSED
[2024-11-29 16:06:40.252] [info]  [GatewaySocket] [CONNECT] wss://gateway.discord.gg, encoding: etf, version: 9, compression: zstd-stream
[2024-11-29 16:06:40.400] [info]  [GatewaySocket] [WS CLOSED] (false, 0, An error with the websocket occurred) retrying in 60.00 seconds.
[2024-11-29 16:06:40.400] [warn]  [GatewaySocket] [RESET] (false, 0, An error with the websocket occurred)
[2024-11-29 16:06:40.401] [info]  [Flux] Dispatching CONNECTION_CLOSED
[2024-11-29 16:07:41.250] [info]  [GatewaySocket] [CONNECT] wss://gateway.discord.gg, encoding: etf, version: 9, compression: zstd-stream
[2024-11-29 16:07:41.363] [info]  [GatewaySocket] [WS CLOSED] (false, 0, An error with the websocket occurred) retrying in 60.00 seconds.
[2024-11-29 16:07:41.364] [warn]  [GatewaySocket] [RESET] (false, 0, An error with the websocket occurred)
[2024-11-29 16:07:41.364] [info]  [Flux] Dispatching CONNECTION_CLOSED
[2024-11-29 16:08:42.253] [info]  [GatewaySocket] [CONNECT] wss://gateway.discord.gg, encoding: etf, version: 9, compression: zstd-stream
[2024-11-29 16:08:42.348] [info]  [GatewaySocket] [WS CLOSED] (false, 0, An error with the websocket occurred) retrying in 60.00 seconds.
[2024-11-29 16:08:42.349] [warn]  [GatewaySocket] [RESET] (false, 0, An error with the websocket occurred)
[2024-11-29 16:08:42.349] [info]  [Flux] Dispatching CONNECTION_CLOSED
[2024-11-29 16:09:43.246] [info]  [GatewaySocket] [CONNECT] wss://gateway.discord.gg, encoding: etf, version: 9, compression: zstd-stream
[2024-11-29 16:09:43.332] [info]  [GatewaySocket] [WS CLOSED] (false, 0, An error with the websocket occurred) retrying in 60.00 seconds.
[2024-11-29 16:09:43.332] [warn]  [GatewaySocket] [RESET] (false, 0, An error with the websocket occurred)
[2024-11-29 16:09:43.332] [info]  [Flux] Dispatching CONNECTION_CLOSED
[2024-11-29 16:10:44.245] [info]  [GatewaySocket] [CONNECT] wss://gateway.discord.gg, encoding: etf, version: 9, compression: zstd-stream
[2024-11-29 16:10:44.369] [info]  [GatewaySocket] [WS CLOSED] (false, 0, An error with the websocket occurred) retrying in 60.00 seconds.
[2024-11-29 16:10:44.370] [warn]  [GatewaySocket] [RESET] (false, 0, An error with the websocket occurred)
[2024-11-29 16:10:44.370] [info]  [Flux] Dispatching CONNECTION_CLOSED
[2024-11-29 16:11:45.253] [info]  [GatewaySocket] [CONNECT] wss://gateway.discord.gg, encoding: etf, version: 9, compression: zstd-stream
[2024-11-29 16:11:45.347] [info]  [GatewaySocket] [WS CLOSED] (false, 0, An error with the websocket occurred) retrying in 60.00 seconds.
[2024-11-29 16:11:45.347] [warn]  [GatewaySocket] [RESET] (false, 0, An error with the websocket occurred)
[2024-11-29 16:11:45.348] [info]  [Flux] Dispatching CONNECTION_CLOSED
[2024-11-29 16:12:46.252] [info]  [GatewaySocket] [CONNECT] wss://gateway.discord.gg, encoding: etf, version: 9, compression: zstd-stream
[2024-11-29 16:12:46.347] [info]  [GatewaySocket] [WS CLOSED] (false, 0, An error with the websocket occurred) retrying in 60.00 seconds.
[2024-11-29 16:12:46.348] [warn]  [GatewaySocket] [RESET] (false, 0, An error with the websocket occurred)
[2024-11-29 16:12:46.348] [info]  [Flux] Dispatching CONNECTION_CLOSED
[2024-11-29 16:13:47.249] [info]  [GatewaySocket] [CONNECT] wss://gateway.discord.gg, encoding: etf, version: 9, compression: zstd-stream
[2024-11-29 16:13:47.340] [info]  [GatewaySocket] [WS CLOSED] (false, 0, An error with the websocket occurred) retrying in 60.00 seconds.
[2024-11-29 16:13:47.341] [warn]  [GatewaySocket] [RESET] (false, 0, An error with the websocket occurred)
[2024-11-29 16:13:47.341] [info]  [Flux] Dispatching CONNECTION_CLOSED
[2024-11-29 16:14:48.253] [info]  [GatewaySocket] [CONNECT] wss://gateway.discord.gg, encoding: etf, version: 9, compression: zstd-stream
[2024-11-29 16:14:48.357] [info]  [GatewaySocket] [WS CLOSED] (false, 0, An error with the websocket occurred) retrying in 60.00 seconds.
[2024-11-29 16:14:48.358] [warn]  [GatewaySocket] [RESET] (false, 0, An error with the websocket occurred)
[2024-11-29 16:14:48.358] [info]  [Flux] Dispatching CONNECTION_CLOSED
[2024-11-29 16:15:49.253] [info]  [GatewaySocket] [CONNECT] wss://gateway.discord.gg, encoding: etf, version: 9, compression: zstd-stream
[2024-11-29 16:15:49.351] [info]  [GatewaySocket] [WS CLOSED] (false, 0, An error with the websocket occurred) retrying in 60.00 seconds.
[2024-11-29 16:15:49.351] [warn]  [GatewaySocket] [RESET] (false, 0, An error with the websocket occurred)
[2024-11-29 16:15:49.352] [info]  [Flux] Dispatching CONNECTION_CLOSED
[2024-11-29 16:16:15.914] [info]  [RunningGameStore] games [object Object]
[2024-11-29 16:16:25.929] [info]  [RunningGameStore] games [object Object]
[2024-11-29 16:16:50.249] [info]  [GatewaySocket] [CONNECT] wss://gateway.discord.gg, encoding: etf, version: 9, compression: zstd-stream
[2024-11-29 16:16:50.838] [info]  [GatewaySocket] [CONNECTED] wss://gateway.discord.gg/?encoding=etf&v=9&compress=zstd-stream in 589 ms
[2024-11-29 16:16:51.899] [info]  [GatewaySocket] [READY] took 1651ms, as 733781d24a622618f7a2c9b2227cd8fe
[2024-11-29 16:16:51.912] [info]  [Flux] Dispatching CONNECTION_OPEN
[2024-11-29 16:16:51.915] [info]  [DatabaseManager] removing database (user: 714728028340748328, database: null)
[2024-11-29 16:16:51.920] [warn]  [NativeDispatchUtils] Tried getting Dispatch instance before instantiated
[2024-11-29 16:16:51.933] [info]  [MessageActionCreators] Fetching messages for 1269744790656782467 between undefined and undefined. jump={"jumpType":"ANIMATED"}
[2024-11-29 16:16:52.012] [info]  [GatewaySocket] [READY_SUPPLEMENTAL] took 1764ms
[2024-11-29 16:16:52.687] [info]  [MessageActionCreators] Fetched 17 messages for 1269744790656782467 isBefore:false isAfter:false
[2024-11-29 16:16:52.692] [info]  [ChannelMessages] loadComplete: resetting state for channelId=1269744790656782467, sending.length=0
[2024-11-29 16:16:55.569] [error] Access to XMLHttpRequest at 'https://cdn.discordapp.com/changelogs/config_0.json?x=3' from origin 'https://discordapp.com' has been blocked by CORS policy: No 'Access-Control-Allow-Origin' header is present on the requested resource.
[2024-11-29 16:16:55.571] [error] Uncaught (in promise) Error: Request has been terminated
Possible causes: the network is offline, Origin is not allowed by Access-Control-Allow-Origin, the page is being unloaded, etc.
[2024-11-29 16:36:28.724] [info]  [RunningGameStore] games [object Object]
[2024-11-29 16:44:19.774] [info]  [RunningGameStore] games [object Object]
[2024-11-29 16:44:24.787] [info]  [RunningGameStore] games [object Object]
[2024-11-29 16:46:10.034] [info]  [RunningGameStore] games [object Object]
[2024-11-29 16:46:15.046] [info]  [RunningGameStore] games [object Object]
[2024-11-29 17:15:17.775] [info]  [GatewaySocket] [CONNECT] wss://gateway-us-east1-b.discord.gg, encoding: etf, version: 9, compression: zstd-stream
[2024-11-29 17:15:18.368] [info]  [GatewaySocket] [CONNECTED] wss://gateway-us-east1-b.discord.gg/?encoding=etf&v=9&compress=zstd-stream in 593 ms
[2024-11-29 17:15:18.369] [info]  [GatewaySocket] [RESUME] resuming session 733781d24a622618f7a2c9b2227cd8fe, seq: 246
[2024-11-29 17:15:19.245] [info]  [Flux] Dispatching CONNECTION_RESUMED
[2024-11-29 17:15:19.251] [info]  [GatewaySocket] [RESUMED] took 1475ms, replayed 0 events, new seq: 247
[2024-11-29 17:26:30.209] [info]  [RunningGameStore] games [object Object]
[2024-11-29 17:26:35.214] [info]  [RunningGameStore] games [object Object]
[2024-11-29 17:32:20.855] [info]  [RunningGameStore] games [object Object]
[2024-11-29 17:32:25.864] [info]  [RunningGameStore] games [object Object]
[2024-11-29 17:32:57.679] [info]  [GatewaySocket] [WS CLOSED] (true, 1000, ) retrying in 1.16 seconds.
[2024-11-29 17:32:59.244] [info]  [GatewaySocket] [CONNECT] wss://gateway-us-east1-b.discord.gg, encoding: etf, version: 9, compression: zstd-stream
[2024-11-29 17:33:00.081] [info]  [GatewaySocket] [CONNECTED] wss://gateway-us-east1-b.discord.gg/?encoding=etf&v=9&compress=zstd-stream in 837 ms
[2024-11-29 17:33:00.082] [info]  [GatewaySocket] [RESUME] resuming session 733781d24a622618f7a2c9b2227cd8fe, seq: 334
[2024-11-29 17:33:01.244] [info]  [Flux] Dispatching CONNECTION_RESUMED
[2024-11-29 17:33:01.248] [info]  [GatewaySocket] [RESUMED] took 2005ms, replayed 0 events, new seq: 335
[2024-11-29 17:41:31.985] [info]  [RunningGameStore] games [object Object]
[2024-11-29 17:41:36.992] [info]  [RunningGameStore] games [object Object]
[2024-11-29 17:42:35.253] [warn]  [GatewaySocket] [ACK TIMEOUT] reconnecting in 2.00 seconds.
[2024-11-29 17:42:38.243] [info]  [GatewaySocket] [CONNECT] wss://gateway-us-east1-b.discord.gg, encoding: etf, version: 9, compression: zstd-stream
[2024-11-29 17:42:38.885] [info]  [GatewaySocket] [CONNECTED] wss://gateway-us-east1-b.discord.gg/?encoding=etf&v=9&compress=zstd-stream in 642 ms
[2024-11-29 17:42:38.886] [info]  [GatewaySocket] [RESUME] resuming session 733781d24a622618f7a2c9b2227cd8fe, seq: 405
[2024-11-29 17:42:40.246] [info]  [Flux] Dispatching CONNECTION_RESUMED
[2024-11-29 17:42:40.249] [info]  [GatewaySocket] [RESUMED] took 2007ms, replayed 0 events, new seq: 414
[2024-11-29 18:21:12.002] [info]  [RunningGameStore] games [object Object]
[2024-11-29 18:22:47.194] [info]  [RunningGameStore] games [object Object]
[2024-11-29 18:23:47.328] [info]  [RunningGameStore] games [object Object]
[2024-11-29 18:24:12.381] [info]  [RunningGameStore] games [object Object]
[2024-11-29 18:25:57.607] [info]  [RunningGameStore] games [object Object]
[2024-11-29 18:26:07.634] [info]  [RunningGameStore] games [object Object]
[2024-11-29 18:26:12.638] [info]  [RunningGameStore] games [object Object]
[2024-11-29 18:26:32.680] [info]  [RunningGameStore] games [object Object]
[2024-11-29 18:26:37.690] [info]  [RunningGameStore] games [object Object]
[2024-11-29 18:27:12.766] [info]  [RunningGameStore] games [object Object]
[2024-11-29 18:27:17.774] [info]  [RunningGameStore] games [object Object]
[2024-11-29 18:27:31.249] [warn]  [GatewaySocket] [ACK TIMEOUT] reconnecting in 2.60 seconds.
[2024-11-29 18:27:34.243] [info]  [GatewaySocket] [CONNECT] wss://gateway-us-east1-b.discord.gg, encoding: etf, version: 9, compression: zstd-stream
[2024-11-29 18:27:34.919] [info]  [GatewaySocket] [CONNECTED] wss://gateway-us-east1-b.discord.gg/?encoding=etf&v=9&compress=zstd-stream in 676 ms
[2024-11-29 18:27:34.920] [info]  [GatewaySocket] [RESUME] resuming session 733781d24a622618f7a2c9b2227cd8fe, seq: 726
[2024-11-29 18:27:36.246] [info]  [Flux] Dispatching CONNECTION_RESUMED
[2024-11-29 18:27:36.247] [info]  [GatewaySocket] [RESUMED] took 2004ms, replayed 0 events, new seq: 731
[2024-11-29 18:30:08.112] [info]  [RunningGameStore] games [object Object]
[2024-11-29 18:34:48.766] [info]  [RunningGameStore] games [object Object]
[2024-11-29 18:36:23.965] [info]  [RunningGameStore] games [object Object]
[2024-11-29 18:36:28.979] [info]  [RunningGameStore] games [object Object]
[2024-11-29 18:45:15.105] [info]  [RunningGameStore] games [object Object]
[2024-11-29 18:45:20.112] [info]  [RunningGameStore] games [object Object]
[2024-11-29 18:45:50.172] [info]  [RunningGameStore] games [object Object]
[2024-11-29 18:48:55.566] [info]  [RunningGameStore] games [object Object]
[2024-11-29 18:49:00.566] [info]  [RunningGameStore] games [object Object]
[2024-11-29 18:49:10.582] [info]  [RunningGameStore] games [object Object]
[2024-11-29 18:51:20.869] [info]  [RunningGameStore] games [object Object]
[2024-11-29 19:16:54.194] [info]  [RunningGameStore] games [object Object]
[2024-11-29 19:32:01.113] [info]  [RunningGameStore] games [object Object]
[2024-11-29 19:40:12.163] [info]  [RunningGameStore] games [object Object]
[2024-11-29 19:42:12.410] [info]  [RunningGameStore] games [object Object]
[2024-11-29 19:48:27.859] [info]  [RunningGameStore] games [object Object]
[2024-11-29 19:49:32.986] [info]  [RunningGameStore] games [object Object]
[2024-11-29 19:49:37.990] [info]  [RunningGameStore] games [object Object]
[2024-11-29 19:49:58.034] [info]  [RunningGameStore] games [object Object]
[2024-11-29 19:50:03.048] [info]  [RunningGameStore] games [object Object]
[2024-11-29 19:50:08.055] [info]  [RunningGameStore] games [object Object]
[2024-11-29 19:51:03.185] [info]  [RunningGameStore] games [object Object]
[2024-11-29 19:51:08.195] [info]  [RunningGameStore] games [object Object]
[2024-11-29 19:51:13.204] [info]  [RunningGameStore] games [object Object]
[2024-11-29 19:51:38.255] [info]  [RunningGameStore] games [object Object]
[2024-11-29 19:51:43.265] [info]  [RunningGameStore] games [object Object]
[2024-11-29 19:52:33.369] [info]  [RunningGameStore] games [object Object]
[2024-11-29 19:52:48.405] [info]  [RunningGameStore] games [object Object]
[2024-11-29 19:53:58.426] [info]  [RunningGameStore] games [object Object]
[2024-11-29 19:54:03.441] [info]  [RunningGameStore] games [object Object]
[2024-11-29 19:54:08.445] [info]  [RunningGameStore] games [object Object]
[2024-11-29 19:54:18.473] [info]  [RunningGameStore] games [object Object]
[2024-11-29 19:54:58.571] [info]  [RunningGameStore] games [object Object]
[2024-11-29 19:55:03.579] [info]  [RunningGameStore] games [object Object]
[2024-11-29 19:55:13.595] [info]  [RunningGameStore] games [object Object]
[2024-11-29 19:55:23.621] [info]  [RunningGameStore] games [object Object]
[2024-11-29 19:56:03.714] [info]  [RunningGameStore] games [object Object]
[2024-11-29 19:56:08.726] [info]  [RunningGameStore] games [object Object]
[2024-11-29 19:56:13.739] [info]  [RunningGameStore] games [object Object]
[2024-11-29 19:56:18.750] [info]  [RunningGameStore] games [object Object]
[2024-11-29 19:56:38.791] [info]  [RunningGameStore] games [object Object]
[2024-11-29 19:56:43.797] [info]  [RunningGameStore] games [object Object]
[2024-11-29 19:56:58.831] [info]  [RunningGameStore] games [object Object]
[2024-11-29 19:57:03.847] [info]  [RunningGameStore] games [object Object]
[2024-11-29 19:57:13.869] [info]  [RunningGameStore] games [object Object]
[2024-11-29 19:57:18.878] [info]  [RunningGameStore] games [object Object]
[2024-11-29 19:57:23.883] [info]  [RunningGameStore] games [object Object]
[2024-11-29 19:57:28.897] [info]  [RunningGameStore] games [object Object]
[2024-11-29 19:57:33.909] [info]  [RunningGameStore] games [object Object]
[2024-11-29 19:58:03.971] [info]  [RunningGameStore] games [object Object]
[2024-11-29 19:58:18.988] [info]  [RunningGameStore] games [object Object]
[2024-11-29 19:58:39.036] [info]  [RunningGameStore] games [object Object]
[2024-11-29 19:58:44.046] [info]  [RunningGameStore] games [object Object]
[2024-11-29 19:58:54.066] [info]  [RunningGameStore] games [object Object]
[2024-11-29 19:59:04.093] [info]  [RunningGameStore] games [object Object]
[2024-11-29 19:59:14.116] [info]  [RunningGameStore] games [object Object]
[2024-11-29 19:59:24.138] [info]  [RunningGameStore] games [object Object]
[2024-11-29 19:59:29.149] [info]  [RunningGameStore] games [object Object]
[2024-11-29 19:59:34.159] [info]  [RunningGameStore] games [object Object]
[2024-11-29 19:59:39.165] [info]  [RunningGameStore] games [object Object]
[2024-11-29 19:59:44.178] [info]  [RunningGameStore] games [object Object]
[2024-11-29 19:59:49.192] [info]  [RunningGameStore] games [object Object]
[2024-11-29 19:59:59.213] [info]  [RunningGameStore] games [object Object]
[2024-11-29 20:03:21.275] [warn]  [GatewaySocket] [ACK TIMEOUT] reconnecting in 2.61 seconds.
[2024-11-29 20:03:24.244] [info]  [GatewaySocket] [CONNECT] wss://gateway-us-east1-b.discord.gg, encoding: etf, version: 9, compression: zstd-stream
[2024-11-29 20:03:24.249] [info]  [GatewaySocket] [WS CLOSED] (false, 0, An error with the websocket occurred) retrying in 6.55 seconds.
[2024-11-29 20:03:25.223] [info]  [GatewaySocket] [CONNECT] wss://gateway.discord.gg, encoding: etf, version: 9, compression: zstd-stream
[2024-11-29 20:03:25.226] [info]  [GatewaySocket] [WS CLOSED] (false, 0, An error with the websocket occurred) retrying in 1.66 seconds.
[2024-11-29 20:03:27.244] [info]  [GatewaySocket] [CONNECT] wss://gateway.discord.gg, encoding: etf, version: 9, compression: zstd-stream
[2024-11-29 20:03:27.251] [info]  [GatewaySocket] [WS CLOSED] (false, 0, An error with the websocket occurred) retrying in 3.10 seconds.
[2024-11-29 20:03:31.250] [info]  [GatewaySocket] [CONNECT] wss://gateway.discord.gg, encoding: etf, version: 9, compression: zstd-stream
[2024-11-29 20:03:31.282] [info]  [GatewaySocket] [WS CLOSED] (false, 0, An error with the websocket occurred) retrying in 4.36 seconds.
[2024-11-29 20:03:36.249] [info]  [GatewaySocket] [CONNECT] wss://gateway.discord.gg, encoding: etf, version: 9, compression: zstd-stream
[2024-11-29 20:03:36.277] [info]  [GatewaySocket] [WS CLOSED] (false, 0, An error with the websocket occurred) retrying in 12.39 seconds.
[2024-11-29 20:03:49.253] [info]  [GatewaySocket] [CONNECT] wss://gateway.discord.gg, encoding: etf, version: 9, compression: zstd-stream
[2024-11-29 20:03:49.286] [info]  [GatewaySocket] [WS CLOSED] (false, 0, An error with the websocket occurred) retrying in 26.12 seconds.
[2024-11-29 20:03:49.286] [warn]  [GatewaySocket] [RESET] (false, 0, An error with the websocket occurred)
[2024-11-29 20:03:49.286] [info]  [Flux] Dispatching CONNECTION_CLOSED
[2024-11-29 20:03:54.713] [info]  [RunningGameStore] games [object Object]
[2024-11-29 20:04:00.285] [error] Uncaught (in promise) Error: Request has been terminated
Possible causes: the network is offline, Origin is not allowed by Access-Control-Allow-Origin, the page is being unloaded, etc.
[2024-11-29 20:04:13.894] [info]  [GatewaySocket] [CONNECT] wss://gateway.discord.gg, encoding: etf, version: 9, compression: zstd-stream
[2024-11-29 20:04:13.930] [info]  [GatewaySocket] [WS CLOSED] (false, 0, An error with the websocket occurred) retrying in 2.88 seconds.
[2024-11-29 20:04:17.244] [info]  [GatewaySocket] [CONNECT] wss://gateway.discord.gg, encoding: etf, version: 9, compression: zstd-stream
[2024-11-29 20:04:17.255] [info]  [GatewaySocket] [WS CLOSED] (false, 0, An error with the websocket occurred) retrying in 5.95 seconds.
[2024-11-29 20:04:23.249] [info]  [GatewaySocket] [CONNECT] wss://gateway.discord.gg, encoding: etf, version: 9, compression: zstd-stream
[2024-11-29 20:04:23.306] [info]  [GatewaySocket] [WS CLOSED] (false, 0, An error with the websocket occurred) retrying in 10.16 seconds.
[2024-11-29 20:04:34.249] [info]  [GatewaySocket] [CONNECT] wss://gateway.discord.gg, encoding: etf, version: 9, compression: zstd-stream
[2024-11-29 20:04:34.316] [info]  [GatewaySocket] [WS CLOSED] (false, 0, An error with the websocket occurred) retrying in 13.50 seconds.
[2024-11-29 20:04:41.917] [info]  [GatewaySocket] [CONNECT] wss://gateway.discord.gg, encoding: etf, version: 9, compression: zstd-stream
[2024-11-29 20:04:42.018] [info]  [GatewaySocket] [WS CLOSED] (false, 0, An error with the websocket occurred) retrying in 1.15 seconds.
[2024-11-29 20:04:43.244] [info]  [GatewaySocket] [CONNECT] wss://gateway.discord.gg, encoding: etf, version: 9, compression: zstd-stream
[2024-11-29 20:04:43.499] [info]  [GatewaySocket] [WS CLOSED] (false, 0, An error with the websocket occurred) retrying in 2.66 seconds.
[2024-11-29 20:04:46.244] [info]  [GatewaySocket] [CONNECT] wss://gateway.discord.gg, encoding: etf, version: 9, compression: zstd-stream
[2024-11-29 20:04:46.398] [info]  [GatewaySocket] [WS CLOSED] (false, 0, An error with the websocket occurred) retrying in 4.36 seconds.
[2024-11-29 20:04:51.249] [info]  [GatewaySocket] [CONNECT] wss://gateway.discord.gg, encoding: etf, version: 9, compression: zstd-stream
[2024-11-29 20:04:52.304] [info]  [GatewaySocket] [WS CLOSED] (false, 0, An error with the websocket occurred) retrying in 8.74 seconds.
[2024-11-29 20:04:54.840] [info]  [RunningGameStore] games [object Object]
[2024-11-29 20:05:01.249] [info]  [GatewaySocket] [CONNECT] wss://gateway.discord.gg, encoding: etf, version: 9, compression: zstd-stream
[2024-11-29 20:05:01.899] [info]  [GatewaySocket] [WS CLOSED] (false, 0, An error with the websocket occurred) retrying in 21.76 seconds.
[2024-11-29 20:05:01.900] [warn]  [GatewaySocket] [RESET] (false, 0, An error with the websocket occurred)
[2024-11-29 20:05:01.900] [info]  [Flux] Dispatching CONNECTION_CLOSED
[2024-11-29 20:05:24.250] [info]  [GatewaySocket] [CONNECT] wss://gateway.discord.gg, encoding: etf, version: 9, compression: zstd-stream
[2024-11-29 20:05:24.278] [info]  [GatewaySocket] [WS CLOSED] (false, 0, An error with the websocket occurred) retrying in 51.80 seconds.
[2024-11-29 20:05:24.278] [warn]  [GatewaySocket] [RESET] (false, 0, An error with the websocket occurred)
[2024-11-29 20:05:24.278] [info]  [Flux] Dispatching CONNECTION_CLOSED
[2024-11-29 20:05:29.249] [info]  [GatewaySocket] [CONNECT] wss://gateway.discord.gg, encoding: etf, version: 9, compression: zstd-stream
[2024-11-29 20:05:29.280] [info]  [GatewaySocket] [WS CLOSED] (false, 0, An error with the websocket occurred) retrying in 1.24 seconds.
[2024-11-29 20:05:31.243] [info]  [GatewaySocket] [CONNECT] wss://gateway.discord.gg, encoding: etf, version: 9, compression: zstd-stream
[2024-11-29 20:05:31.249] [info]  [GatewaySocket] [WS CLOSED] (false, 0, An error with the websocket occurred) retrying in 2.21 seconds.
[2024-11-29 20:05:34.243] [info]  [GatewaySocket] [CONNECT] wss://gateway.discord.gg, encoding: etf, version: 9, compression: zstd-stream
[2024-11-29 20:05:34.250] [info]  [GatewaySocket] [WS CLOSED] (false, 0, An error with the websocket occurred) retrying in 5.37 seconds.
[2024-11-29 20:05:39.940] [info]  [RunningGameStore] games [object Object]
[2024-11-29 20:05:40.243] [info]  [GatewaySocket] [CONNECT] wss://gateway.discord.gg, encoding: etf, version: 9, compression: zstd-stream
[2024-11-29 20:05:40.273] [info]  [GatewaySocket] [WS CLOSED] (false, 0, An error with the websocket occurred) retrying in 14.13 seconds.
[2024-11-29 20:05:54.956] [info]  [RunningGameStore] games [object Object]
[2024-11-29 20:05:55.244] [info]  [GatewaySocket] [CONNECT] wss://gateway.discord.gg, encoding: etf, version: 9, compression: zstd-stream
[2024-11-29 20:05:55.280] [info]  [GatewaySocket] [WS CLOSED] (false, 0, An error with the websocket occurred) retrying in 38.31 seconds.
[2024-11-29 20:05:55.281] [warn]  [GatewaySocket] [RESET] (false, 0, An error with the websocket occurred)
[2024-11-29 20:05:55.281] [info]  [Flux] Dispatching CONNECTION_CLOSED
[2024-11-29 20:05:59.964] [info]  [RunningGameStore] games [object Object]
[2024-11-29 20:06:09.988] [info]  [RunningGameStore] games [object Object]
[2024-11-29 20:06:14.996] [info]  [RunningGameStore] games [object Object]
[2024-11-29 20:06:15.569] [info]  [GatewaySocket] [CONNECT] wss://gateway.discord.gg, encoding: etf, version: 9, compression: zstd-stream
[2024-11-29 20:06:15.611] [info]  [GatewaySocket] [WS CLOSED] (false, 0, An error with the websocket occurred) retrying in 2.18 seconds.
[2024-11-29 20:06:18.249] [info]  [GatewaySocket] [CONNECT] wss://gateway.discord.gg, encoding: etf, version: 9, compression: zstd-stream
[2024-11-29 20:06:18.281] [info]  [GatewaySocket] [WS CLOSED] (false, 0, An error with the websocket occurred) retrying in 3.85 seconds.
[2024-11-29 20:06:22.253] [info]  [GatewaySocket] [CONNECT] wss://gateway.discord.gg, encoding: etf, version: 9, compression: zstd-stream
[2024-11-29 20:06:22.291] [info]  [GatewaySocket] [WS CLOSED] (false, 0, An error with the websocket occurred) retrying in 6.89 seconds.
[2024-11-29 20:06:25.016] [info]  [RunningGameStore] games [object Object]
[2024-11-29 20:06:29.246] [info]  [GatewaySocket] [CONNECT] wss://gateway.discord.gg, encoding: etf, version: 9, compression: zstd-stream
[2024-11-29 20:06:29.333] [info]  [GatewaySocket] [WS CLOSED] (false, 0, An error with the websocket occurred) retrying in 7.68 seconds.
[2024-11-29 20:06:37.246] [info]  [GatewaySocket] [CONNECT] wss://gateway.discord.gg, encoding: etf, version: 9, compression: zstd-stream
[2024-11-29 20:06:37.376] [info]  [GatewaySocket] [WS CLOSED] (false, 0, An error with the websocket occurred) retrying in 17.88 seconds.
[2024-11-29 20:06:37.376] [warn]  [GatewaySocket] [RESET] (false, 0, An error with the websocket occurred)
[2024-11-29 20:06:37.376] [info]  [Flux] Dispatching CONNECTION_CLOSED
[2024-11-29 20:06:56.251] [info]  [GatewaySocket] [CONNECT] wss://gateway.discord.gg, encoding: etf, version: 9, compression: zstd-stream
[2024-11-29 20:06:56.474] [info]  [GatewaySocket] [WS CLOSED] (false, 0, An error with the websocket occurred) retrying in 34.07 seconds.
[2024-11-29 20:06:56.474] [warn]  [GatewaySocket] [RESET] (false, 0, An error with the websocket occurred)
[2024-11-29 20:06:56.475] [info]  [Flux] Dispatching CONNECTION_CLOSED
[2024-11-29 20:07:01.249] [info]  [GatewaySocket] [CONNECT] wss://gateway.discord.gg, encoding: etf, version: 9, compression: zstd-stream
[2024-11-29 20:07:01.821] [info]  [GatewaySocket] [WS CLOSED] (false, 0, An error with the websocket occurred) retrying in 1.30 seconds.
[2024-11-29 20:07:03.244] [info]  [GatewaySocket] [CONNECT] wss://gateway.discord.gg, encoding: etf, version: 9, compression: zstd-stream
[2024-11-29 20:07:03.604] [info]  [GatewaySocket] [WS CLOSED] (false, 0, An error with the websocket occurred) retrying in 2.66 seconds.
[2024-11-29 20:07:07.249] [info]  [GatewaySocket] [CONNECT] wss://gateway.discord.gg, encoding: etf, version: 9, compression: zstd-stream
[2024-11-29 20:07:07.862] [info]  [GatewaySocket] [WS CLOSED] (false, 0, An error with the websocket occurred) retrying in 3.64 seconds.
[2024-11-29 20:07:12.252] [info]  [GatewaySocket] [CONNECT] wss://gateway.discord.gg, encoding: etf, version: 9, compression: zstd-stream
[2024-11-29 20:07:16.488] [info]  [GatewaySocket] [WS CLOSED] (false, 0, An error with the websocket occurred) retrying in 10.01 seconds.
[2024-11-29 20:07:27.253] [info]  [GatewaySocket] [CONNECT] wss://gateway.discord.gg, encoding: etf, version: 9, compression: zstd-stream
[2024-11-29 20:07:27.284] [info]  [GatewaySocket] [WS CLOSED] (false, 0, An error with the websocket occurred) retrying in 18.25 seconds.
[2024-11-29 20:07:27.285] [warn]  [GatewaySocket] [RESET] (false, 0, An error with the websocket occurred)
[2024-11-29 20:07:27.285] [info]  [Flux] Dispatching CONNECTION_CLOSED
[2024-11-29 20:07:46.243] [info]  [GatewaySocket] [CONNECT] wss://gateway.discord.gg, encoding: etf, version: 9, compression: zstd-stream
[2024-11-29 20:07:46.274] [info]  [GatewaySocket] [WS CLOSED] (false, 0, An error with the websocket occurred) retrying in 24.46 seconds.
[2024-11-29 20:07:46.274] [warn]  [GatewaySocket] [RESET] (false, 0, An error with the websocket occurred)
[2024-11-29 20:07:46.274] [info]  [Flux] Dispatching CONNECTION_CLOSED
[2024-11-29 20:07:51.924] [info]  [GatewaySocket] [CONNECT] wss://gateway.discord.gg, encoding: etf, version: 9, compression: zstd-stream
[2024-11-29 20:07:51.953] [info]  [GatewaySocket] [WS CLOSED] (false, 0, An error with the websocket occurred) retrying in 2.45 seconds.
[2024-11-29 20:07:55.243] [info]  [GatewaySocket] [CONNECT] wss://gateway.discord.gg, encoding: etf, version: 9, compression: zstd-stream
[2024-11-29 20:07:55.250] [info]  [GatewaySocket] [WS CLOSED] (false, 0, An error with the websocket occurred) retrying in 3.17 seconds.
[2024-11-29 20:07:59.249] [info]  [GatewaySocket] [CONNECT] wss://gateway.discord.gg, encoding: etf, version: 9, compression: zstd-stream
[2024-11-29 20:07:59.279] [info]  [GatewaySocket] [WS CLOSED] (false, 0, An error with the websocket occurred) retrying in 3.90 seconds.
[2024-11-29 20:08:03.249] [info]  [GatewaySocket] [CONNECT] wss://gateway.discord.gg, encoding: etf, version: 9, compression: zstd-stream
[2024-11-29 20:08:03.279] [info]  [GatewaySocket] [WS CLOSED] (false, 0, An error with the websocket occurred) retrying in 8.39 seconds.
[2024-11-29 20:08:12.251] [info]  [GatewaySocket] [CONNECT] wss://gateway.discord.gg, encoding: etf, version: 9, compression: zstd-stream
[2024-11-29 20:08:12.815] [info]  [GatewaySocket] [CONNECTED] wss://gateway.discord.gg/?encoding=etf&v=9&compress=zstd-stream in 564 ms
[2024-11-29 20:08:13.845] [info]  [GatewaySocket] [READY] took 1594ms, as 0a8288de1d70378a84d9dbdaeefdedb2
[2024-11-29 20:08:13.857] [info]  [Flux] Dispatching CONNECTION_OPEN
[2024-11-29 20:08:13.860] [info]  [DatabaseManager] removing database (user: 714728028340748328, database: null)
[2024-11-29 20:08:13.866] [warn]  [NativeDispatchUtils] Tried getting Dispatch instance before instantiated
[2024-11-29 20:08:13.881] [info]  [MessageActionCreators] Fetching messages for 1269744790656782467 between undefined and undefined. jump={"jumpType":"ANIMATED"}
[2024-11-29 20:08:13.969] [info]  [GatewaySocket] [READY_SUPPLEMENTAL] took 1719ms
[2024-11-29 20:08:14.664] [info]  [MessageActionCreators] Fetched 17 messages for 1269744790656782467 isBefore:false isAfter:false
[2024-11-29 20:08:14.667] [info]  [ChannelMessages] loadComplete: resetting state for channelId=1269744790656782467, sending.length=0
[2024-11-29 20:08:17.629] [error] Access to XMLHttpRequest at 'https://cdn.discordapp.com/changelogs/config_0.json?x=1' from origin 'https://discordapp.com' has been blocked by CORS policy: No 'Access-Control-Allow-Origin' header is present on the requested resource.
[2024-11-29 20:08:17.631] [error] Uncaught (in promise) Error: Request has been terminated
Possible causes: the network is offline, Origin is not allowed by Access-Control-Allow-Origin, the page is being unloaded, etc.
[2024-11-29 20:09:30.397] [info]  [RunningGameStore] games [object Object]
[2024-11-29 20:09:35.412] [info]  [RunningGameStore] games [object Object]
[2024-11-29 20:11:45.671] [info]  [RunningGameStore] games [object Object]
[2024-11-29 20:11:50.685] [info]  [RunningGameStore] games [object Object]
[2024-11-29 20:12:05.719] [info]  [RunningGameStore] games [object Object]
[2024-11-30 22:48:44.598] [info]  DiscordSplash.signalReady
[2024-11-30 22:48:44.624] [info]  DiscordSplash.onStateUpdate: {"status":"checking-for-updates"}
[2024-11-30 22:48:44.624] [info]  Splash.onStateUpdate: {"status":"checking-for-updates"}
[2024-11-30 22:48:51.969] [info]  DiscordSplash.onStateUpdate: {"status":"launching"}
[2024-11-30 22:48:51.970] [info]  Splash.onStateUpdate: {"status":"launching"}
[2024-11-30 22:48:53.002] [error] Unrecognized Content-Security-Policy directive 'prefetch-src'.
[2024-11-30 22:48:53.208] [info]  [FAST CONNECT] wss://gateway.discord.gg/?encoding=etf&v=9&compress=zstd-stream, encoding: etf, version: 9
[2024-11-30 22:48:53.238] [error] Unrecognized Content-Security-Policy directive 'prefetch-src'.
[2024-11-30 22:48:53.238] [error] Unrecognized Content-Security-Policy directive 'prefetch-src'.
[2024-11-30 22:48:53.701] [info]  Initializing voice engine with audio subsystem: standard
[2024-11-30 22:48:53.768] [info]  [default] [BUILD INFO] Release Channel: stable, Build Number: 348981, Version Hash: ff756ae24b5e20300bc25be087e4dda886b75cc0
[2024-11-30 22:48:53.821] [info]  [default] [NATIVE INFO] host 0.0.76, modules: discord_desktop_core: 1, discord_erlpack: 1, discord_spellcheck: 1, discord_utils: 1, discord_voice: 1, discord_zstd: 1, discord_krisp: 1, discord_game_utils: 1, discord_rpc: 1, build: null
[2024-11-30 22:48:54.503] [error] [Spellchecker] sh is not a valid locale.
[2024-11-30 22:48:54.507] [info]  [FAST CONNECT] connected in 1299ms
[2024-11-30 22:48:54.511] [error] Unrecognized Content-Security-Policy directive 'prefetch-src'.
[2024-11-30 22:48:54.513] [info]  [Spellchecker] Switching to en-US (available)
[2024-11-30 22:48:54.688] [error] Unrecognized Content-Security-Policy directive 'prefetch-src'.
[2024-11-30 22:48:54.689] [error] Unrecognized Content-Security-Policy directive 'prefetch-src'.
[2024-11-30 22:48:54.799] [warn]  [CloudSyncUtils] CloudSync is not supported on this platform
[2024-11-30 22:48:54.869] [info]  [GatewaySocket] [CONNECT] wss://gateway.discord.gg, encoding: etf, version: 9, compression: zstd-stream
[2024-11-30 22:48:54.869] [info]  [GatewaySocket] [FAST CONNECT] successfully took over websocket, state: [object Object]
[2024-11-30 22:48:54.870] [info]  [GatewaySocket] [CONNECTED] wss://gateway.discord.gg/?encoding=etf&v=9&compress=zstd-stream in 0 ms
[2024-11-30 22:48:54.879] [info]  [RPCServer:WSS] Starting on 6463
[2024-11-30 22:48:54.881] [info]  [RPCServer:IPC] Starting on /run/user/1000/discord-ipc-0
[2024-11-30 22:48:56.321] [info]  [GatewaySocket] [READY] took 1451ms, as 98d2b2faefd88bcce387dfabfea4a183
[2024-11-30 22:48:56.332] [info]  [Flux] Dispatching CONNECTION_OPEN
[2024-11-30 22:48:56.334] [info]  [DatabaseManager] removing database (user: 714728028340748328, database: undefined)
[2024-11-30 22:48:56.337] [warn]  [NativeDispatchUtils] Tried getting Dispatch instance before instantiated
[2024-11-30 22:48:56.347] [info]  [MessageActionCreators] Fetching messages for 1269744790656782467 between undefined and undefined. jump={"jumpType":"ANIMATED"}
[2024-11-30 22:48:56.356] [info]  [GatewaySocket] [READY_SUPPLEMENTAL] took 1487ms
[2024-11-30 22:48:56.453] [info]  [discord_protos.discord_users.v1.FrecencyUserSettings] Loading proto
[2024-11-30 22:48:56.532] [error] Unrecognized Content-Security-Policy directive 'prefetch-src'.
[2024-11-30 22:48:56.851] [info]  [MessageActionCreators] Fetched 17 messages for 1269744790656782467 isBefore:false isAfter:false
[2024-11-30 22:48:56.855] [info]  [ChannelMessages] loadComplete: resetting state for channelId=1269744790656782467, sending.length=0
[2024-11-30 22:48:59.263] [error] Access to XMLHttpRequest at 'https://cdn.discordapp.com/changelogs/config_0.json?x=9' from origin 'https://discordapp.com' has been blocked by CORS policy: No 'Access-Control-Allow-Origin' header is present on the requested resource.
[2024-11-30 22:48:59.268] [error] Uncaught (in promise) Error: Request has been terminated
Possible causes: the network is offline, Origin is not allowed by Access-Control-Allow-Origin, the page is being unloaded, etc.
[2024-11-30 22:49:00.363] [info]  [RunningGameStore] games [object Object]
[2024-11-30 22:50:25.440] [info]  [RunningGameStore] games [object Object]
[2024-11-30 22:50:30.444] [info]  [RunningGameStore] games [object Object]
[2024-11-30 22:54:35.099] [warn]  [GatewaySocket] [ACK TIMEOUT] reconnecting in 2.14 seconds.
[2024-11-30 22:54:37.244] [info]  [GatewaySocket] [CONNECT] wss://gateway-us-east1-b.discord.gg, encoding: etf, version: 9, compression: zstd-stream
[2024-11-30 22:54:46.450] [info]  [GatewaySocket] [CONNECTED] wss://gateway-us-east1-b.discord.gg/?encoding=etf&v=9&compress=zstd-stream in 9204 ms
[2024-11-30 22:54:46.451] [info]  [GatewaySocket] [RESUME] resuming session 98d2b2faefd88bcce387dfabfea4a183, seq: 83
[2024-11-30 22:54:47.204] [info]  [Flux] Dispatching CONNECTION_RESUMED
[2024-11-30 22:54:47.207] [info]  [GatewaySocket] [RESUMED] took 9963ms, replayed 0 events, new seq: 98
[2024-11-30 22:56:51.190] [info]  [RunningGameStore] games [object Object]
[2024-11-30 22:57:16.849] [info]  [WindowVisibilityVideoManager] Incoming video enabled changed, incomingVideoEnabled = false
[2024-11-30 22:57:36.284] [info]  [RunningGameStore] games [object Object]
[2024-11-30 22:57:46.290] [info]  [RunningGameStore] games [object Object]
[2024-11-30 22:57:51.295] [info]  [RunningGameStore] games [object Object]
[2024-11-30 22:58:01.301] [info]  [RunningGameStore] games [object Object]
[2024-11-30 23:00:46.583] [info]  [RunningGameStore] games [object Object]
[2024-11-30 23:00:51.584] [info]  [RunningGameStore] games [object Object]
[2024-11-30 23:02:41.788] [info]  [RunningGameStore] games [object Object]
[2024-11-30 23:02:55.853] [warn]  [GatewaySocket] [ACK TIMEOUT] reconnecting in 2.11 seconds.
[2024-11-30 23:02:56.809] [info]  [RunningGameStore] games [object Object]
[2024-11-30 23:02:58.817] [info]  [GatewaySocket] [CONNECT] wss://gateway-us-east1-b.discord.gg, encoding: etf, version: 9, compression: zstd-stream
[2024-11-30 23:02:59.375] [info]  [GatewaySocket] [CONNECTED] wss://gateway-us-east1-b.discord.gg/?encoding=etf&v=9&compress=zstd-stream in 558 ms
[2024-11-30 23:02:59.375] [info]  [GatewaySocket] [RESUME] resuming session 98d2b2faefd88bcce387dfabfea4a183, seq: 234
[2024-11-30 23:03:00.820] [info]  [Flux] Dispatching CONNECTION_RESUMED
[2024-11-30 23:03:00.825] [info]  [GatewaySocket] [RESUMED] took 2009ms, replayed 0 events, new seq: 245
[2024-11-30 23:07:17.233] [info]  [RunningGameStore] games [object Object]
[2024-11-30 23:07:22.246] [info]  [RunningGameStore] games [object Object]
[2024-11-30 23:07:32.251] [info]  [RunningGameStore] games [object Object]
[2024-11-30 23:07:37.256] [info]  [RunningGameStore] games [object Object]
[2024-11-30 23:07:42.262] [info]  [RunningGameStore] games [object Object]
[2024-11-30 23:07:47.260] [info]  [RunningGameStore] games [object Object]
[2024-11-30 23:07:52.261] [info]  [RunningGameStore] games [object Object]
[2024-11-30 23:41:05.774] [info]  [RunningGameStore] games [object Object]
[2024-11-30 23:41:15.786] [info]  [RunningGameStore] games [object Object]
[2024-11-30 23:41:35.830] [info]  [RunningGameStore] games [object Object]
[2024-11-30 23:48:51.453] [info]  [RunningGameStore] games [object Object]
[2024-12-01 00:00:37.419] [info]  [RunningGameStore] games [object Object]
[2024-12-01 00:04:07.799] [info]  [RunningGameStore] games [object Object]
[2024-12-01 00:04:12.806] [info]  [RunningGameStore] games [object Object]
[2024-12-01 00:04:32.842] [info]  [RunningGameStore] games [object Object]
[2024-12-01 00:07:23.052] [info]  [RunningGameStore] games [object Object]
[2024-12-01 00:07:28.063] [info]  [RunningGameStore] games [object Object]
[2024-12-01 00:09:53.347] [info]  [RunningGameStore] games [object Object]
[2024-12-01 00:17:13.746] [info]  [GatewaySocket] [CONNECT] wss://gateway-us-east1-b.discord.gg, encoding: etf, version: 9, compression: zstd-stream
[2024-12-01 00:17:14.388] [info]  [GatewaySocket] [CONNECTED] wss://gateway-us-east1-b.discord.gg/?encoding=etf&v=9&compress=zstd-stream in 642 ms
[2024-12-01 00:17:14.389] [info]  [GatewaySocket] [RESUME] resuming session 98d2b2faefd88bcce387dfabfea4a183, seq: 1299
[2024-12-01 00:17:14.817] [info]  [Flux] Dispatching CONNECTION_RESUMED
[2024-12-01 00:17:14.817] [info]  [GatewaySocket] [RESUMED] took 1070ms, replayed 0 events, new seq: 1300
[2024-12-01 00:24:55.045] [info]  [RunningGameStore] games [object Object]
[2024-12-01 00:55:03.823] [warn]  [GatewaySocket] [ACK TIMEOUT] reconnecting in 2.31 seconds.
[2024-12-01 00:55:06.820] [info]  [GatewaySocket] [CONNECT] wss://gateway-us-east1-b.discord.gg, encoding: etf, version: 9, compression: zstd-stream
[2024-12-01 00:55:07.644] [info]  [GatewaySocket] [CONNECTED] wss://gateway-us-east1-b.discord.gg/?encoding=etf&v=9&compress=zstd-stream in 824 ms
[2024-12-01 00:55:07.645] [info]  [GatewaySocket] [RESUME] resuming session 98d2b2faefd88bcce387dfabfea4a183, seq: 1588
[2024-12-01 00:55:08.819] [info]  [Flux] Dispatching CONNECTION_RESUMED
[2024-12-01 00:55:08.823] [info]  [GatewaySocket] [RESUMED] took 2003ms, replayed 0 events, new seq: 1594
[2024-12-01 01:26:59.112] [info]  [GatewaySocket] [CONNECT] wss://gateway-us-east1-b.discord.gg, encoding: etf, version: 9, compression: zstd-stream
[2024-12-01 01:26:59.945] [info]  [GatewaySocket] [CONNECTED] wss://gateway-us-east1-b.discord.gg/?encoding=etf&v=9&compress=zstd-stream in 832 ms
[2024-12-01 01:26:59.947] [info]  [GatewaySocket] [RESUME] resuming session 98d2b2faefd88bcce387dfabfea4a183, seq: 1772
[2024-12-01 01:27:00.817] [info]  [Flux] Dispatching CONNECTION_RESUMED
[2024-12-01 01:27:00.822] [info]  [GatewaySocket] [RESUMED] took 1710ms, replayed 0 events, new seq: 1773
[2024-12-01 13:37:07.441] [info]  DiscordSplash.signalReady
[2024-12-01 13:37:07.462] [info]  DiscordSplash.onStateUpdate: {"status":"checking-for-updates"}
[2024-12-01 13:37:07.463] [info]  Splash.onStateUpdate: {"status":"checking-for-updates"}
[2024-12-01 13:37:24.472] [info]  DiscordSplash.onStateUpdate: {"status":"launching","seconds":10}
[2024-12-01 13:37:24.473] [info]  Splash.onStateUpdate: {"status":"launching","seconds":10}
[2024-12-01 13:37:30.828] [error] Unrecognized Content-Security-Policy directive 'prefetch-src'.
[2024-12-01 13:37:31.170] [info]  [FAST CONNECT] wss://gateway.discord.gg/?encoding=etf&v=9&compress=zstd-stream, encoding: etf, version: 9
[2024-12-01 13:37:31.206] [error] Unrecognized Content-Security-Policy directive 'prefetch-src'.
[2024-12-01 13:37:31.207] [error] Unrecognized Content-Security-Policy directive 'prefetch-src'.
[2024-12-01 13:37:31.435] [info]  Initializing voice engine with audio subsystem: standard
[2024-12-01 13:37:31.510] [info]  [default] [BUILD INFO] Release Channel: stable, Build Number: 348981, Version Hash: ff756ae24b5e20300bc25be087e4dda886b75cc0
[2024-12-01 13:37:31.567] [info]  [default] [NATIVE INFO] host 0.0.76, modules: discord_desktop_core: 1, discord_erlpack: 1, discord_spellcheck: 1, discord_utils: 1, discord_voice: 1, discord_zstd: 1, discord_krisp: 1, discord_game_utils: 1, discord_rpc: 1, build: null
[2024-12-01 13:37:32.106] [error] [Spellchecker] sh is not a valid locale.
[2024-12-01 13:37:32.115] [error] Unrecognized Content-Security-Policy directive 'prefetch-src'.
[2024-12-01 13:37:32.117] [info]  [Spellchecker] Switching to en-US (available)
[2024-12-01 13:37:32.355] [warn]  [CloudSyncUtils] CloudSync is not supported on this platform
[2024-12-01 13:37:32.399] [info]  [GatewaySocket] [CONNECT] wss://gateway.discord.gg, encoding: etf, version: 9, compression: zstd-stream
[2024-12-01 13:37:32.399] [info]  [GatewaySocket] [FAST CONNECT] successfully took over websocket, state: [object Object]
[2024-12-01 13:37:32.426] [info]  [RPCServer:WSS] Starting on 6463
[2024-12-01 13:37:32.428] [info]  [RPCServer:IPC] Starting on /run/user/1000/discord-ipc-0
[2024-12-01 13:37:33.042] [error] Unrecognized Content-Security-Policy directive 'prefetch-src'.
[2024-12-01 13:37:33.043] [error] Unrecognized Content-Security-Policy directive 'prefetch-src'.
[2024-12-01 13:37:38.591] [info]  [GatewaySocket] [CONNECTED] wss://gateway.discord.gg/?encoding=etf&v=9&compress=zstd-stream in 6193 ms
[2024-12-01 13:37:47.156] [info]  [GatewaySocket] [READY] took 14758ms, as 04002136d5788c82cd1bcee6f7aae512
[2024-12-01 13:37:47.169] [info]  [Flux] Dispatching CONNECTION_OPEN
[2024-12-01 13:37:47.175] [info]  [DatabaseManager] removing database (user: 714728028340748328, database: undefined)
[2024-12-01 13:37:47.180] [warn]  [NativeDispatchUtils] Tried getting Dispatch instance before instantiated
[2024-12-01 13:37:47.213] [info]  [GatewaySocket] [READY_SUPPLEMENTAL] took 14815ms
[2024-12-01 13:37:47.321] [info]  [discord_protos.discord_users.v1.FrecencyUserSettings] Loading proto
[2024-12-01 13:37:47.431] [error] Unrecognized Content-Security-Policy directive 'prefetch-src'.
[2024-12-01 13:37:53.072] [info]  [RunningGameStore] games [object Object]
[2024-12-01 13:37:55.775] [error] Access to XMLHttpRequest at 'https://cdn.discordapp.com/changelogs/config_0.json?x=7' from origin 'https://discordapp.com' has been blocked by CORS policy: No 'Access-Control-Allow-Origin' header is present on the requested resource.
[2024-12-01 13:37:55.779] [error] Uncaught (in promise) Error: Request has been terminated
Possible causes: the network is offline, Origin is not allowed by Access-Control-Allow-Origin, the page is being unloaded, etc.
[2024-12-01 13:38:38.163] [info]  [RunningGameStore] games [object Object]
[2024-12-01 13:39:23.261] [info]  [RunningGameStore] games [object Object]
[2024-12-01 13:39:48.318] [info]  [RunningGameStore] games [object Object]
[2024-12-01 13:40:58.472] [info]  [RunningGameStore] games [object Object]
[2024-12-01 13:41:08.497] [info]  [RunningGameStore] games [object Object]
[2024-12-01 13:42:08.629] [info]  [RunningGameStore] games [object Object]
[2024-12-01 13:42:58.744] [info]  [RunningGameStore] games [object Object]
[2024-12-01 13:43:23.750] [info]  [RunningGameStore] games [object Object]
[2024-12-01 13:43:28.763] [info]  [RunningGameStore] games [object Object]
[2024-12-01 13:43:33.765] [info]  [RunningGameStore] games [object Object]
[2024-12-01 13:47:44.253] [info]  [RunningGameStore] games [object Object]
[2024-12-01 13:49:59.494] [info]  [RunningGameStore] games [object Object]
[2024-12-01 13:50:09.503] [info]  [RunningGameStore] games [object Object]
[2024-12-01 13:51:49.693] [info]  [RunningGameStore] games [object Object]
[2024-12-01 13:51:59.705] [info]  [RunningGameStore] games [object Object]
[2024-12-01 13:53:14.839] [info]  [RunningGameStore] games [object Object]
[2024-12-01 13:53:19.845] [info]  [RunningGameStore] games [object Object]
[2024-12-01 14:00:20.662] [info]  [RunningGameStore] games [object Object]
[2024-12-01 14:04:16.125] [info]  [RunningGameStore] games [object Object]
[2024-12-01 14:04:41.172] [info]  [RunningGameStore] games [object Object]
[2024-12-01 14:07:46.514] [info]  [RunningGameStore] games [object Object]
[2024-12-01 14:11:21.938] [info]  [RunningGameStore] games [object Object]
[2024-12-01 14:12:32.077] [info]  [RunningGameStore] games [object Object]
[2024-12-01 14:12:37.085] [info]  [RunningGameStore] games [object Object]
[2024-12-01 14:12:52.114] [info]  [RunningGameStore] games [object Object]
[2024-12-01 14:14:32.345] [info]  [RunningGameStore] games [object Object]
[2024-12-01 14:18:16.859] [info]  [WindowVisibilityVideoManager] Incoming video enabled changed, incomingVideoEnabled = false
[2024-12-06 19:25:59.292] [info]  DiscordSplash.signalReady
[2024-12-06 19:25:59.322] [info]  DiscordSplash.onStateUpdate: {"status":"checking-for-updates"}
[2024-12-06 19:25:59.323] [info]  Splash.onStateUpdate: {"status":"checking-for-updates"}
[2024-12-06 19:26:00.293] [info]  DiscordSplash.onStateUpdate: {"status":"downloading-updates","current":1,"total":1}
[2024-12-06 19:26:00.294] [info]  Splash.onStateUpdate: {"status":"downloading-updates","current":1,"total":1}
[2024-12-06 19:26:03.371] [info]  DiscordSplash.onStateUpdate: {"status":"downloading-updates","current":1,"total":1,"progress":1}
[2024-12-06 19:26:03.372] [info]  Splash.onStateUpdate: {"status":"downloading-updates","current":1,"total":1,"progress":1}
[2024-12-06 19:26:05.765] [info]  DiscordSplash.onStateUpdate: {"status":"downloading-updates","current":1,"total":1,"progress":2}
[2024-12-06 19:26:05.766] [info]  Splash.onStateUpdate: {"status":"downloading-updates","current":1,"total":1,"progress":2}
[2024-12-06 19:26:06.813] [info]  DiscordSplash.onStateUpdate: {"status":"downloading-updates","current":1,"total":1,"progress":3}
[2024-12-06 19:26:06.814] [info]  Splash.onStateUpdate: {"status":"downloading-updates","current":1,"total":1,"progress":3}
[2024-12-06 19:26:08.313] [info]  DiscordSplash.onStateUpdate: {"status":"downloading-updates","current":1,"total":1,"progress":4}
[2024-12-06 19:26:08.314] [info]  Splash.onStateUpdate: {"status":"downloading-updates","current":1,"total":1,"progress":4}
[2024-12-06 19:26:09.440] [info]  DiscordSplash.onStateUpdate: {"status":"downloading-updates","current":1,"total":1,"progress":5}
[2024-12-06 19:26:09.440] [info]  Splash.onStateUpdate: {"status":"downloading-updates","current":1,"total":1,"progress":5}
[2024-12-06 19:26:11.053] [info]  DiscordSplash.onStateUpdate: {"status":"downloading-updates","current":1,"total":1,"progress":6}
[2024-12-06 19:26:11.054] [info]  Splash.onStateUpdate: {"status":"downloading-updates","current":1,"total":1,"progress":6}
[2024-12-06 19:26:13.264] [info]  DiscordSplash.onStateUpdate: {"status":"downloading-updates","current":1,"total":1,"progress":7}
[2024-12-06 19:26:13.265] [info]  Splash.onStateUpdate: {"status":"downloading-updates","current":1,"total":1,"progress":7}
[2024-12-06 19:26:13.397] [info]  DiscordSplash.onStateUpdate: {"status":"downloading-updates","current":1,"total":1,"progress":8}
[2024-12-06 19:26:13.398] [info]  Splash.onStateUpdate: {"status":"downloading-updates","current":1,"total":1,"progress":8}
[2024-12-06 19:26:15.047] [info]  DiscordSplash.onStateUpdate: {"status":"downloading-updates","current":1,"total":1,"progress":9}
[2024-12-06 19:26:15.047] [info]  Splash.onStateUpdate: {"status":"downloading-updates","current":1,"total":1,"progress":9}
[2024-12-06 19:26:16.392] [info]  DiscordSplash.onStateUpdate: {"status":"downloading-updates","current":1,"total":1,"progress":10}
[2024-12-06 19:26:16.393] [info]  Splash.onStateUpdate: {"status":"downloading-updates","current":1,"total":1,"progress":10}
[2024-12-06 19:26:17.733] [info]  DiscordSplash.onStateUpdate: {"status":"downloading-updates","current":1,"total":1,"progress":11}
[2024-12-06 19:26:17.734] [info]  Splash.onStateUpdate: {"status":"downloading-updates","current":1,"total":1,"progress":11}
[2024-12-06 19:26:19.072] [info]  DiscordSplash.onStateUpdate: {"status":"downloading-updates","current":1,"total":1,"progress":12}
[2024-12-06 19:26:19.074] [info]  Splash.onStateUpdate: {"status":"downloading-updates","current":1,"total":1,"progress":12}
[2024-12-06 19:26:20.290] [info]  DiscordSplash.onStateUpdate: {"status":"downloading-updates","current":1,"total":1,"progress":13}
[2024-12-06 19:26:20.290] [info]  Splash.onStateUpdate: {"status":"downloading-updates","current":1,"total":1,"progress":13}
[2024-12-06 19:26:21.785] [info]  DiscordSplash.onStateUpdate: {"status":"downloading-updates","current":1,"total":1,"progress":14}
[2024-12-06 19:26:21.786] [info]  Splash.onStateUpdate: {"status":"downloading-updates","current":1,"total":1,"progress":14}
[2024-12-06 19:26:23.567] [info]  DiscordSplash.onStateUpdate: {"status":"downloading-updates","current":1,"total":1,"progress":15}
[2024-12-06 19:26:23.568] [info]  Splash.onStateUpdate: {"status":"downloading-updates","current":1,"total":1,"progress":15}
[2024-12-06 19:26:25.309] [info]  DiscordSplash.onStateUpdate: {"status":"downloading-updates","current":1,"total":1,"progress":16}
[2024-12-06 19:26:25.310] [info]  Splash.onStateUpdate: {"status":"downloading-updates","current":1,"total":1,"progress":16}
[2024-12-06 19:26:26.764] [info]  DiscordSplash.onStateUpdate: {"status":"downloading-updates","current":1,"total":1,"progress":17}
[2024-12-06 19:26:26.765] [info]  Splash.onStateUpdate: {"status":"downloading-updates","current":1,"total":1,"progress":17}
[2024-12-06 19:26:27.767] [info]  DiscordSplash.onStateUpdate: {"status":"downloading-updates","current":1,"total":1,"progress":18}
[2024-12-06 19:26:27.768] [info]  Splash.onStateUpdate: {"status":"downloading-updates","current":1,"total":1,"progress":18}
[2024-12-06 19:26:28.484] [info]  DiscordSplash.onStateUpdate: {"status":"downloading-updates","current":1,"total":1,"progress":19}
[2024-12-06 19:26:28.485] [info]  Splash.onStateUpdate: {"status":"downloading-updates","current":1,"total":1,"progress":19}
[2024-12-06 19:26:29.193] [info]  DiscordSplash.onStateUpdate: {"status":"downloading-updates","current":1,"total":1,"progress":20}
[2024-12-06 19:26:29.194] [info]  Splash.onStateUpdate: {"status":"downloading-updates","current":1,"total":1,"progress":20}
[2024-12-06 19:26:29.904] [info]  DiscordSplash.onStateUpdate: {"status":"downloading-updates","current":1,"total":1,"progress":21}
[2024-12-06 19:26:29.905] [info]  Splash.onStateUpdate: {"status":"downloading-updates","current":1,"total":1,"progress":21}
[2024-12-06 19:26:30.526] [info]  DiscordSplash.onStateUpdate: {"status":"downloading-updates","current":1,"total":1,"progress":22}
[2024-12-06 19:26:30.526] [info]  Splash.onStateUpdate: {"status":"downloading-updates","current":1,"total":1,"progress":22}
[2024-12-06 19:26:30.921] [info]  DiscordSplash.onStateUpdate: {"status":"downloading-updates","current":1,"total":1,"progress":23}
[2024-12-06 19:26:30.922] [info]  Splash.onStateUpdate: {"status":"downloading-updates","current":1,"total":1,"progress":23}
[2024-12-06 19:26:31.174] [info]  DiscordSplash.onStateUpdate: {"status":"downloading-updates","current":1,"total":1,"progress":24}
[2024-12-06 19:26:31.175] [info]  Splash.onStateUpdate: {"status":"downloading-updates","current":1,"total":1,"progress":24}
[2024-12-06 19:26:31.502] [info]  DiscordSplash.onStateUpdate: {"status":"downloading-updates","current":1,"total":1,"progress":25}
[2024-12-06 19:26:31.503] [info]  Splash.onStateUpdate: {"status":"downloading-updates","current":1,"total":1,"progress":25}
[2024-12-06 19:26:31.839] [info]  DiscordSplash.onStateUpdate: {"status":"downloading-updates","current":1,"total":1,"progress":26}
[2024-12-06 19:26:31.840] [info]  Splash.onStateUpdate: {"status":"downloading-updates","current":1,"total":1,"progress":26}
[2024-12-06 19:26:32.256] [info]  DiscordSplash.onStateUpdate: {"status":"downloading-updates","current":1,"total":1,"progress":27}
[2024-12-06 19:26:32.257] [info]  Splash.onStateUpdate: {"status":"downloading-updates","current":1,"total":1,"progress":27}
[2024-12-06 19:26:32.652] [info]  DiscordSplash.onStateUpdate: {"status":"downloading-updates","current":1,"total":1,"progress":28}
[2024-12-06 19:26:32.653] [info]  Splash.onStateUpdate: {"status":"downloading-updates","current":1,"total":1,"progress":28}
[2024-12-06 19:26:33.006] [info]  DiscordSplash.onStateUpdate: {"status":"downloading-updates","current":1,"total":1,"progress":29}
[2024-12-06 19:26:33.007] [info]  Splash.onStateUpdate: {"status":"downloading-updates","current":1,"total":1,"progress":29}
[2024-12-06 19:26:33.406] [info]  DiscordSplash.onStateUpdate: {"status":"downloading-updates","current":1,"total":1,"progress":30}
[2024-12-06 19:26:33.407] [info]  Splash.onStateUpdate: {"status":"downloading-updates","current":1,"total":1,"progress":30}
[2024-12-06 19:26:33.675] [info]  DiscordSplash.onStateUpdate: {"status":"downloading-updates","current":1,"total":1,"progress":31}
[2024-12-06 19:26:33.676] [info]  Splash.onStateUpdate: {"status":"downloading-updates","current":1,"total":1,"progress":31}
[2024-12-06 19:26:34.063] [info]  DiscordSplash.onStateUpdate: {"status":"downloading-updates","current":1,"total":1,"progress":32}
[2024-12-06 19:26:34.064] [info]  Splash.onStateUpdate: {"status":"downloading-updates","current":1,"total":1,"progress":32}
[2024-12-06 19:26:34.368] [info]  DiscordSplash.onStateUpdate: {"status":"downloading-updates","current":1,"total":1,"progress":33}
[2024-12-06 19:26:34.369] [info]  Splash.onStateUpdate: {"status":"downloading-updates","current":1,"total":1,"progress":33}
[2024-12-06 19:26:34.873] [info]  DiscordSplash.onStateUpdate: {"status":"downloading-updates","current":1,"total":1,"progress":34}
[2024-12-06 19:26:34.874] [info]  Splash.onStateUpdate: {"status":"downloading-updates","current":1,"total":1,"progress":34}
[2024-12-06 19:26:35.155] [info]  DiscordSplash.onStateUpdate: {"status":"downloading-updates","current":1,"total":1,"progress":35}
[2024-12-06 19:26:35.156] [info]  Splash.onStateUpdate: {"status":"downloading-updates","current":1,"total":1,"progress":35}
[2024-12-06 19:26:35.651] [info]  DiscordSplash.onStateUpdate: {"status":"downloading-updates","current":1,"total":1,"progress":36}
[2024-12-06 19:26:35.651] [info]  Splash.onStateUpdate: {"status":"downloading-updates","current":1,"total":1,"progress":36}
[2024-12-06 19:26:35.916] [info]  DiscordSplash.onStateUpdate: {"status":"downloading-updates","current":1,"total":1,"progress":37}
[2024-12-06 19:26:35.917] [info]  Splash.onStateUpdate: {"status":"downloading-updates","current":1,"total":1,"progress":37}
[2024-12-06 19:26:36.295] [info]  DiscordSplash.onStateUpdate: {"status":"downloading-updates","current":1,"total":1,"progress":38}
[2024-12-06 19:26:36.295] [info]  Splash.onStateUpdate: {"status":"downloading-updates","current":1,"total":1,"progress":38}
[2024-12-06 19:26:36.850] [info]  DiscordSplash.onStateUpdate: {"status":"downloading-updates","current":1,"total":1,"progress":39}
[2024-12-06 19:26:36.851] [info]  Splash.onStateUpdate: {"status":"downloading-updates","current":1,"total":1,"progress":39}
[2024-12-06 19:26:37.186] [info]  DiscordSplash.onStateUpdate: {"status":"downloading-updates","current":1,"total":1,"progress":40}
[2024-12-06 19:26:37.187] [info]  Splash.onStateUpdate: {"status":"downloading-updates","current":1,"total":1,"progress":40}
[2024-12-06 19:26:37.520] [info]  DiscordSplash.onStateUpdate: {"status":"downloading-updates","current":1,"total":1,"progress":41}
[2024-12-06 19:26:37.521] [info]  Splash.onStateUpdate: {"status":"downloading-updates","current":1,"total":1,"progress":41}
[2024-12-06 19:26:37.746] [info]  DiscordSplash.onStateUpdate: {"status":"downloading-updates","current":1,"total":1,"progress":42}
[2024-12-06 19:26:37.747] [info]  Splash.onStateUpdate: {"status":"downloading-updates","current":1,"total":1,"progress":42}
[2024-12-06 19:26:37.994] [info]  DiscordSplash.onStateUpdate: {"status":"downloading-updates","current":1,"total":1,"progress":43}
[2024-12-06 19:26:37.995] [info]  Splash.onStateUpdate: {"status":"downloading-updates","current":1,"total":1,"progress":43}
[2024-12-06 19:26:38.338] [info]  DiscordSplash.onStateUpdate: {"status":"downloading-updates","current":1,"total":1,"progress":44}
[2024-12-06 19:26:38.339] [info]  Splash.onStateUpdate: {"status":"downloading-updates","current":1,"total":1,"progress":44}
[2024-12-06 19:26:38.444] [info]  DiscordSplash.onStateUpdate: {"status":"downloading-updates","current":1,"total":1,"progress":45}
[2024-12-06 19:26:38.445] [info]  Splash.onStateUpdate: {"status":"downloading-updates","current":1,"total":1,"progress":45}
[2024-12-06 19:26:38.825] [info]  DiscordSplash.onStateUpdate: {"status":"downloading-updates","current":1,"total":1,"progress":46}
[2024-12-06 19:26:38.826] [info]  Splash.onStateUpdate: {"status":"downloading-updates","current":1,"total":1,"progress":46}
[2024-12-06 19:26:38.951] [info]  DiscordSplash.onStateUpdate: {"status":"downloading-updates","current":1,"total":1,"progress":47}
[2024-12-06 19:26:38.952] [info]  Splash.onStateUpdate: {"status":"downloading-updates","current":1,"total":1,"progress":47}
[2024-12-06 19:26:39.251] [info]  DiscordSplash.onStateUpdate: {"status":"downloading-updates","current":1,"total":1,"progress":48}
[2024-12-06 19:26:39.252] [info]  Splash.onStateUpdate: {"status":"downloading-updates","current":1,"total":1,"progress":48}
[2024-12-06 19:26:39.527] [info]  DiscordSplash.onStateUpdate: {"status":"downloading-updates","current":1,"total":1,"progress":49}
[2024-12-06 19:26:39.528] [info]  Splash.onStateUpdate: {"status":"downloading-updates","current":1,"total":1,"progress":49}
[2024-12-06 19:26:39.825] [info]  DiscordSplash.onStateUpdate: {"status":"downloading-updates","current":1,"total":1,"progress":50}
[2024-12-06 19:26:39.825] [info]  Splash.onStateUpdate: {"status":"downloading-updates","current":1,"total":1,"progress":50}
[2024-12-06 19:26:40.224] [info]  DiscordSplash.onStateUpdate: {"status":"downloading-updates","current":1,"total":1,"progress":51}
[2024-12-06 19:26:40.225] [info]  Splash.onStateUpdate: {"status":"downloading-updates","current":1,"total":1,"progress":51}
[2024-12-06 19:26:40.658] [info]  DiscordSplash.onStateUpdate: {"status":"downloading-updates","current":1,"total":1,"progress":52}
[2024-12-06 19:26:40.658] [info]  Splash.onStateUpdate: {"status":"downloading-updates","current":1,"total":1,"progress":52}
[2024-12-06 19:26:41.063] [info]  DiscordSplash.onStateUpdate: {"status":"downloading-updates","current":1,"total":1,"progress":53}
[2024-12-06 19:26:41.064] [info]  Splash.onStateUpdate: {"status":"downloading-updates","current":1,"total":1,"progress":53}
[2024-12-06 19:26:41.537] [info]  DiscordSplash.onStateUpdate: {"status":"downloading-updates","current":1,"total":1,"progress":54}
[2024-12-06 19:26:41.537] [info]  Splash.onStateUpdate: {"status":"downloading-updates","current":1,"total":1,"progress":54}
[2024-12-06 19:26:41.983] [info]  DiscordSplash.onStateUpdate: {"status":"downloading-updates","current":1,"total":1,"progress":55}
[2024-12-06 19:26:41.983] [info]  Splash.onStateUpdate: {"status":"downloading-updates","current":1,"total":1,"progress":55}
[2024-12-06 19:26:42.406] [info]  DiscordSplash.onStateUpdate: {"status":"downloading-updates","current":1,"total":1,"progress":56}
[2024-12-06 19:26:42.407] [info]  Splash.onStateUpdate: {"status":"downloading-updates","current":1,"total":1,"progress":56}
[2024-12-06 19:26:42.931] [info]  DiscordSplash.onStateUpdate: {"status":"downloading-updates","current":1,"total":1,"progress":57}
[2024-12-06 19:26:42.931] [info]  Splash.onStateUpdate: {"status":"downloading-updates","current":1,"total":1,"progress":57}
[2024-12-06 19:26:43.336] [info]  DiscordSplash.onStateUpdate: {"status":"downloading-updates","current":1,"total":1,"progress":58}
[2024-12-06 19:26:43.337] [info]  Splash.onStateUpdate: {"status":"downloading-updates","current":1,"total":1,"progress":58}
[2024-12-06 19:26:44.169] [info]  DiscordSplash.onStateUpdate: {"status":"downloading-updates","current":1,"total":1,"progress":59}
[2024-12-06 19:26:44.170] [info]  Splash.onStateUpdate: {"status":"downloading-updates","current":1,"total":1,"progress":59}
[2024-12-06 19:26:44.825] [info]  DiscordSplash.onStateUpdate: {"status":"downloading-updates","current":1,"total":1,"progress":60}
[2024-12-06 19:26:44.825] [info]  Splash.onStateUpdate: {"status":"downloading-updates","current":1,"total":1,"progress":60}
[2024-12-06 19:26:45.291] [info]  DiscordSplash.onStateUpdate: {"status":"downloading-updates","current":1,"total":1,"progress":61}
[2024-12-06 19:26:45.292] [info]  Splash.onStateUpdate: {"status":"downloading-updates","current":1,"total":1,"progress":61}
[2024-12-06 19:26:45.774] [info]  DiscordSplash.onStateUpdate: {"status":"downloading-updates","current":1,"total":1,"progress":62}
[2024-12-06 19:26:45.775] [info]  Splash.onStateUpdate: {"status":"downloading-updates","current":1,"total":1,"progress":62}
[2024-12-06 19:26:46.329] [info]  DiscordSplash.onStateUpdate: {"status":"downloading-updates","current":1,"total":1,"progress":63}
[2024-12-06 19:26:46.330] [info]  Splash.onStateUpdate: {"status":"downloading-updates","current":1,"total":1,"progress":63}
[2024-12-06 19:26:46.722] [info]  DiscordSplash.onStateUpdate: {"status":"downloading-updates","current":1,"total":1,"progress":64}
[2024-12-06 19:26:46.722] [info]  Splash.onStateUpdate: {"status":"downloading-updates","current":1,"total":1,"progress":64}
[2024-12-06 19:26:47.239] [info]  DiscordSplash.onStateUpdate: {"status":"downloading-updates","current":1,"total":1,"progress":65}
[2024-12-06 19:26:47.240] [info]  Splash.onStateUpdate: {"status":"downloading-updates","current":1,"total":1,"progress":65}
[2024-12-06 19:26:47.955] [info]  DiscordSplash.onStateUpdate: {"status":"downloading-updates","current":1,"total":1,"progress":66}
[2024-12-06 19:26:47.956] [info]  Splash.onStateUpdate: {"status":"downloading-updates","current":1,"total":1,"progress":66}
[2024-12-06 19:26:48.617] [info]  DiscordSplash.onStateUpdate: {"status":"downloading-updates","current":1,"total":1,"progress":67}
[2024-12-06 19:26:48.617] [info]  Splash.onStateUpdate: {"status":"downloading-updates","current":1,"total":1,"progress":67}
[2024-12-06 19:26:49.346] [info]  DiscordSplash.onStateUpdate: {"status":"downloading-updates","current":1,"total":1,"progress":68}
[2024-12-06 19:26:49.347] [info]  Splash.onStateUpdate: {"status":"downloading-updates","current":1,"total":1,"progress":68}
[2024-12-06 19:26:49.956] [info]  DiscordSplash.onStateUpdate: {"status":"downloading-updates","current":1,"total":1,"progress":69}
[2024-12-06 19:26:49.957] [info]  Splash.onStateUpdate: {"status":"downloading-updates","current":1,"total":1,"progress":69}
[2024-12-06 19:26:50.661] [info]  DiscordSplash.onStateUpdate: {"status":"downloading-updates","current":1,"total":1,"progress":70}
[2024-12-06 19:26:50.662] [info]  Splash.onStateUpdate: {"status":"downloading-updates","current":1,"total":1,"progress":70}
[2024-12-06 19:26:51.271] [info]  DiscordSplash.onStateUpdate: {"status":"downloading-updates","current":1,"total":1,"progress":71}
[2024-12-06 19:26:51.271] [info]  Splash.onStateUpdate: {"status":"downloading-updates","current":1,"total":1,"progress":71}
[2024-12-06 19:26:52.149] [info]  DiscordSplash.onStateUpdate: {"status":"downloading-updates","current":1,"total":1,"progress":72}
[2024-12-06 19:26:52.150] [info]  Splash.onStateUpdate: {"status":"downloading-updates","current":1,"total":1,"progress":72}
[2024-12-06 19:26:53.045] [info]  DiscordSplash.onStateUpdate: {"status":"downloading-updates","current":1,"total":1,"progress":73}
[2024-12-06 19:26:53.046] [info]  Splash.onStateUpdate: {"status":"downloading-updates","current":1,"total":1,"progress":73}
[2024-12-06 19:26:53.872] [info]  DiscordSplash.onStateUpdate: {"status":"downloading-updates","current":1,"total":1,"progress":74}
[2024-12-06 19:26:53.873] [info]  Splash.onStateUpdate: {"status":"downloading-updates","current":1,"total":1,"progress":74}
[2024-12-06 19:26:55.107] [info]  DiscordSplash.onStateUpdate: {"status":"downloading-updates","current":1,"total":1,"progress":75}
[2024-12-06 19:26:55.108] [info]  Splash.onStateUpdate: {"status":"downloading-updates","current":1,"total":1,"progress":75}
[2024-12-06 19:26:57.017] [info]  DiscordSplash.onStateUpdate: {"status":"downloading-updates","current":1,"total":1,"progress":76}
[2024-12-06 19:26:57.018] [info]  Splash.onStateUpdate: {"status":"downloading-updates","current":1,"total":1,"progress":76}
[2024-12-06 19:26:58.284] [info]  DiscordSplash.onStateUpdate: {"status":"downloading-updates","current":1,"total":1,"progress":77}
[2024-12-06 19:26:58.285] [info]  Splash.onStateUpdate: {"status":"downloading-updates","current":1,"total":1,"progress":77}
[2024-12-06 19:26:59.403] [info]  DiscordSplash.onStateUpdate: {"status":"downloading-updates","current":1,"total":1,"progress":78}
[2024-12-06 19:26:59.404] [info]  Splash.onStateUpdate: {"status":"downloading-updates","current":1,"total":1,"progress":78}
[2024-12-06 19:26:59.972] [info]  DiscordSplash.onStateUpdate: {"status":"downloading-updates","current":1,"total":1,"progress":79}
[2024-12-06 19:26:59.972] [info]  Splash.onStateUpdate: {"status":"downloading-updates","current":1,"total":1,"progress":79}
[2024-12-06 19:27:00.582] [info]  DiscordSplash.onStateUpdate: {"status":"downloading-updates","current":1,"total":1,"progress":80}
[2024-12-06 19:27:00.583] [info]  Splash.onStateUpdate: {"status":"downloading-updates","current":1,"total":1,"progress":80}
[2024-12-06 19:27:01.200] [info]  DiscordSplash.onStateUpdate: {"status":"downloading-updates","current":1,"total":1,"progress":81}
[2024-12-06 19:27:01.201] [info]  Splash.onStateUpdate: {"status":"downloading-updates","current":1,"total":1,"progress":81}
[2024-12-06 19:27:01.654] [info]  DiscordSplash.onStateUpdate: {"status":"downloading-updates","current":1,"total":1,"progress":82}
[2024-12-06 19:27:01.655] [info]  Splash.onStateUpdate: {"status":"downloading-updates","current":1,"total":1,"progress":82}
[2024-12-06 19:27:01.953] [info]  DiscordSplash.onStateUpdate: {"status":"downloading-updates","current":1,"total":1,"progress":83}
[2024-12-06 19:27:01.954] [info]  Splash.onStateUpdate: {"status":"downloading-updates","current":1,"total":1,"progress":83}
[2024-12-06 19:27:02.400] [info]  DiscordSplash.onStateUpdate: {"status":"downloading-updates","current":1,"total":1,"progress":84}
[2024-12-06 19:27:02.400] [info]  Splash.onStateUpdate: {"status":"downloading-updates","current":1,"total":1,"progress":84}
[2024-12-06 19:27:03.156] [info]  DiscordSplash.onStateUpdate: {"status":"downloading-updates","current":1,"total":1,"progress":85}
[2024-12-06 19:27:03.157] [info]  Splash.onStateUpdate: {"status":"downloading-updates","current":1,"total":1,"progress":85}
[2024-12-06 19:27:03.562] [info]  DiscordSplash.onStateUpdate: {"status":"downloading-updates","current":1,"total":1,"progress":86}
[2024-12-06 19:27:03.562] [info]  Splash.onStateUpdate: {"status":"downloading-updates","current":1,"total":1,"progress":86}
[2024-12-06 19:27:04.081] [info]  DiscordSplash.onStateUpdate: {"status":"downloading-updates","current":1,"total":1,"progress":87}
[2024-12-06 19:27:04.081] [info]  Splash.onStateUpdate: {"status":"downloading-updates","current":1,"total":1,"progress":87}
[2024-12-06 19:27:04.737] [info]  DiscordSplash.onStateUpdate: {"status":"downloading-updates","current":1,"total":1,"progress":88}
[2024-12-06 19:27:04.738] [info]  Splash.onStateUpdate: {"status":"downloading-updates","current":1,"total":1,"progress":88}
[2024-12-06 19:27:05.456] [info]  DiscordSplash.onStateUpdate: {"status":"downloading-updates","current":1,"total":1,"progress":89}
[2024-12-06 19:27:05.457] [info]  Splash.onStateUpdate: {"status":"downloading-updates","current":1,"total":1,"progress":89}
[2024-12-06 19:27:06.037] [info]  DiscordSplash.onStateUpdate: {"status":"downloading-updates","current":1,"total":1,"progress":90}
[2024-12-06 19:27:06.037] [info]  Splash.onStateUpdate: {"status":"downloading-updates","current":1,"total":1,"progress":90}
[2024-12-06 19:27:06.783] [info]  DiscordSplash.onStateUpdate: {"status":"downloading-updates","current":1,"total":1,"progress":91}
[2024-12-06 19:27:06.783] [info]  Splash.onStateUpdate: {"status":"downloading-updates","current":1,"total":1,"progress":91}
[2024-12-06 19:27:07.521] [info]  DiscordSplash.onStateUpdate: {"status":"downloading-updates","current":1,"total":1,"progress":92}
[2024-12-06 19:27:07.522] [info]  Splash.onStateUpdate: {"status":"downloading-updates","current":1,"total":1,"progress":92}
[2024-12-06 19:27:08.110] [info]  DiscordSplash.onStateUpdate: {"status":"downloading-updates","current":1,"total":1,"progress":93}
[2024-12-06 19:27:08.110] [info]  Splash.onStateUpdate: {"status":"downloading-updates","current":1,"total":1,"progress":93}
[2024-12-06 19:27:08.426] [info]  DiscordSplash.onStateUpdate: {"status":"downloading-updates","current":1,"total":1,"progress":94}
[2024-12-06 19:27:08.426] [info]  Splash.onStateUpdate: {"status":"downloading-updates","current":1,"total":1,"progress":94}
[2024-12-06 19:27:08.779] [info]  DiscordSplash.onStateUpdate: {"status":"downloading-updates","current":1,"total":1,"progress":95}
[2024-12-06 19:27:08.780] [info]  Splash.onStateUpdate: {"status":"downloading-updates","current":1,"total":1,"progress":95}
[2024-12-06 19:27:09.242] [info]  DiscordSplash.onStateUpdate: {"status":"downloading-updates","current":1,"total":1,"progress":96}
[2024-12-06 19:27:09.243] [info]  Splash.onStateUpdate: {"status":"downloading-updates","current":1,"total":1,"progress":96}
[2024-12-06 19:27:09.690] [info]  DiscordSplash.onStateUpdate: {"status":"downloading-updates","current":1,"total":1,"progress":97}
[2024-12-06 19:27:09.690] [info]  Splash.onStateUpdate: {"status":"downloading-updates","current":1,"total":1,"progress":97}
[2024-12-06 19:27:09.950] [info]  DiscordSplash.onStateUpdate: {"status":"downloading-updates","current":1,"total":1,"progress":98}
[2024-12-06 19:27:09.951] [info]  Splash.onStateUpdate: {"status":"downloading-updates","current":1,"total":1,"progress":98}
[2024-12-06 19:27:10.334] [info]  DiscordSplash.onStateUpdate: {"status":"downloading-updates","current":1,"total":1,"progress":99}
[2024-12-06 19:27:10.335] [info]  Splash.onStateUpdate: {"status":"downloading-updates","current":1,"total":1,"progress":99}
[2024-12-06 19:27:10.626] [info]  DiscordSplash.onStateUpdate: {"status":"downloading-updates","current":1,"total":1,"progress":100}
[2024-12-06 19:27:10.626] [info]  Splash.onStateUpdate: {"status":"downloading-updates","current":1,"total":1,"progress":100}
[2024-12-06 19:27:10.626] [info]  DiscordSplash.onStateUpdate: {"status":"installing-updates","current":1,"total":1}
[2024-12-06 19:27:10.626] [info]  Splash.onStateUpdate: {"status":"installing-updates","current":1,"total":1}
[2024-12-06 19:27:10.633] [info]  DiscordSplash.onStateUpdate: {"status":"installing-updates","current":1,"total":1,"progress":20}
[2024-12-06 19:27:10.633] [info]  Splash.onStateUpdate: {"status":"installing-updates","current":1,"total":1,"progress":20}
[2024-12-06 19:27:10.992] [info]  DiscordSplash.onStateUpdate: {"status":"installing-updates","current":1,"total":1,"progress":40}
[2024-12-06 19:27:10.992] [info]  Splash.onStateUpdate: {"status":"installing-updates","current":1,"total":1,"progress":40}
[2024-12-06 19:27:10.993] [info]  DiscordSplash.onStateUpdate: {"status":"installing-updates","current":1,"total":1,"progress":60}
[2024-12-06 19:27:10.993] [info]  Splash.onStateUpdate: {"status":"installing-updates","current":1,"total":1,"progress":60}
[2024-12-06 19:27:10.994] [info]  DiscordSplash.onStateUpdate: {"status":"installing-updates","current":1,"total":1,"progress":80}
[2024-12-06 19:27:10.994] [info]  Splash.onStateUpdate: {"status":"installing-updates","current":1,"total":1,"progress":80}
[2024-12-06 19:27:11.002] [info]  DiscordSplash.onStateUpdate: {"status":"installing-updates","current":1,"total":1,"progress":100}
[2024-12-06 19:27:11.003] [info]  Splash.onStateUpdate: {"status":"installing-updates","current":1,"total":1,"progress":100}
[2024-12-06 19:27:11.004] [info]  DiscordSplash.onStateUpdate: {"status":"checking-for-updates","current":1,"total":1}
[2024-12-06 19:27:11.004] [info]  Splash.onStateUpdate: {"status":"checking-for-updates","current":1,"total":1}
[2024-12-06 19:27:11.546] [info]  DiscordSplash.onStateUpdate: {"status":"launching","current":1,"total":1}
[2024-12-06 19:27:11.546] [info]  Splash.onStateUpdate: {"status":"launching","current":1,"total":1}
[2024-12-06 19:27:12.005] [error] Unrecognized Content-Security-Policy directive 'prefetch-src'.
[2024-12-06 19:27:12.383] [info]  [FAST CONNECT] wss://gateway.discord.gg/?encoding=etf&v=9&compress=zstd-stream, encoding: etf, version: 9
[2024-12-06 19:27:12.953] [info]  [FAST CONNECT] connected in 569ms
[2024-12-06 19:27:13.608] [error] Unrecognized Content-Security-Policy directive 'prefetch-src'.
[2024-12-06 19:27:13.608] [error] Unrecognized Content-Security-Policy directive 'prefetch-src'.
[2024-12-06 19:27:17.634] [info]  Initializing voice engine with audio subsystem: standard
[2024-12-06 19:27:17.738] [info]  [default] [BUILD INFO] Release Channel: stable, Build Number: 350935, Version Hash: 318fea7543627686fe20b41338b6a4edf6f428cb
[2024-12-06 19:27:17.868] [info]  [default] [NATIVE INFO] host 0.0.76, modules: discord_desktop_core: 1, discord_erlpack: 1, discord_spellcheck: 1, discord_utils: 1, discord_voice: 2, discord_zstd: 1, discord_krisp: 1, discord_game_utils: 1, discord_rpc: 1, build: null
[2024-12-06 19:27:18.404] [error] [Spellchecker] sh is not a valid locale.
[2024-12-06 19:27:18.435] [error] Unrecognized Content-Security-Policy directive 'prefetch-src'.
[2024-12-06 19:27:18.436] [info]  [Spellchecker] Switching to en-US (available)
[2024-12-06 19:27:18.520] [error] Unrecognized Content-Security-Policy directive 'prefetch-src'.
[2024-12-06 19:27:18.520] [error] Unrecognized Content-Security-Policy directive 'prefetch-src'.
[2024-12-06 19:27:19.840] [warn]  [CloudSyncUtils] CloudSync is not supported on this platform
[2024-12-06 19:27:19.982] [info]  [GatewaySocket] [CONNECT] wss://gateway.discord.gg, encoding: etf, version: 9, compression: zstd-stream
[2024-12-06 19:27:19.982] [info]  [GatewaySocket] [FAST CONNECT] successfully took over websocket, state: [object Object]
[2024-12-06 19:27:19.982] [info]  [GatewaySocket] [CONNECTED] wss://gateway.discord.gg/?encoding=etf&v=9&compress=zstd-stream in 0 ms
[2024-12-06 19:27:19.996] [info]  [RPCServer:WSS] Starting on 6463
[2024-12-06 19:27:19.998] [info]  [RPCServer:IPC] Starting on /run/user/1000/discord-ipc-0
[2024-12-06 19:27:20.969] [info]  [GatewaySocket] [READY] took 986ms, as 242e0642ecb5d0e9a785016bb72a9e53
[2024-12-06 19:27:20.983] [info]  [Flux] Dispatching CONNECTION_OPEN
[2024-12-06 19:27:20.986] [info]  [DatabaseManager] removing database (user: 714728028340748328, database: undefined)
[2024-12-06 19:27:20.992] [warn]  [NativeDispatchUtils] Tried getting Dispatch instance before instantiated
[2024-12-06 19:27:21.026] [info]  [GatewaySocket] [READY_SUPPLEMENTAL] took 1044ms
[2024-12-06 19:27:21.478] [info]  [discord_protos.discord_users.v1.FrecencyUserSettings] Loading proto
[2024-12-06 19:27:21.623] [error] Unrecognized Content-Security-Policy directive 'prefetch-src'.
[2024-12-06 19:27:25.119] [error] Access to XMLHttpRequest at 'https://cdn.discordapp.com/changelogs/config_0.json?x=5' from origin 'https://discordapp.com' has been blocked by CORS policy: No 'Access-Control-Allow-Origin' header is present on the requested resource.
[2024-12-06 19:27:25.122] [error] Uncaught (in promise) Error: Request has been terminated
Possible causes: the network is offline, Origin is not allowed by Access-Control-Allow-Origin, the page is being unloaded, etc.
[2024-12-06 19:27:26.150] [info]  [RunningGameStore] games [object Object]
[2024-12-06 19:28:34.367] [info]  [Routing/Utils] transitionTo - Transitioning to /channels/@me/1208686829927276544
[2024-12-06 19:28:34.370] [info]  [MessageActionCreators] Fetching messages for 1208686829927276544 between undefined and undefined. jump={"jumpType":"ANIMATED"}
[2024-12-06 19:28:34.966] [info]  [MessageActionCreators] Fetched 50 messages for 1208686829927276544 isBefore:false isAfter:false
[2024-12-06 19:28:34.970] [info]  [ChannelMessages] loadComplete: resetting state for channelId=1208686829927276544, sending.length=0
[2024-12-06 19:28:36.313] [info]  Deprecated as of 10.7.0. highlight(lang, code, ...args) has been deprecated.
[2024-12-06 19:28:36.313] [info]  Deprecated as of 10.7.0. Please use highlight(code, options) instead.
https://github.com/highlightjs/highlight.js/issues/2277
[2024-12-06 19:28:38.747] [error] ResizeObserver loop completed with undelivered notifications.
[2024-12-06 19:28:46.620] [error] ResizeObserver loop completed with undelivered notifications.
[2024-12-06 19:28:57.993] [error] ResizeObserver loop completed with undelivered notifications.
[2024-12-06 19:28:58.488] [info]  [MessageQueue] Queueing message to be sent LogId:9321
[2024-12-06 19:28:58.489] [info]  [MessageQueue] Draining message from queue LogId:9321 QueueLength: 0
[2024-12-06 19:28:58.489] [info]  [MessageQueue] Draining Message Queue with:  0
[2024-12-06 19:28:59.125] [info]  [MessageQueue] Finished draining message from queue LogId:9321 QueueLength: 0
[2024-12-06 19:29:31.356] [info]  [RunningGameStore] games [object Object]
[2024-12-06 19:31:16.578] [info]  [RunningGameStore] games [object Object]
[2024-12-06 19:33:21.868] [info]  [RunningGameStore] games [object Object]
[2024-12-06 19:33:36.900] [info]  [RunningGameStore] games [object Object]
[2024-12-06 19:33:41.909] [info]  [RunningGameStore] games [object Object]
[2024-12-06 19:35:12.122] [info]  [RunningGameStore] games [object Object]
[2024-12-06 19:35:52.206] [info]  [RunningGameStore] games [object Object]
[2024-12-06 19:36:27.279] [info]  [RunningGameStore] games [object Object]
[2024-12-06 19:40:27.792] [info]  [RunningGameStore] games [object Object]
[2024-12-06 19:41:02.880] [info]  [RunningGameStore] games [object Object]
[2024-12-06 19:41:32.959] [info]  [RunningGameStore] games [object Object]
[2024-12-06 19:59:40.735] [info]  [RunningGameStore] games [object Object]
[2024-12-06 20:00:10.813] [info]  [RunningGameStore] games [object Object]
[2024-12-06 20:01:56.087] [info]  [RunningGameStore] games [object Object]
[2024-12-06 21:10:56.713] [info]  [RunningGameStore] games [object Object]
[2024-12-06 21:11:01.724] [info]  [RunningGameStore] games [object Object]
[2024-12-06 21:34:20.986] [info]  [discord_protos.discord_users.v1.FrecencyUserSettings] Scheduling save from markDirty
[2024-12-06 21:34:20.991] [info]  [discord_protos.discord_users.v1.FrecencyUserSettings] Persisting proto
[2024-12-06 21:43:26.761] [info]  [RunningGameStore] games [object Object]
[2024-12-06 21:43:31.777] [info]  [RunningGameStore] games [object Object]
[2024-12-06 21:46:17.188] [info]  [RunningGameStore] games [object Object]
[2024-12-06 21:47:17.317] [info]  [RunningGameStore] games [object Object]
[2024-12-06 21:47:27.331] [info]  [RunningGameStore] games [object Object]
[2024-12-06 21:47:47.383] [info]  [RunningGameStore] games [object Object]
[2024-12-06 21:49:17.572] [info]  [RunningGameStore] games [object Object]
[2024-12-06 21:50:47.774] [info]  [RunningGameStore] games [object Object]
[2024-12-06 21:52:07.950] [info]  [RunningGameStore] games [object Object]
[2024-12-06 21:52:17.974] [info]  [RunningGameStore] games [object Object]
[2024-12-06 21:56:13.275] [info]  [GatewaySocket] [CONNECT] wss://gateway-us-east1-d.discord.gg, encoding: etf, version: 9, compression: zstd-stream
[2024-12-06 21:56:13.963] [info]  [GatewaySocket] [CONNECTED] wss://gateway-us-east1-d.discord.gg/?encoding=etf&v=9&compress=zstd-stream in 687 ms
[2024-12-06 21:56:13.964] [info]  [GatewaySocket] [RESUME] resuming session 242e0642ecb5d0e9a785016bb72a9e53, seq: 899
[2024-12-06 21:56:14.423] [info]  [Flux] Dispatching CONNECTION_RESUMED
[2024-12-06 21:56:14.428] [info]  [GatewaySocket] [RESUMED] took 1153ms, replayed 0 events, new seq: 901
[2024-12-06 22:02:22.887] [info]  [WindowVisibilityVideoManager] Incoming video enabled changed, incomingVideoEnabled = false
[2024-12-06 22:10:19.727] [info]  [RunningGameStore] games [object Object]
[2024-12-06 22:10:34.755] [info]  [RunningGameStore] games [object Object]
[2024-12-06 22:12:29.977] [info]  [RunningGameStore] games [object Object]
[2024-12-06 22:13:30.109] [info]  [RunningGameStore] games [object Object]
[2024-12-06 22:19:15.724] [info]  [RunningGameStore] games [object Object]
[2024-12-06 22:19:20.740] [info]  [RunningGameStore] games [object Object]
[2024-12-06 22:19:30.761] [info]  [RunningGameStore] games [object Object]
[2024-12-06 22:19:35.773] [info]  [RunningGameStore] games [object Object]
[2024-12-06 22:19:40.774] [info]  [RunningGameStore] games [object Object]
[2024-12-06 22:20:10.849] [info]  [RunningGameStore] games [object Object]
[2024-12-06 22:20:30.897] [info]  [RunningGameStore] games [object Object]
[2024-12-06 22:21:10.992] [info]  [RunningGameStore] games [object Object]
[2024-12-06 22:21:16.001] [info]  [RunningGameStore] games [object Object]
[2024-12-06 22:21:21.014] [info]  [RunningGameStore] games [object Object]
[2024-12-06 22:21:46.058] [info]  [RunningGameStore] games [object Object]
[2024-12-06 22:22:31.149] [info]  [RunningGameStore] games [object Object]
[2024-12-06 22:23:41.304] [info]  [RunningGameStore] games [object Object]
[2024-12-06 22:24:01.346] [info]  [RunningGameStore] games [object Object]
[2024-12-06 22:25:01.453] [info]  [RunningGameStore] games [object Object]
[2024-12-06 22:25:06.460] [info]  [RunningGameStore] games [object Object]
[2024-12-06 22:25:31.506] [info]  [RunningGameStore] games [object Object]
[2024-12-06 22:30:06.921] [info]  [RunningGameStore] games [object Object]
[2024-12-06 22:35:52.502] [info]  [RunningGameStore] games [object Object]
[2024-12-06 22:35:57.514] [info]  [RunningGameStore] games [object Object]
[2024-12-06 22:36:52.636] [info]  [RunningGameStore] games [object Object]
[2024-12-06 22:42:23.176] [info]  [RunningGameStore] games [object Object]
[2024-12-06 22:59:20.078] [info]  [RunningGameStore] games [object Object]
[2024-12-06 22:59:25.085] [info]  [RunningGameStore] games [object Object]
[2024-12-06 22:59:30.098] [info]  [RunningGameStore] games [object Object]
[2024-12-06 22:59:45.123] [info]  [RunningGameStore] games [object Object]
[2024-12-06 23:01:25.312] [info]  [RunningGameStore] games [object Object]
[2024-12-06 23:01:30.322] [info]  [RunningGameStore] games [object Object]
[2024-12-06 23:01:45.351] [info]  [RunningGameStore] games [object Object]
[2024-12-06 23:02:25.446] [info]  [RunningGameStore] games [object Object]
[2024-12-06 23:02:33.681] [info]  [GatewaySocket] [WS CLOSED] (false, 1006, ) retrying in 2.06 seconds.
[2024-12-06 23:02:35.852] [info]  [GatewaySocket] [CONNECT] wss://gateway-us-east1-d.discord.gg, encoding: etf, version: 9, compression: zstd-stream
[2024-12-06 23:02:36.483] [info]  [GatewaySocket] [CONNECTED] wss://gateway-us-east1-d.discord.gg/?encoding=etf&v=9&compress=zstd-stream in 633 ms
[2024-12-06 23:02:36.484] [info]  [GatewaySocket] [RESUME] resuming session 242e0642ecb5d0e9a785016bb72a9e53, seq: 1168
[2024-12-06 23:02:37.850] [info]  [Flux] Dispatching CONNECTION_RESUMED
[2024-12-06 23:02:37.856] [info]  [GatewaySocket] [RESUMED] took 2007ms, replayed 0 events, new seq: 1170
[2024-12-06 23:02:55.525] [info]  [RunningGameStore] games [object Object]
[2024-12-06 23:03:00.537] [info]  [RunningGameStore] games [object Object]
[2024-12-06 23:03:15.569] [info]  [RunningGameStore] games [object Object]
[2024-12-06 23:05:15.830] [info]  [RunningGameStore] games [object Object]
[2024-12-06 23:05:35.879] [info]  [RunningGameStore] games [object Object]
[2024-12-06 23:05:40.888] [info]  [RunningGameStore] games [object Object]
[2024-12-06 23:05:45.902] [info]  [RunningGameStore] games [object Object]
[2024-12-06 23:06:00.928] [info]  [RunningGameStore] games [object Object]
[2024-12-06 23:06:15.962] [info]  [RunningGameStore] games [object Object]
[2024-12-06 23:06:30.993] [info]  [RunningGameStore] games [object Object]
[2024-12-06 23:07:01.063] [info]  [RunningGameStore] games [object Object]
[2024-12-06 23:09:41.419] [info]  [RunningGameStore] games [object Object]
[2024-12-06 23:10:56.583] [info]  [RunningGameStore] games [object Object]
[2024-12-06 23:13:01.840] [info]  [RunningGameStore] games [object Object]
[2024-12-06 23:13:06.857] [info]  [RunningGameStore] games [object Object]
[2024-12-06 23:14:16.990] [info]  [RunningGameStore] games [object Object]
[2024-12-06 23:17:32.392] [info]  [RunningGameStore] games [object Object]
[2024-12-06 23:17:57.443] [info]  [RunningGameStore] games [object Object]
[2024-12-06 23:31:39.200] [info]  [RunningGameStore] games [object Object]
[2024-12-06 23:43:27.888] [warn]  [GatewaySocket] [ACK TIMEOUT] reconnecting in 2.94 seconds.
[2024-12-06 23:43:30.853] [info]  [GatewaySocket] [CONNECT] wss://gateway-us-east1-d.discord.gg, encoding: etf, version: 9, compression: zstd-stream
[2024-12-06 23:43:31.579] [info]  [GatewaySocket] [CONNECTED] wss://gateway-us-east1-d.discord.gg/?encoding=etf&v=9&compress=zstd-stream in 729 ms
[2024-12-06 23:43:31.581] [info]  [GatewaySocket] [RESUME] resuming session 242e0642ecb5d0e9a785016bb72a9e53, seq: 1288
[2024-12-06 23:43:32.851] [info]  [Flux] Dispatching CONNECTION_RESUMED
[2024-12-06 23:43:32.852] [info]  [GatewaySocket] [RESUMED] took 2002ms, replayed 0 events, new seq: 1297
[2024-12-06 23:59:22.780] [info]  [RunningGameStore] games [object Object]
[2024-12-06 23:59:27.790] [info]  [RunningGameStore] games [object Object]
[2024-12-07 00:00:27.907] [info]  [RunningGameStore] games [object Object]
[2024-12-07 00:03:18.222] [info]  [RunningGameStore] games [object Object]
[2024-12-07 00:03:23.231] [info]  [RunningGameStore] games [object Object]
[2024-12-07 00:03:28.226] [info]  [RunningGameStore] games [object Object]
[2024-12-07 00:06:03.512] [info]  [RunningGameStore] games [object Object]
[2024-12-07 00:06:13.529] [info]  [RunningGameStore] games [object Object]
[2024-12-07 00:06:18.541] [info]  [RunningGameStore] games [object Object]
[2024-12-07 00:06:33.566] [info]  [RunningGameStore] games [object Object]
[2024-12-07 00:06:43.570] [info]  [RunningGameStore] games [object Object]
[2024-12-07 00:06:48.575] [info]  [RunningGameStore] games [object Object]
[2024-12-07 00:06:53.582] [info]  [RunningGameStore] games [object Object]
[2024-12-07 00:30:46.429] [info]  [RunningGameStore] games [object Object]
[2024-12-07 00:41:07.814] [info]  [RunningGameStore] games [object Object]
[2024-12-07 00:41:37.881] [info]  [RunningGameStore] games [object Object]
[2024-12-07 00:48:03.762] [info]  [RunningGameStore] games [object Object]
[2024-12-07 02:18:38.652] [info]  [GatewaySocket] [CONNECT] wss://gateway-us-east1-d.discord.gg, encoding: etf, version: 9, compression: zstd-stream
[2024-12-07 02:18:39.331] [info]  [GatewaySocket] [CONNECTED] wss://gateway-us-east1-d.discord.gg/?encoding=etf&v=9&compress=zstd-stream in 678 ms
[2024-12-07 02:18:39.332] [info]  [GatewaySocket] [RESUME] resuming session 242e0642ecb5d0e9a785016bb72a9e53, seq: 2268
[2024-12-07 02:18:39.851] [info]  [Flux] Dispatching CONNECTION_RESUMED
[2024-12-07 02:18:39.857] [info]  [GatewaySocket] [RESUMED] took 1204ms, replayed 0 events, new seq: 2269
[2024-12-07 02:59:22.169] [info]  [RunningGameStore] games [object Object]
[2024-12-07 02:59:27.181] [info]  [RunningGameStore] games [object Object]
[2024-12-07 03:46:18.711] [info]  [RunningGameStore] games [object Object]
[2024-12-07 03:47:18.855] [info]  [RunningGameStore] games [object Object]
[2024-12-08 12:45:55.386] [info]  DiscordSplash.signalReady
[2024-12-08 12:45:55.410] [info]  DiscordSplash.onStateUpdate: {"status":"checking-for-updates"}
[2024-12-08 12:45:55.411] [info]  Splash.onStateUpdate: {"status":"checking-for-updates"}
[2024-12-08 12:45:56.149] [info]  DiscordSplash.onStateUpdate: {"status":"launching"}
[2024-12-08 12:45:56.150] [info]  Splash.onStateUpdate: {"status":"launching"}
[2024-12-08 12:45:56.505] [error] Unrecognized Content-Security-Policy directive 'prefetch-src'.
[2024-12-08 12:45:56.717] [info]  [FAST CONNECT] wss://gateway.discord.gg/?encoding=etf&v=9&compress=zstd-stream, encoding: etf, version: 9
[2024-12-08 12:45:56.749] [error] Unrecognized Content-Security-Policy directive 'prefetch-src'.
[2024-12-08 12:45:56.750] [error] Unrecognized Content-Security-Policy directive 'prefetch-src'.
[2024-12-08 12:45:57.207] [info]  Initializing voice engine with audio subsystem: standard
[2024-12-08 12:45:57.317] [info]  [default] [BUILD INFO] Release Channel: stable, Build Number: 351247, Version Hash: f793eda5af7130975be0e8892b46f2c6d2ea59d8
[2024-12-08 12:45:57.450] [info]  [default] [NATIVE INFO] host 0.0.76, modules: discord_desktop_core: 1, discord_erlpack: 1, discord_spellcheck: 1, discord_utils: 1, discord_voice: 2, discord_zstd: 1, discord_krisp: 1, discord_game_utils: 1, discord_rpc: 1, build: null
[2024-12-08 12:45:57.499] [info]  [FAST CONNECT] connected in 781ms
[2024-12-08 12:45:57.994] [error] [Spellchecker] sh is not a valid locale.
[2024-12-08 12:45:58.013] [error] Unrecognized Content-Security-Policy directive 'prefetch-src'.
[2024-12-08 12:45:58.014] [info]  [Spellchecker] Switching to en-US (available)
[2024-12-08 12:45:58.109] [error] Unrecognized Content-Security-Policy directive 'prefetch-src'.
[2024-12-08 12:45:58.110] [error] Unrecognized Content-Security-Policy directive 'prefetch-src'.
[2024-12-08 12:45:58.286] [warn]  [CloudSyncUtils] CloudSync is not supported on this platform
[2024-12-08 12:45:58.424] [info]  [GatewaySocket] [CONNECT] wss://gateway.discord.gg, encoding: etf, version: 9, compression: zstd-stream
[2024-12-08 12:45:58.424] [info]  [GatewaySocket] [FAST CONNECT] successfully took over websocket, state: [object Object]
[2024-12-08 12:45:58.424] [info]  [GatewaySocket] [CONNECTED] wss://gateway.discord.gg/?encoding=etf&v=9&compress=zstd-stream in 1 ms
[2024-12-08 12:45:58.439] [info]  [RPCServer:WSS] Starting on 6463
[2024-12-08 12:45:58.469] [info]  [RPCServer:IPC] Starting on /run/user/1000/discord-ipc-0
[2024-12-08 12:45:59.892] [info]  [GatewaySocket] [READY] took 1468ms, as 98153a2bc127850c7a749617115ca03b
[2024-12-08 12:45:59.907] [info]  [Flux] Dispatching CONNECTION_OPEN
[2024-12-08 12:45:59.910] [info]  [DatabaseManager] removing database (user: 714728028340748328, database: undefined)
[2024-12-08 12:45:59.915] [warn]  [NativeDispatchUtils] Tried getting Dispatch instance before instantiated
[2024-12-08 12:45:59.941] [info]  [GatewaySocket] [READY_SUPPLEMENTAL] took 1518ms
[2024-12-08 12:46:00.128] [info]  [discord_protos.discord_users.v1.FrecencyUserSettings] Loading proto
[2024-12-08 12:46:00.262] [error] Unrecognized Content-Security-Policy directive 'prefetch-src'.
[2024-12-08 12:46:02.424] [info]  [Routing/Utils] transitionTo - Transitioning to /channels/@me/1208686829927276544
[2024-12-08 12:46:02.429] [info]  [MessageActionCreators] Fetching messages for 1208686829927276544 between undefined and undefined. jump={"jumpType":"ANIMATED"}
[2024-12-08 12:46:02.678] [error] Access to XMLHttpRequest at 'https://cdn.discordapp.com/changelogs/config_0.json?x=9' from origin 'https://discordapp.com' has been blocked by CORS policy: No 'Access-Control-Allow-Origin' header is present on the requested resource.
[2024-12-08 12:46:02.690] [error] Uncaught (in promise) Error: Request has been terminated
Possible causes: the network is offline, Origin is not allowed by Access-Control-Allow-Origin, the page is being unloaded, etc.
[2024-12-08 12:46:03.076] [info]  [MessageActionCreators] Fetched 50 messages for 1208686829927276544 isBefore:false isAfter:false
[2024-12-08 12:46:03.085] [info]  [ChannelMessages] loadComplete: resetting state for channelId=1208686829927276544, sending.length=0
[2024-12-08 12:46:03.099] [info]  [RunningGameStore] games [object Object]
[2024-12-08 12:46:04.252] [info]  Deprecated as of 10.7.0. highlight(lang, code, ...args) has been deprecated.
[2024-12-08 12:46:04.252] [info]  Deprecated as of 10.7.0. Please use highlight(code, options) instead.
https://github.com/highlightjs/highlight.js/issues/2277
[2024-12-08 12:46:04.735] [info]  [discord_protos.discord_users.v1.FrecencyUserSettings] Scheduling save from markDirty
[2024-12-08 12:46:04.735] [info]  [discord_protos.discord_users.v1.FrecencyUserSettings] Persisting proto
[2024-12-08 12:46:05.672] [error] ResizeObserver loop completed with undelivered notifications.
[2024-12-08 12:46:07.628] [error] ResizeObserver loop completed with undelivered notifications.
[2024-12-08 12:46:13.651] [error] ResizeObserver loop completed with undelivered notifications.
[2024-12-08 12:46:17.170] [info]  [MessageQueue] Queueing message to be sent LogId:6385
[2024-12-08 12:46:17.170] [info]  [MessageQueue] Draining message from queue LogId:6385 QueueLength: 0
[2024-12-08 12:46:17.170] [info]  [MessageQueue] Draining Message Queue with:  0
[2024-12-08 12:46:17.184] [error] ResizeObserver loop completed with undelivered notifications.
[2024-12-08 12:46:17.870] [info]  [MessageQueue] Finished draining message from queue LogId:6385 QueueLength: 0
[2024-12-08 12:46:58.137] [info]  [RunningGameStore] games [object Object]
[2024-12-08 12:47:03.147] [info]  [RunningGameStore] games [object Object]
[2024-12-08 12:47:08.146] [info]  [RunningGameStore] games [object Object]
[2024-12-08 12:47:13.154] [info]  [RunningGameStore] games [object Object]
[2024-12-08 12:47:18.162] [info]  [RunningGameStore] games [object Object]
[2024-12-08 12:47:37.876] [info]  [WindowVisibilityVideoManager] Incoming video enabled changed, incomingVideoEnabled = false
[2024-12-08 12:48:53.377] [info]  [RunningGameStore] games [object Object]
[2024-12-08 12:48:58.391] [info]  [RunningGameStore] games [object Object]
[2024-12-08 12:49:03.403] [info]  [RunningGameStore] games [object Object]
[2024-12-08 12:49:08.414] [info]  [RunningGameStore] games [object Object]
[2024-12-08 12:49:18.440] [info]  [RunningGameStore] games [object Object]
[2024-12-08 12:52:23.807] [info]  [RunningGameStore] games [object Object]
[2024-12-08 12:53:33.932] [info]  [RunningGameStore] games [object Object]
[2024-12-08 12:53:38.936] [info]  [RunningGameStore] games [object Object]
[2024-12-08 12:54:14.002] [info]  [RunningGameStore] games [object Object]
[2024-12-08 12:54:39.054] [info]  [RunningGameStore] games [object Object]
[2024-12-08 12:54:49.065] [info]  [RunningGameStore] games [object Object]
[2024-12-08 12:54:59.079] [info]  [RunningGameStore] games [object Object]
[2024-12-08 12:55:14.097] [info]  [RunningGameStore] games [object Object]
[2024-12-08 13:11:01.362] [info]  [RunningGameStore] games [object Object]
[2024-12-08 13:15:36.984] [info]  [RunningGameStore] games [object Object]
[2024-12-08 13:29:03.783] [info]  [RunningGameStore] games [object Object]
[2024-12-08 13:29:08.785] [info]  [RunningGameStore] games [object Object]
[2024-12-08 13:29:38.831] [info]  [RunningGameStore] games [object Object]
[2024-12-08 13:30:43.955] [info]  [RunningGameStore] games [object Object]
[2024-12-08 13:31:13.976] [info]  [RunningGameStore] games [object Object]
[2024-12-08 13:33:14.106] [info]  [RunningGameStore] games [object Object]
[2024-12-08 13:34:59.313] [info]  [RunningGameStore] games [object Object]
[2024-12-08 13:37:24.631] [info]  [RunningGameStore] games [object Object]
[2024-12-08 13:37:29.643] [info]  [RunningGameStore] games [object Object]
[2024-12-08 13:37:44.675] [info]  [RunningGameStore] games [object Object]
[2024-12-08 13:39:59.928] [info]  [RunningGameStore] games [object Object]
[2024-12-08 13:40:09.951] [info]  [RunningGameStore] games [object Object]
[2024-12-08 13:40:14.963] [info]  [RunningGameStore] games [object Object]
[2024-12-08 13:40:19.976] [info]  [RunningGameStore] games [object Object]
[2024-12-08 13:40:24.983] [info]  [RunningGameStore] games [object Object]
[2024-12-08 13:41:40.145] [info]  [RunningGameStore] games [object Object]
[2024-12-08 13:41:55.170] [info]  [RunningGameStore] games [object Object]
[2024-12-08 13:44:15.459] [info]  [RunningGameStore] games [object Object]
[2024-12-08 13:44:20.469] [info]  [RunningGameStore] games [object Object]
[2024-12-08 13:45:10.587] [info]  [RunningGameStore] games [object Object]
[2024-12-08 13:45:25.621] [info]  [RunningGameStore] games [object Object]
[2024-12-08 13:45:35.648] [info]  [RunningGameStore] games [object Object]
[2024-12-08 13:45:45.670] [info]  [RunningGameStore] games [object Object]
[2024-12-08 13:45:50.680] [info]  [RunningGameStore] games [object Object]
[2024-12-08 13:54:21.727] [info]  [RunningGameStore] games [object Object]
[2024-12-08 13:59:57.460] [info]  [RunningGameStore] games [object Object]
[2024-12-08 14:01:32.650] [info]  [RunningGameStore] games [object Object]
[2024-12-08 14:02:27.767] [info]  [RunningGameStore] games [object Object]
[2024-12-08 14:02:57.838] [info]  [RunningGameStore] games [object Object]
[2024-12-08 14:03:32.903] [info]  [RunningGameStore] games [object Object]
[2024-12-08 14:05:18.135] [info]  [RunningGameStore] games [object Object]
[2024-12-08 14:09:23.661] [info]  [RunningGameStore] games [object Object]
[2024-12-08 14:09:33.677] [info]  [RunningGameStore] games [object Object]
[2024-12-08 14:11:58.966] [info]  [RunningGameStore] games [object Object]
[2024-12-08 14:12:03.967] [info]  [RunningGameStore] games [object Object]
[2024-12-08 14:23:50.185] [info]  [RunningGameStore] games [object Object]
[2024-12-08 14:25:35.383] [info]  [RunningGameStore] games [object Object]
[2024-12-08 14:32:11.200] [info]  [RunningGameStore] games [object Object]
[2024-12-08 14:32:46.254] [info]  [RunningGameStore] games [object Object]
[2024-12-08 14:32:51.264] [info]  [RunningGameStore] games [object Object]
[2024-12-08 14:33:41.374] [info]  [RunningGameStore] games [object Object]
[2024-12-08 14:34:11.418] [info]  [RunningGameStore] games [object Object]
[2024-12-08 14:35:01.528] [info]  [RunningGameStore] games [object Object]
[2024-12-08 14:35:16.562] [info]  [RunningGameStore] games [object Object]
[2024-12-08 14:37:11.771] [info]  [RunningGameStore] games [object Object]
[2024-12-08 14:38:01.871] [info]  [RunningGameStore] games [object Object]
[2024-12-08 14:38:11.887] [info]  [RunningGameStore] games [object Object]
[2024-12-08 14:38:16.897] [info]  [RunningGameStore] games [object Object]
[2024-12-08 14:38:21.913] [info]  [RunningGameStore] games [object Object]
[2024-12-08 14:38:36.937] [info]  [RunningGameStore] games [object Object]
[2024-12-08 14:38:46.954] [info]  [RunningGameStore] games [object Object]
[2024-12-08 14:41:42.335] [info]  [RunningGameStore] games [object Object]
[2024-12-08 14:41:52.353] [info]  [RunningGameStore] games [object Object]
[2024-12-08 14:42:27.434] [info]  [RunningGameStore] games [object Object]
[2024-12-08 14:43:07.489] [info]  [RunningGameStore] games [object Object]
[2024-12-08 14:43:12.503] [info]  [RunningGameStore] games [object Object]
[2024-12-08 14:43:57.586] [info]  [RunningGameStore] games [object Object]
[2024-12-08 14:49:08.167] [info]  [RunningGameStore] games [object Object]
[2024-12-08 14:49:23.202] [info]  [RunningGameStore] games [object Object]
[2024-12-08 14:49:48.255] [info]  [RunningGameStore] games [object Object]
[2024-12-08 14:49:53.269] [info]  [RunningGameStore] games [object Object]
[2024-12-08 15:03:35.122] [info]  [RunningGameStore] games [object Object]
[2024-12-08 15:04:00.174] [info]  [RunningGameStore] games [object Object]
[2024-12-08 15:04:55.286] [info]  [RunningGameStore] games [object Object]
[2024-12-08 15:06:35.512] [info]  [RunningGameStore] games [object Object]
[2024-12-08 15:06:40.519] [info]  [RunningGameStore] games [object Object]
[2024-12-08 15:07:00.558] [info]  [RunningGameStore] games [object Object]
[2024-12-08 15:07:20.602] [info]  [RunningGameStore] games [object Object]
[2024-12-08 15:07:25.616] [info]  [RunningGameStore] games [object Object]
[2024-12-08 15:07:30.627] [info]  [RunningGameStore] games [object Object]
[2024-12-08 15:09:50.957] [info]  [RunningGameStore] games [object Object]
[2024-12-08 15:09:55.966] [info]  [RunningGameStore] games [object Object]
[2024-12-08 15:10:16.002] [info]  [RunningGameStore] games [object Object]
[2024-12-08 15:10:26.027] [info]  [RunningGameStore] games [object Object]
[2024-12-08 15:11:16.133] [info]  [RunningGameStore] games [object Object]
[2024-12-08 15:12:51.357] [info]  [RunningGameStore] games [object Object]
[2024-12-08 15:13:01.383] [info]  [RunningGameStore] games [object Object]
[2024-12-08 15:13:06.390] [info]  [RunningGameStore] games [object Object]
[2024-12-08 15:13:56.510] [info]  [RunningGameStore] games [object Object]
[2024-12-08 15:14:41.621] [info]  [RunningGameStore] games [object Object]
[2024-12-08 15:14:46.635] [info]  [RunningGameStore] games [object Object]
[2024-12-08 15:32:18.867] [info]  [RunningGameStore] games [object Object]
[2024-12-08 15:32:23.879] [info]  [RunningGameStore] games [object Object]
[2024-12-08 15:33:49.049] [info]  [RunningGameStore] games [object Object]
[2024-12-08 15:34:09.089] [info]  [RunningGameStore] games [object Object]
[2024-12-08 15:34:14.090] [info]  [RunningGameStore] games [object Object]
[2024-12-08 15:34:19.105] [info]  [RunningGameStore] games [object Object]
[2024-12-08 15:34:29.116] [info]  [RunningGameStore] games [object Object]
[2024-12-08 15:37:24.465] [info]  [RunningGameStore] games [object Object]
[2024-12-08 15:37:29.478] [info]  [RunningGameStore] games [object Object]
[2024-12-08 15:38:09.560] [info]  [RunningGameStore] games [object Object]
[2024-12-08 15:38:24.592] [info]  [RunningGameStore] games [object Object]
[2024-12-08 15:38:29.801] [info]  [GatewaySocket] [WS CLOSED] (false, 1006, ) retrying in 1.05 seconds.
[2024-12-08 15:38:31.843] [info]  [GatewaySocket] [CONNECT] wss://gateway-us-east1-d.discord.gg, encoding: etf, version: 9, compression: zstd-stream
[2024-12-08 15:38:31.845] [info]  [GatewaySocket] [WS CLOSED] (false, 0, An error with the websocket occurred) retrying in 1.77 seconds.
[2024-12-08 19:08:13.005] [info]  [GatewaySocket] [CONNECT] wss://gateway.discord.gg, encoding: etf, version: 9, compression: zstd-stream
[2024-12-08 19:08:13.007] [info]  [GatewaySocket] [WS CLOSED] (false, 0, An error with the websocket occurred) retrying in 5.00 seconds.
[2024-12-08 19:08:13.007] [info]  [RunningGameStore] games [object Object]
[2024-12-08 19:08:13.778] [info]  [GatewaySocket] [CONNECT] wss://gateway.discord.gg, encoding: etf, version: 9, compression: zstd-stream
[2024-12-08 19:08:13.786] [info]  [GatewaySocket] [WS CLOSED] (true, 0, power monitor resumed) retrying immediately.
[2024-12-08 19:08:13.786] [info]  [GatewaySocket] [CONNECT] wss://gateway.discord.gg, encoding: etf, version: 9, compression: zstd-stream
[2024-12-08 19:08:13.788] [info]  [GatewaySocket] [WS CLOSED] (false, 0, An error with the websocket occurred) retrying in 2.01 seconds.
[2024-12-08 19:08:15.798] [info]  [GatewaySocket] [CONNECT] wss://gateway.discord.gg, encoding: etf, version: 9, compression: zstd-stream
[2024-12-08 19:08:15.802] [info]  [GatewaySocket] [WS CLOSED] (false, 0, An error with the websocket occurred) retrying in 3.91 seconds.
[2024-12-08 19:08:18.060] [info]  [GatewaySocket] [CONNECT] wss://gateway.discord.gg, encoding: etf, version: 9, compression: zstd-stream
[2024-12-08 19:08:18.138] [info]  [GatewaySocket] [WS CLOSED] (false, 0, An error with the websocket occurred) retrying in 2.06 seconds.
[2024-12-08 19:08:20.800] [info]  [GatewaySocket] [CONNECT] wss://gateway.discord.gg, encoding: etf, version: 9, compression: zstd-stream
[2024-12-08 19:08:20.825] [info]  [GatewaySocket] [WS CLOSED] (false, 0, An error with the websocket occurred) retrying in 3.11 seconds.
[2024-12-08 19:08:20.870] [warn]  [AnalyticsTrackingStore] Track: Request has been terminated
Possible causes: the network is offline, Origin is not allowed by Access-Control-Allow-Origin, the page is being unloaded, etc.
[2024-12-08 19:08:23.015] [info]  [RunningGameStore] games [object Object]
[2024-12-08 19:08:24.796] [info]  [GatewaySocket] [CONNECT] wss://gateway.discord.gg, encoding: etf, version: 9, compression: zstd-stream
[2024-12-08 19:08:25.353] [info]  [GatewaySocket] [CONNECTED] wss://gateway.discord.gg/?encoding=etf&v=9&compress=zstd-stream in 557 ms
[2024-12-08 19:08:26.724] [info]  [GatewaySocket] [READY] took 1929ms, as 45da4d7f70f20b6d0cbe131ec7d08d1c
[2024-12-08 19:08:26.743] [info]  [Flux] Dispatching CONNECTION_OPEN
[2024-12-08 19:08:26.751] [info]  [DatabaseManager] removing database (user: 714728028340748328, database: null)
[2024-12-08 19:08:26.763] [warn]  [NativeDispatchUtils] Tried getting Dispatch instance before instantiated
[2024-12-08 19:08:26.806] [info]  [MessageActionCreators] Fetching messages for 1208686829927276544 between undefined and undefined. jump={"jumpType":"ANIMATED"}
[2024-12-08 19:08:26.905] [info]  [GatewaySocket] [READY_SUPPLEMENTAL] took 2110ms
[2024-12-08 19:08:27.469] [info]  [MessageActionCreators] Fetched 50 messages for 1208686829927276544 isBefore:false isAfter:false
[2024-12-08 19:08:27.471] [info]  [ChannelMessages] loadComplete: resetting state for channelId=1208686829927276544, sending.length=0
[2024-12-08 19:08:28.013] [info]  [RunningGameStore] games [object Object]
[2024-12-08 19:08:31.154] [error] Access to XMLHttpRequest at 'https://cdn.discordapp.com/changelogs/config_0.json?x=1' from origin 'https://discordapp.com' has been blocked by CORS policy: No 'Access-Control-Allow-Origin' header is present on the requested resource.
[2024-12-08 19:08:31.159] [error] Uncaught (in promise) Error: Request has been terminated
Possible causes: the network is offline, Origin is not allowed by Access-Control-Allow-Origin, the page is being unloaded, etc.
[2024-12-08 19:25:40.051] [info]  [RunningGameStore] games [object Object]
[2024-12-08 19:27:30.263] [info]  [RunningGameStore] games [object Object]
[2024-12-08 19:27:35.271] [info]  [RunningGameStore] games [object Object]
[2024-12-08 19:28:55.422] [info]  [RunningGameStore] games [object Object]
[2024-12-08 19:32:25.813] [info]  [RunningGameStore] games [object Object]
[2024-12-08 19:33:11.197] [info]  [WindowVisibilityVideoManager] Incoming video enabled changed, incomingVideoEnabled = true
[2024-12-08 19:33:14.514] [info]  [discord_protos.discord_users.v1.FrecencyUserSettings] Loading proto
[2024-12-08 19:33:19.218] [info]  [MessageActionCreators] Fetching messages for 1269744790656782467 between undefined and undefined. jump={"jumpType":"ANIMATED"}
[2024-12-08 19:33:19.242] [error] Unrecognized Content-Security-Policy directive 'prefetch-src'.
[2024-12-08 19:33:19.304] [info]  [Routing/Utils] transitionTo - Transitioning to /channels/1269741302799536178/1269744790656782467
[2024-12-08 19:33:19.741] [info]  [MessageActionCreators] Fetched 17 messages for 1269744790656782467 isBefore:false isAfter:false
[2024-12-08 19:33:19.743] [info]  [ChannelMessages] loadComplete: resetting state for channelId=1269744790656782467, sending.length=0
[2024-12-08 19:33:22.993] [info]  [discord_protos.discord_users.v1.PreloadedUserSettings] Updating userContent with delay 0
[2024-12-08 19:33:22.997] [info]  [discord_protos.discord_users.v1.PreloadedUserSettings] Scheduling save from markDirty
[2024-12-08 19:33:23.012] [info]  [discord_protos.discord_users.v1.PreloadedUserSettings] Persisting proto
[2024-12-08 19:33:27.665] [info]  [MessageActionCreators] Fetching messages for 1269844092398080142 between undefined and undefined. jump={"jumpType":"ANIMATED"}
[2024-12-08 19:33:27.768] [info]  [Routing/Utils] transitionTo - Transitioning to /channels/1269741302799536178/1269844092398080142
[2024-12-08 19:33:28.166] [info]  [MessageActionCreators] Fetched 5 messages for 1269844092398080142 isBefore:false isAfter:false
[2024-12-08 19:33:28.168] [info]  [ChannelMessages] loadComplete: resetting state for channelId=1269844092398080142, sending.length=0
[2024-12-08 19:33:55.765] [info]  [MessageActionCreators] Fetching messages for 1255384879152103467 between undefined and undefined. jump={"jumpType":"ANIMATED"}
[2024-12-08 19:33:55.851] [info]  [Routing/Utils] transitionTo - Transitioning to /channels/1255384878103531602/1255384879152103467
[2024-12-08 19:33:56.287] [info]  [MessageActionCreators] Fetched 8 messages for 1255384879152103467 isBefore:false isAfter:false
[2024-12-08 19:33:56.288] [info]  [ChannelMessages] loadComplete: resetting state for channelId=1255384879152103467, sending.length=0
[2024-12-08 19:33:56.498] [error] Unrecognized Content-Security-Policy directive 'prefetch-src'.
[2024-12-08 19:33:56.498] [error] Unrecognized Content-Security-Policy directive 'prefetch-src'.
[2024-12-08 19:33:56.499] [error] Unrecognized Content-Security-Policy directive 'prefetch-src'.
[2024-12-08 19:33:56.499] [error] Unrecognized Content-Security-Policy directive 'prefetch-src'.
[2024-12-08 19:33:56.593] [info]  [MessageActionCreators] Fetching messages for 1290760432100970539 between undefined and undefined. jump={"jumpType":"ANIMATED"}
[2024-12-08 19:33:56.745] [info]  [Routing/Utils] transitionTo - Transitioning to /channels/1290760432100970537/1290760432100970539
[2024-12-08 19:33:57.183] [info]  [MessageActionCreators] Fetched 1 messages for 1290760432100970539 isBefore:false isAfter:false
[2024-12-08 19:33:57.184] [info]  [ChannelMessages] loadComplete: resetting state for channelId=1290760432100970539, sending.length=0
[2024-12-08 19:33:58.323] [info]  [MessageActionCreators] Fetching messages for 1084073445870030910 between undefined and undefined. jump={"jumpType":"ANIMATED"}
[2024-12-08 19:33:58.420] [info]  [Routing/Utils] transitionTo - Transitioning to /channels/1084073445169578006/1084073445870030910
[2024-12-08 19:33:58.907] [info]  [MessageActionCreators] Fetched 50 messages for 1084073445870030910 isBefore:false isAfter:false
[2024-12-08 19:33:58.910] [info]  [ChannelMessages] loadComplete: resetting state for channelId=1084073445870030910, sending.length=0
[2024-12-08 19:34:03.329] [info]  [Routing/Utils] transitionTo - Transitioning to /channels/1084073445169578006/1084073445870030910
[2024-12-08 19:34:03.895] [info]  [Routing/Utils] transitionTo - Transitioning to /channels/1084073445169578006/1084073445870030910
[2024-12-08 19:34:04.575] [info]  [Routing/Utils] transitionTo - Transitioning to /channels/1084073445169578006/1084073445870030910
[2024-12-08 19:34:05.140] [info]  [Routing/Utils] transitionTo - Transitioning to /channels/1084073445169578006/1084073445870030910
[2024-12-08 19:34:05.526] [info]  [Routing/Utils] transitionTo - Transitioning to /channels/1084073445169578006/1084073445870030910
[2024-12-08 19:34:08.601] [info]  [MessageActionCreators] Fetching messages for 1084073445870030910 between 1287705004295065600 and undefined. jump=undefined
[2024-12-08 19:34:09.160] [info]  [MessageActionCreators] Fetched 50 messages for 1084073445870030910 isBefore:true isAfter:false
[2024-12-08 19:34:16.878] [warn]  [ComponentDispatchUtils] ComponentDispatch.subscribe: Attempting to add a duplicate listener POPOUT_CLOSE
[2024-12-08 19:34:30.927] [info]  [RunningGameStore] games [object Object]
[2024-12-08 19:34:40.941] [info]  [RunningGameStore] games [object Object]
[2024-12-08 19:37:41.298] [info]  [RunningGameStore] games [object Object]
[2024-12-08 19:38:33.800] [info]  [WindowVisibilityVideoManager] Incoming video enabled changed, incomingVideoEnabled = false
[2024-12-08 19:39:41.473] [info]  [RunningGameStore] games [object Object]
[2024-12-08 19:46:52.206] [info]  [RunningGameStore] games [object Object]
[2024-12-08 19:54:53.011] [info]  [RunningGameStore] games [object Object]
[2024-12-08 19:54:58.016] [info]  [RunningGameStore] games [object Object]
[2024-12-08 20:17:50.289] [info]  [GatewaySocket] [CONNECT] wss://gateway-us-east1-d.discord.gg, encoding: etf, version: 9, compression: zstd-stream
[2024-12-08 20:17:50.970] [info]  [GatewaySocket] [CONNECTED] wss://gateway-us-east1-d.discord.gg/?encoding=etf&v=9&compress=zstd-stream in 680 ms
[2024-12-08 20:17:50.971] [info]  [GatewaySocket] [RESUME] resuming session 45da4d7f70f20b6d0cbe131ec7d08d1c, seq: 310
[2024-12-08 20:17:51.798] [info]  [Flux] Dispatching CONNECTION_RESUMED
[2024-12-08 20:17:51.801] [info]  [GatewaySocket] [RESUMED] took 1512ms, replayed 0 events, new seq: 311
[2024-12-08 20:17:54.805] [info]  [discord_protos.discord_users.v1.FrecencyUserSettings] Scheduling save from markDirty
[2024-12-08 20:17:54.806] [info]  [discord_protos.discord_users.v1.FrecencyUserSettings] Persisting proto
[2024-12-08 20:19:30.639] [info]  [RunningGameStore] games [object Object]
[2024-12-08 21:47:53.810] [info]  [RunningGameStore] games [object Object]
[2024-12-08 21:50:29.086] [info]  [RunningGameStore] games [object Object]
[2024-12-08 21:51:04.148] [info]  [RunningGameStore] games [object Object]
[2024-12-08 22:11:01.829] [info]  [RunningGameStore] games [object Object]
[2024-12-08 23:26:35.243] [info]  [GatewaySocket] [CONNECT] wss://gateway-us-east1-d.discord.gg, encoding: etf, version: 9, compression: zstd-stream
[2024-12-08 23:26:35.849] [info]  [GatewaySocket] [CONNECTED] wss://gateway-us-east1-d.discord.gg/?encoding=etf&v=9&compress=zstd-stream in 607 ms
[2024-12-08 23:26:35.850] [info]  [GatewaySocket] [RESUME] resuming session 45da4d7f70f20b6d0cbe131ec7d08d1c, seq: 2026
[2024-12-08 23:26:36.797] [info]  [Flux] Dispatching CONNECTION_RESUMED
[2024-12-08 23:26:36.798] [info]  [GatewaySocket] [RESUMED] took 1556ms, replayed 0 events, new seq: 2027
[2024-12-08 23:28:27.164] [info]  [RunningGameStore] games [object Object]
[2024-12-08 23:31:02.470] [info]  [RunningGameStore] games [object Object]
[2024-12-08 23:31:12.494] [info]  [RunningGameStore] games [object Object]
[2024-12-08 23:45:09.041] [info]  [RunningGameStore] games [object Object]
[2024-12-08 23:45:14.057] [info]  [RunningGameStore] games [object Object]
[2024-12-08 23:45:34.081] [info]  [RunningGameStore] games [object Object]
[2024-12-09 00:01:25.930] [info]  [RunningGameStore] games [object Object]
[2024-12-09 00:09:48.170] [info]  [GatewaySocket] [CONNECT] wss://gateway-us-east1-d.discord.gg, encoding: etf, version: 9, compression: zstd-stream
[2024-12-09 00:09:48.720] [info]  [GatewaySocket] [CONNECTED] wss://gateway-us-east1-d.discord.gg/?encoding=etf&v=9&compress=zstd-stream in 550 ms
[2024-12-09 00:09:48.722] [info]  [GatewaySocket] [RESUME] resuming session 45da4d7f70f20b6d0cbe131ec7d08d1c, seq: 2662
[2024-12-09 00:09:49.798] [info]  [Flux] Dispatching CONNECTION_RESUMED
[2024-12-09 00:09:49.804] [info]  [GatewaySocket] [RESUMED] took 1634ms, replayed 0 events, new seq: 2664
[2024-12-09 00:24:13.655] [info]  [RunningGameStore] games [object Object]
[2024-12-09 00:24:18.664] [info]  [RunningGameStore] games [object Object]
[2024-12-09 00:29:12.619] [info]  [GatewaySocket] [CONNECT] wss://gateway-us-east1-d.discord.gg, encoding: etf, version: 9, compression: zstd-stream
[2024-12-09 00:29:13.194] [info]  [GatewaySocket] [CONNECTED] wss://gateway-us-east1-d.discord.gg/?encoding=etf&v=9&compress=zstd-stream in 575 ms
[2024-12-09 00:29:13.195] [info]  [GatewaySocket] [RESUME] resuming session 45da4d7f70f20b6d0cbe131ec7d08d1c, seq: 3117
[2024-12-09 00:29:13.800] [info]  [Flux] Dispatching CONNECTION_RESUMED
[2024-12-09 00:29:13.801] [info]  [GatewaySocket] [RESUMED] took 1182ms, replayed 0 events, new seq: 3118
[2024-12-09 00:41:35.347] [info]  [RunningGameStore] games [object Object]
[2024-12-09 00:49:31.186] [info]  [RunningGameStore] games [object Object]
[2024-12-09 01:18:04.461] [info]  [RunningGameStore] games [object Object]
[2024-12-09 01:19:14.614] [info]  [RunningGameStore] games [object Object]
[2024-12-09 01:19:19.614] [info]  [RunningGameStore] games [object Object]
[2024-12-09 01:19:24.625] [info]  [RunningGameStore] games [object Object]
[2024-12-09 01:19:29.625] [info]  [RunningGameStore] games [object Object]
[2024-12-09 01:20:29.754] [info]  [RunningGameStore] games [object Object]
[2024-12-09 01:21:29.856] [info]  [RunningGameStore] games [object Object]
[2024-12-09 01:21:49.897] [info]  [RunningGameStore] games [object Object]
[2024-12-09 01:21:54.908] [info]  [RunningGameStore] games [object Object]
[2024-12-23 17:40:14.320] [info]  DiscordSplash.signalReady
[2024-12-23 17:40:14.362] [info]  DiscordSplash.onStateUpdate: {"status":"installing-updates","current":1,"total":6}
[2024-12-23 17:40:14.362] [info]  Splash.onStateUpdate: {"status":"installing-updates","current":1,"total":6}
[2024-12-23 17:40:14.362] [info]  DiscordSplash.onStateUpdate: {"status":"installing-updates","current":2,"total":6}
[2024-12-23 17:40:14.363] [info]  Splash.onStateUpdate: {"status":"installing-updates","current":2,"total":6}
[2024-12-23 17:40:14.363] [info]  DiscordSplash.onStateUpdate: {"status":"installing-updates","current":3,"total":6}
[2024-12-23 17:40:14.363] [info]  Splash.onStateUpdate: {"status":"installing-updates","current":3,"total":6}
[2024-12-23 17:40:14.363] [info]  DiscordSplash.onStateUpdate: {"status":"installing-updates","current":4,"total":6}
[2024-12-23 17:40:14.363] [info]  Splash.onStateUpdate: {"status":"installing-updates","current":4,"total":6}
[2024-12-23 17:40:14.363] [info]  DiscordSplash.onStateUpdate: {"status":"installing-updates","current":5,"total":6}
[2024-12-23 17:40:14.363] [info]  Splash.onStateUpdate: {"status":"installing-updates","current":5,"total":6}
[2024-12-23 17:40:14.363] [info]  DiscordSplash.onStateUpdate: {"status":"installing-updates","current":6,"total":6}
[2024-12-23 17:40:14.363] [info]  Splash.onStateUpdate: {"status":"installing-updates","current":6,"total":6}
[2024-12-23 17:40:14.364] [info]  DiscordSplash.onStateUpdate: {"status":"checking-for-updates","current":6,"total":6}
[2024-12-23 17:40:14.364] [info]  Splash.onStateUpdate: {"status":"checking-for-updates","current":6,"total":6}
[2024-12-23 17:40:15.059] [info]  DiscordSplash.onStateUpdate: {"status":"update-manually","current":6,"total":6,"newVersion":"0.0.78"}
[2024-12-23 17:40:15.060] [info]  Splash.onStateUpdate: {"status":"update-manually","current":6,"total":6,"newVersion":"0.0.78"}
[2024-12-23 17:40:15.321] [info]  Splash.updateCountdownSeconds: undefined
[2024-12-23 17:40:16.321] [info]  Splash.updateCountdownSeconds: undefined
[2024-12-23 18:41:08.555] [info]  DiscordSplash.signalReady
[2024-12-23 18:41:08.575] [info]  DiscordSplash.onStateUpdate: {"status":"checking-for-updates"}
[2024-12-23 18:41:08.576] [info]  Splash.onStateUpdate: {"status":"checking-for-updates"}
[2024-12-23 18:41:09.306] [info]  DiscordSplash.onStateUpdate: {"status":"update-manually","newVersion":"0.0.78"}
[2024-12-23 18:41:09.307] [info]  Splash.onStateUpdate: {"status":"update-manually","newVersion":"0.0.78"}
[2024-12-23 18:41:09.555] [info]  Splash.updateCountdownSeconds: undefined
[2024-12-23 18:41:10.555] [info]  Splash.updateCountdownSeconds: undefined
[2024-12-23 18:41:11.555] [info]  Splash.updateCountdownSeconds: undefined
[2024-12-23 18:41:12.555] [info]  Splash.updateCountdownSeconds: undefined
[2024-12-23 18:41:13.555] [info]  Splash.updateCountdownSeconds: undefined
[2024-12-23 18:41:14.555] [info]  Splash.updateCountdownSeconds: undefined
[2024-12-23 18:41:15.555] [info]  Splash.updateCountdownSeconds: undefined
[2024-12-23 18:41:16.555] [info]  Splash.updateCountdownSeconds: undefined
[2024-12-23 18:41:51.592] [info]  DiscordSplash.signalReady
[2024-12-23 18:41:51.600] [info]  DiscordSplash.onStateUpdate: {"status":"checking-for-updates"}
[2024-12-23 18:41:51.601] [info]  Splash.onStateUpdate: {"status":"checking-for-updates"}
[2024-12-23 18:41:52.259] [info]  DiscordSplash.onStateUpdate: {"status":"update-manually","newVersion":"0.0.78"}
[2024-12-23 18:41:52.260] [info]  Splash.onStateUpdate: {"status":"update-manually","newVersion":"0.0.78"}
[2024-12-23 18:41:52.592] [info]  Splash.updateCountdownSeconds: undefined
[2024-12-23 18:41:53.592] [info]  Splash.updateCountdownSeconds: undefined
[2024-12-23 18:42:32.160] [info]  DiscordSplash.signalReady
[2024-12-23 18:42:32.199] [info]  DiscordSplash.onStateUpdate: {"status":"checking-for-updates"}
[2024-12-23 18:42:32.200] [info]  Splash.onStateUpdate: {"status":"checking-for-updates"}
[2024-12-23 18:42:32.997] [info]  DiscordSplash.onStateUpdate: {"status":"update-manually","newVersion":"0.0.78"}
[2024-12-23 18:42:32.998] [info]  Splash.onStateUpdate: {"status":"update-manually","newVersion":"0.0.78"}
[2024-12-23 18:42:33.160] [info]  Splash.updateCountdownSeconds: undefined
[2024-12-23 18:42:34.161] [info]  Splash.updateCountdownSeconds: undefined
[2024-12-23 18:42:35.161] [info]  Splash.updateCountdownSeconds: undefined
[2024-12-23 18:42:41.612] [info]  DiscordSplash.signalReady
[2024-12-23 18:42:41.622] [info]  DiscordSplash.onStateUpdate: {"status":"checking-for-updates"}
[2024-12-23 18:42:41.623] [info]  Splash.onStateUpdate: {"status":"checking-for-updates"}
[2024-12-23 18:42:42.612] [info]  Splash.updateCountdownSeconds: undefined
[2024-12-23 18:42:42.956] [info]  DiscordSplash.onStateUpdate: {"status":"update-manually","newVersion":"0.0.78"}
[2024-12-23 18:42:42.957] [info]  Splash.onStateUpdate: {"status":"update-manually","newVersion":"0.0.78"}
[2024-12-23 18:42:43.613] [info]  Splash.updateCountdownSeconds: undefined
[2024-12-23 18:42:44.612] [info]  Splash.updateCountdownSeconds: undefined
[2024-12-23 18:59:58.416] [info]  DiscordSplash.signalReady
[2024-12-23 18:59:58.423] [info]  DiscordSplash.onStateUpdate: {"status":"checking-for-updates"}
[2024-12-23 18:59:58.423] [info]  Splash.onStateUpdate: {"status":"checking-for-updates"}
[2024-12-23 18:59:59.157] [info]  DiscordSplash.onStateUpdate: {"status":"update-manually","newVersion":"0.0.78"}
[2024-12-23 18:59:59.158] [info]  Splash.onStateUpdate: {"status":"update-manually","newVersion":"0.0.78"}
[2024-12-23 18:59:59.417] [info]  Splash.updateCountdownSeconds: undefined
[2024-12-23 19:00:00.416] [info]  Splash.updateCountdownSeconds: undefined
[2024-12-23 19:00:01.417] [info]  Splash.updateCountdownSeconds: undefined
[2024-12-23 19:00:02.416] [info]  Splash.updateCountdownSeconds: undefined
[2024-12-23 19:00:03.417] [info]  Splash.updateCountdownSeconds: undefined
[2024-12-23 19:00:04.416] [info]  Splash.updateCountdownSeconds: undefined
[2024-12-23 19:00:05.417] [info]  Splash.updateCountdownSeconds: undefined
[2024-12-23 19:00:06.417] [info]  Splash.updateCountdownSeconds: undefined
[2024-12-23 19:00:07.417] [info]  Splash.updateCountdownSeconds: undefined
[2024-12-23 19:00:08.417] [info]  Splash.updateCountdownSeconds: undefined
[2024-12-23 19:00:09.417] [info]  Splash.updateCountdownSeconds: undefined
[2024-12-31 19:17:03.611] [info]  DiscordSplash.signalReady
[2024-12-31 19:17:03.620] [info]  DiscordSplash.onStateUpdate: {"status":"checking-for-updates"}
[2024-12-31 19:17:03.621] [info]  Splash.onStateUpdate: {"status":"checking-for-updates"}
[2024-12-31 19:17:04.364] [info]  DiscordSplash.onStateUpdate: {"status":"update-manually","newVersion":"0.0.78"}
[2024-12-31 19:17:04.364] [info]  Splash.onStateUpdate: {"status":"update-manually","newVersion":"0.0.78"}
[2024-12-31 19:17:04.611] [info]  Splash.updateCountdownSeconds: undefined
[2024-12-31 19:17:05.611] [info]  Splash.updateCountdownSeconds: undefined
[2024-12-31 19:17:06.611] [info]  Splash.updateCountdownSeconds: undefined
[2024-12-31 19:17:07.611] [info]  Splash.updateCountdownSeconds: undefined
[2024-12-31 19:17:08.611] [info]  Splash.updateCountdownSeconds: undefined
[2024-12-31 19:17:09.611] [info]  Splash.updateCountdownSeconds: undefined
[2024-12-31 19:17:10.611] [info]  Splash.updateCountdownSeconds: undefined
[2024-12-31 19:17:11.611] [info]  Splash.updateCountdownSeconds: undefined
[2024-12-31 19:17:12.611] [info]  Splash.updateCountdownSeconds: undefined
[2024-12-31 19:17:13.611] [info]  Splash.updateCountdownSeconds: undefined
[2025-01-02 22:34:25.137] [info]  DiscordSplash.signalReady
[2025-01-02 22:34:25.146] [info]  DiscordSplash.onStateUpdate: {"status":"checking-for-updates"}
[2025-01-02 22:34:25.146] [info]  Splash.onStateUpdate: {"status":"checking-for-updates"}
[2025-01-02 22:34:25.959] [info]  DiscordSplash.onStateUpdate: {"status":"update-manually","newVersion":"0.0.78"}
[2025-01-02 22:34:25.960] [info]  Splash.onStateUpdate: {"status":"update-manually","newVersion":"0.0.78"}
[2025-01-02 22:34:26.137] [info]  Splash.updateCountdownSeconds: undefined
[2025-01-02 22:34:27.136] [info]  Splash.updateCountdownSeconds: undefined
[2025-01-02 22:35:04.904] [info]  DiscordSplash.signalReady
[2025-01-02 22:35:04.911] [info]  Slow network is detected. See https://www.chromestatus.com/feature/5636954674692096 for more details. Fallback font will be used while loading: file:///opt/discord/resources/app.asar/app_bootstrap/splash/bf3d19297ef12291559b3edae977480c.woff2
[2025-01-02 22:35:04.920] [info]  DiscordSplash.onStateUpdate: {"status":"checking-for-updates"}
[2025-01-02 22:35:04.920] [info]  Splash.onStateUpdate: {"status":"checking-for-updates"}
[2025-01-02 22:35:05.584] [info]  DiscordSplash.onStateUpdate: {"status":"update-manually","newVersion":"0.0.78"}
[2025-01-02 22:35:05.585] [info]  Splash.onStateUpdate: {"status":"update-manually","newVersion":"0.0.78"}
[2025-01-02 22:35:05.590] [info]  Slow network is detected. See https://www.chromestatus.com/feature/5636954674692096 for more details. Fallback font will be used while loading: file:///opt/discord/resources/app.asar/app_bootstrap/splash/ac3f027697c11abd84295888e843f3d2.woff2
[2025-01-04 12:31:32.883] [info]  DiscordSplash.signalReady
[2025-01-04 12:31:32.909] [info]  DiscordSplash.onStateUpdate: {"status":"checking-for-updates"}
[2025-01-04 12:31:32.910] [info]  Splash.onStateUpdate: {"status":"checking-for-updates"}
[2025-01-04 12:31:33.883] [info]  Splash.updateCountdownSeconds: undefined
[2025-01-04 12:31:34.066] [info]  DiscordSplash.onStateUpdate: {"status":"update-manually","newVersion":"0.0.78"}
[2025-01-04 12:31:34.066] [info]  Splash.onStateUpdate: {"status":"update-manually","newVersion":"0.0.78"}
[2025-01-04 12:31:34.884] [info]  Splash.updateCountdownSeconds: undefined
