2024-11-21T21:07:53.804Z [Modules] Modules initializing
2024-11-21T21:07:53.804Z [Modules] Distribution: remote
2024-11-21T21:07:53.804Z [Modules] Host updates: enabled
2024-11-21T21:07:53.804Z [Modules] Module updates: enabled
2024-11-21T21:07:53.804Z [Modules] Module install path: /home/ysh/.config/discord/0.0.75/modules
2024-11-21T21:07:53.804Z [Modules] Module installed file path: /home/ysh/.config/discord/0.0.75/modules/installed.json
2024-11-21T21:07:53.804Z [Modules] Module download path: /home/ysh/.config/discord/0.0.75/modules/pending
2024-11-21T21:07:54.026Z [Modules] Bootstrapping...
2024-11-21T21:07:54.027Z [Modules] Installing discord_desktop_core@0 from /opt/discord/resources/bootstrap/discord_desktop_core.zip
2024-11-21T21:07:54.029Z [Modules] Failed installing discord_desktop_core@0: Error: ENOENT: no such file or directory, open '/opt/discord/resources/bootstrap/discord_desktop_core.zip'
2024-11-21T21:07:54.030Z [Modules] Installing discord_erlpack@0 from /opt/discord/resources/bootstrap/discord_erlpack.zip
2024-11-21T21:07:54.030Z [Modules] Failed installing discord_erlpack@0: Error: ENOENT: no such file or directory, open '/opt/discord/resources/bootstrap/discord_erlpack.zip'
2024-11-21T21:07:54.031Z [Modules] Installing discord_spellcheck@0 from /opt/discord/resources/bootstrap/discord_spellcheck.zip
2024-11-21T21:07:54.031Z [Modules] Failed installing discord_spellcheck@0: Error: ENOENT: no such file or directory, open '/opt/discord/resources/bootstrap/discord_spellcheck.zip'
2024-11-21T21:07:54.031Z [Modules] Installing discord_utils@0 from /opt/discord/resources/bootstrap/discord_utils.zip
2024-11-21T21:07:54.031Z [Modules] Failed installing discord_utils@0: Error: ENOENT: no such file or directory, open '/opt/discord/resources/bootstrap/discord_utils.zip'
2024-11-21T21:07:54.032Z [Modules] Installing discord_voice@0 from /opt/discord/resources/bootstrap/discord_voice.zip
2024-11-21T21:07:54.032Z [Modules] Failed installing discord_voice@0: Error: ENOENT: no such file or directory, open '/opt/discord/resources/bootstrap/discord_voice.zip'
2024-11-21T21:07:54.032Z [Modules] Installing discord_zstd@0 from /opt/discord/resources/bootstrap/discord_zstd.zip
2024-11-21T21:07:54.032Z [Modules] Failed installing discord_zstd@0: Error: ENOENT: no such file or directory, open '/opt/discord/resources/bootstrap/discord_zstd.zip'
2024-11-21T21:07:54.032Z [Modules] Finished module installations. [success: 0] [failure: 6]
2024-11-21T21:07:54.032Z [Modules] Checking for host updates.
2024-11-21T21:07:54.716Z [Modules] Host is up to date.
2024-11-21T21:07:54.717Z [Modules] Checking for module updates at https://discord.com/api/modules/stable/versions.json
2024-11-21T21:07:54.792Z [Modules] Module update available: discord_desktop_core@1 [installed: 0]
2024-11-21T21:07:54.793Z [Modules] Module update available: discord_erlpack@1 [installed: 0]
2024-11-21T21:07:54.793Z [Modules] Module update available: discord_spellcheck@1 [installed: 0]
2024-11-21T21:07:54.793Z [Modules] Module update available: discord_utils@1 [installed: 0]
2024-11-21T21:07:54.793Z [Modules] Module update available: discord_voice@1 [installed: 0]
2024-11-21T21:07:54.793Z [Modules] Module update available: discord_zstd@1 [installed: 0]
2024-11-21T21:07:54.794Z [Modules] Fetching discord_desktop_core@1 from https://discord.com/api/modules/stable/discord_desktop_core/1
2024-11-21T21:07:54.794Z [Modules] Streaming discord_desktop_core@1 to /home/ysh/.config/discord/0.0.75/modules/pending/discord_desktop_core-1.zip
2024-11-21T21:07:55.629Z [Modules] Streaming discord_desktop_core@1 to /home/ysh/.config/discord/0.0.75/modules/pending/discord_desktop_core-1.zip: 1%
2024-11-21T21:07:55.641Z [Modules] Streaming discord_desktop_core@1 to /home/ysh/.config/discord/0.0.75/modules/pending/discord_desktop_core-1.zip: 2%
2024-11-21T21:07:55.650Z [Modules] Streaming discord_desktop_core@1 to /home/ysh/.config/discord/0.0.75/modules/pending/discord_desktop_core-1.zip: 3%
2024-11-21T21:07:55.661Z [Modules] Streaming discord_desktop_core@1 to /home/ysh/.config/discord/0.0.75/modules/pending/discord_desktop_core-1.zip: 4%
2024-11-21T21:07:55.665Z [Modules] Streaming discord_desktop_core@1 to /home/ysh/.config/discord/0.0.75/modules/pending/discord_desktop_core-1.zip: 5%
2024-11-21T21:07:55.669Z [Modules] Streaming discord_desktop_core@1 to /home/ysh/.config/discord/0.0.75/modules/pending/discord_desktop_core-1.zip: 6%
2024-11-21T21:07:55.674Z [Modules] Streaming discord_desktop_core@1 to /home/ysh/.config/discord/0.0.75/modules/pending/discord_desktop_core-1.zip: 7%
2024-11-21T21:07:55.679Z [Modules] Streaming discord_desktop_core@1 to /home/ysh/.config/discord/0.0.75/modules/pending/discord_desktop_core-1.zip: 9%
2024-11-21T21:07:55.684Z [Modules] Streaming discord_desktop_core@1 to /home/ysh/.config/discord/0.0.75/modules/pending/discord_desktop_core-1.zip: 10%
2024-11-21T21:07:55.686Z [Modules] Streaming discord_desktop_core@1 to /home/ysh/.config/discord/0.0.75/modules/pending/discord_desktop_core-1.zip: 11%
2024-11-21T21:07:55.695Z [Modules] Streaming discord_desktop_core@1 to /home/ysh/.config/discord/0.0.75/modules/pending/discord_desktop_core-1.zip: 12%
2024-11-21T21:07:55.701Z [Modules] Streaming discord_desktop_core@1 to /home/ysh/.config/discord/0.0.75/modules/pending/discord_desktop_core-1.zip: 14%
2024-11-21T21:07:55.704Z [Modules] Streaming discord_desktop_core@1 to /home/ysh/.config/discord/0.0.75/modules/pending/discord_desktop_core-1.zip: 15%
2024-11-21T21:07:55.711Z [Modules] Streaming discord_desktop_core@1 to /home/ysh/.config/discord/0.0.75/modules/pending/discord_desktop_core-1.zip: 16%
2024-11-21T21:07:55.712Z [Modules] Streaming discord_desktop_core@1 to /home/ysh/.config/discord/0.0.75/modules/pending/discord_desktop_core-1.zip: 17%
2024-11-21T21:07:55.721Z [Modules] Streaming discord_desktop_core@1 to /home/ysh/.config/discord/0.0.75/modules/pending/discord_desktop_core-1.zip: 19%
2024-11-21T21:07:55.727Z [Modules] Streaming discord_desktop_core@1 to /home/ysh/.config/discord/0.0.75/modules/pending/discord_desktop_core-1.zip: 20%
2024-11-21T21:07:55.730Z [Modules] Streaming discord_desktop_core@1 to /home/ysh/.config/discord/0.0.75/modules/pending/discord_desktop_core-1.zip: 22%
2024-11-21T21:07:55.733Z [Modules] Streaming discord_desktop_core@1 to /home/ysh/.config/discord/0.0.75/modules/pending/discord_desktop_core-1.zip: 23%
2024-11-21T21:07:55.739Z [Modules] Streaming discord_desktop_core@1 to /home/ysh/.config/discord/0.0.75/modules/pending/discord_desktop_core-1.zip: 24%
2024-11-21T21:07:55.741Z [Modules] Streaming discord_desktop_core@1 to /home/ysh/.config/discord/0.0.75/modules/pending/discord_desktop_core-1.zip: 25%
2024-11-21T21:07:55.745Z [Modules] Streaming discord_desktop_core@1 to /home/ysh/.config/discord/0.0.75/modules/pending/discord_desktop_core-1.zip: 26%
2024-11-21T21:07:55.748Z [Modules] Streaming discord_desktop_core@1 to /home/ysh/.config/discord/0.0.75/modules/pending/discord_desktop_core-1.zip: 27%
2024-11-21T21:07:55.753Z [Modules] Streaming discord_desktop_core@1 to /home/ysh/.config/discord/0.0.75/modules/pending/discord_desktop_core-1.zip: 28%
2024-11-21T21:07:55.760Z [Modules] Streaming discord_desktop_core@1 to /home/ysh/.config/discord/0.0.75/modules/pending/discord_desktop_core-1.zip: 29%
2024-11-21T21:07:55.764Z [Modules] Streaming discord_desktop_core@1 to /home/ysh/.config/discord/0.0.75/modules/pending/discord_desktop_core-1.zip: 30%
2024-11-21T21:07:55.770Z [Modules] Streaming discord_desktop_core@1 to /home/ysh/.config/discord/0.0.75/modules/pending/discord_desktop_core-1.zip: 31%
2024-11-21T21:07:55.772Z [Modules] Streaming discord_desktop_core@1 to /home/ysh/.config/discord/0.0.75/modules/pending/discord_desktop_core-1.zip: 32%
2024-11-21T21:07:55.776Z [Modules] Streaming discord_desktop_core@1 to /home/ysh/.config/discord/0.0.75/modules/pending/discord_desktop_core-1.zip: 33%
2024-11-21T21:07:55.782Z [Modules] Streaming discord_desktop_core@1 to /home/ysh/.config/discord/0.0.75/modules/pending/discord_desktop_core-1.zip: 34%
2024-11-21T21:07:55.784Z [Modules] Streaming discord_desktop_core@1 to /home/ysh/.config/discord/0.0.75/modules/pending/discord_desktop_core-1.zip: 35%
2024-11-21T21:07:55.791Z [Modules] Streaming discord_desktop_core@1 to /home/ysh/.config/discord/0.0.75/modules/pending/discord_desktop_core-1.zip: 36%
2024-11-21T21:07:55.794Z [Modules] Streaming discord_desktop_core@1 to /home/ysh/.config/discord/0.0.75/modules/pending/discord_desktop_core-1.zip: 37%
2024-11-21T21:07:55.797Z [Modules] Streaming discord_desktop_core@1 to /home/ysh/.config/discord/0.0.75/modules/pending/discord_desktop_core-1.zip: 38%
2024-11-21T21:07:55.804Z [Modules] Streaming discord_desktop_core@1 to /home/ysh/.config/discord/0.0.75/modules/pending/discord_desktop_core-1.zip: 39%
2024-11-21T21:07:55.807Z [Modules] Streaming discord_desktop_core@1 to /home/ysh/.config/discord/0.0.75/modules/pending/discord_desktop_core-1.zip: 40%
2024-11-21T21:07:55.809Z [Modules] Streaming discord_desktop_core@1 to /home/ysh/.config/discord/0.0.75/modules/pending/discord_desktop_core-1.zip: 41%
2024-11-21T21:07:55.816Z [Modules] Streaming discord_desktop_core@1 to /home/ysh/.config/discord/0.0.75/modules/pending/discord_desktop_core-1.zip: 42%
2024-11-21T21:07:55.819Z [Modules] Streaming discord_desktop_core@1 to /home/ysh/.config/discord/0.0.75/modules/pending/discord_desktop_core-1.zip: 43%
2024-11-21T21:07:55.824Z [Modules] Streaming discord_desktop_core@1 to /home/ysh/.config/discord/0.0.75/modules/pending/discord_desktop_core-1.zip: 44%
2024-11-21T21:07:55.828Z [Modules] Streaming discord_desktop_core@1 to /home/ysh/.config/discord/0.0.75/modules/pending/discord_desktop_core-1.zip: 45%
2024-11-21T21:07:55.831Z [Modules] Streaming discord_desktop_core@1 to /home/ysh/.config/discord/0.0.75/modules/pending/discord_desktop_core-1.zip: 46%
2024-11-21T21:07:55.837Z [Modules] Streaming discord_desktop_core@1 to /home/ysh/.config/discord/0.0.75/modules/pending/discord_desktop_core-1.zip: 47%
2024-11-21T21:07:55.840Z [Modules] Streaming discord_desktop_core@1 to /home/ysh/.config/discord/0.0.75/modules/pending/discord_desktop_core-1.zip: 48%
2024-11-21T21:07:55.846Z [Modules] Streaming discord_desktop_core@1 to /home/ysh/.config/discord/0.0.75/modules/pending/discord_desktop_core-1.zip: 49%
2024-11-21T21:07:55.849Z [Modules] Streaming discord_desktop_core@1 to /home/ysh/.config/discord/0.0.75/modules/pending/discord_desktop_core-1.zip: 50%
2024-11-21T21:07:55.852Z [Modules] Streaming discord_desktop_core@1 to /home/ysh/.config/discord/0.0.75/modules/pending/discord_desktop_core-1.zip: 51%
2024-11-21T21:07:55.858Z [Modules] Streaming discord_desktop_core@1 to /home/ysh/.config/discord/0.0.75/modules/pending/discord_desktop_core-1.zip: 52%
2024-11-21T21:07:55.861Z [Modules] Streaming discord_desktop_core@1 to /home/ysh/.config/discord/0.0.75/modules/pending/discord_desktop_core-1.zip: 53%
2024-11-21T21:07:55.868Z [Modules] Streaming discord_desktop_core@1 to /home/ysh/.config/discord/0.0.75/modules/pending/discord_desktop_core-1.zip: 54%
2024-11-21T21:07:55.871Z [Modules] Streaming discord_desktop_core@1 to /home/ysh/.config/discord/0.0.75/modules/pending/discord_desktop_core-1.zip: 55%
2024-11-21T21:07:55.877Z [Modules] Streaming discord_desktop_core@1 to /home/ysh/.config/discord/0.0.75/modules/pending/discord_desktop_core-1.zip: 56%
2024-11-21T21:07:55.879Z [Modules] Streaming discord_desktop_core@1 to /home/ysh/.config/discord/0.0.75/modules/pending/discord_desktop_core-1.zip: 57%
2024-11-21T21:07:55.882Z [Modules] Streaming discord_desktop_core@1 to /home/ysh/.config/discord/0.0.75/modules/pending/discord_desktop_core-1.zip: 58%
2024-11-21T21:07:55.888Z [Modules] Streaming discord_desktop_core@1 to /home/ysh/.config/discord/0.0.75/modules/pending/discord_desktop_core-1.zip: 59%
2024-11-21T21:07:55.891Z [Modules] Streaming discord_desktop_core@1 to /home/ysh/.config/discord/0.0.75/modules/pending/discord_desktop_core-1.zip: 60%
2024-11-21T21:07:55.895Z [Modules] Streaming discord_desktop_core@1 to /home/ysh/.config/discord/0.0.75/modules/pending/discord_desktop_core-1.zip: 61%
2024-11-21T21:07:55.901Z [Modules] Streaming discord_desktop_core@1 to /home/ysh/.config/discord/0.0.75/modules/pending/discord_desktop_core-1.zip: 62%
2024-11-21T21:07:55.903Z [Modules] Streaming discord_desktop_core@1 to /home/ysh/.config/discord/0.0.75/modules/pending/discord_desktop_core-1.zip: 63%
2024-11-21T21:07:55.907Z [Modules] Streaming discord_desktop_core@1 to /home/ysh/.config/discord/0.0.75/modules/pending/discord_desktop_core-1.zip: 64%
2024-11-21T21:07:55.913Z [Modules] Streaming discord_desktop_core@1 to /home/ysh/.config/discord/0.0.75/modules/pending/discord_desktop_core-1.zip: 65%
2024-11-21T21:07:55.917Z [Modules] Streaming discord_desktop_core@1 to /home/ysh/.config/discord/0.0.75/modules/pending/discord_desktop_core-1.zip: 66%
2024-11-21T21:07:55.922Z [Modules] Streaming discord_desktop_core@1 to /home/ysh/.config/discord/0.0.75/modules/pending/discord_desktop_core-1.zip: 67%
2024-11-21T21:07:55.925Z [Modules] Streaming discord_desktop_core@1 to /home/ysh/.config/discord/0.0.75/modules/pending/discord_desktop_core-1.zip: 68%
2024-11-21T21:07:55.928Z [Modules] Streaming discord_desktop_core@1 to /home/ysh/.config/discord/0.0.75/modules/pending/discord_desktop_core-1.zip: 69%
2024-11-21T21:07:55.934Z [Modules] Streaming discord_desktop_core@1 to /home/ysh/.config/discord/0.0.75/modules/pending/discord_desktop_core-1.zip: 70%
2024-11-21T21:07:55.938Z [Modules] Streaming discord_desktop_core@1 to /home/ysh/.config/discord/0.0.75/modules/pending/discord_desktop_core-1.zip: 71%
2024-11-21T21:07:55.943Z [Modules] Streaming discord_desktop_core@1 to /home/ysh/.config/discord/0.0.75/modules/pending/discord_desktop_core-1.zip: 72%
2024-11-21T21:07:55.946Z [Modules] Streaming discord_desktop_core@1 to /home/ysh/.config/discord/0.0.75/modules/pending/discord_desktop_core-1.zip: 73%
2024-11-21T21:07:55.949Z [Modules] Streaming discord_desktop_core@1 to /home/ysh/.config/discord/0.0.75/modules/pending/discord_desktop_core-1.zip: 74%
2024-11-21T21:07:55.955Z [Modules] Streaming discord_desktop_core@1 to /home/ysh/.config/discord/0.0.75/modules/pending/discord_desktop_core-1.zip: 75%
2024-11-21T21:07:55.958Z [Modules] Streaming discord_desktop_core@1 to /home/ysh/.config/discord/0.0.75/modules/pending/discord_desktop_core-1.zip: 76%
2024-11-21T21:07:55.964Z [Modules] Streaming discord_desktop_core@1 to /home/ysh/.config/discord/0.0.75/modules/pending/discord_desktop_core-1.zip: 77%
2024-11-21T21:07:55.967Z [Modules] Streaming discord_desktop_core@1 to /home/ysh/.config/discord/0.0.75/modules/pending/discord_desktop_core-1.zip: 78%
2024-11-21T21:07:55.971Z [Modules] Streaming discord_desktop_core@1 to /home/ysh/.config/discord/0.0.75/modules/pending/discord_desktop_core-1.zip: 79%
2024-11-21T21:07:55.976Z [Modules] Streaming discord_desktop_core@1 to /home/ysh/.config/discord/0.0.75/modules/pending/discord_desktop_core-1.zip: 80%
2024-11-21T21:07:55.979Z [Modules] Streaming discord_desktop_core@1 to /home/ysh/.config/discord/0.0.75/modules/pending/discord_desktop_core-1.zip: 81%
2024-11-21T21:07:55.983Z [Modules] Streaming discord_desktop_core@1 to /home/ysh/.config/discord/0.0.75/modules/pending/discord_desktop_core-1.zip: 82%
2024-11-21T21:07:55.988Z [Modules] Streaming discord_desktop_core@1 to /home/ysh/.config/discord/0.0.75/modules/pending/discord_desktop_core-1.zip: 83%
2024-11-21T21:07:55.993Z [Modules] Streaming discord_desktop_core@1 to /home/ysh/.config/discord/0.0.75/modules/pending/discord_desktop_core-1.zip: 84%
2024-11-21T21:07:55.997Z [Modules] Streaming discord_desktop_core@1 to /home/ysh/.config/discord/0.0.75/modules/pending/discord_desktop_core-1.zip: 85%
2024-11-21T21:07:56.000Z [Modules] Streaming discord_desktop_core@1 to /home/ysh/.config/discord/0.0.75/modules/pending/discord_desktop_core-1.zip: 86%
2024-11-21T21:07:56.004Z [Modules] Streaming discord_desktop_core@1 to /home/ysh/.config/discord/0.0.75/modules/pending/discord_desktop_core-1.zip: 87%
2024-11-21T21:07:56.009Z [Modules] Streaming discord_desktop_core@1 to /home/ysh/.config/discord/0.0.75/modules/pending/discord_desktop_core-1.zip: 88%
2024-11-21T21:07:56.013Z [Modules] Streaming discord_desktop_core@1 to /home/ysh/.config/discord/0.0.75/modules/pending/discord_desktop_core-1.zip: 89%
2024-11-21T21:07:56.020Z [Modules] Streaming discord_desktop_core@1 to /home/ysh/.config/discord/0.0.75/modules/pending/discord_desktop_core-1.zip: 90%
2024-11-21T21:07:56.022Z [Modules] Streaming discord_desktop_core@1 to /home/ysh/.config/discord/0.0.75/modules/pending/discord_desktop_core-1.zip: 91%
2024-11-21T21:07:56.025Z [Modules] Streaming discord_desktop_core@1 to /home/ysh/.config/discord/0.0.75/modules/pending/discord_desktop_core-1.zip: 92%
2024-11-21T21:07:56.030Z [Modules] Streaming discord_desktop_core@1 to /home/ysh/.config/discord/0.0.75/modules/pending/discord_desktop_core-1.zip: 93%
2024-11-21T21:07:56.034Z [Modules] Streaming discord_desktop_core@1 to /home/ysh/.config/discord/0.0.75/modules/pending/discord_desktop_core-1.zip: 94%
2024-11-21T21:07:56.040Z [Modules] Streaming discord_desktop_core@1 to /home/ysh/.config/discord/0.0.75/modules/pending/discord_desktop_core-1.zip: 95%
2024-11-21T21:07:56.044Z [Modules] Streaming discord_desktop_core@1 to /home/ysh/.config/discord/0.0.75/modules/pending/discord_desktop_core-1.zip: 96%
2024-11-21T21:07:56.047Z [Modules] Streaming discord_desktop_core@1 to /home/ysh/.config/discord/0.0.75/modules/pending/discord_desktop_core-1.zip: 97%
2024-11-21T21:07:56.053Z [Modules] Streaming discord_desktop_core@1 to /home/ysh/.config/discord/0.0.75/modules/pending/discord_desktop_core-1.zip: 98%
2024-11-21T21:07:56.057Z [Modules] Streaming discord_desktop_core@1 to /home/ysh/.config/discord/0.0.75/modules/pending/discord_desktop_core-1.zip: 99%
2024-11-21T21:07:56.058Z [Modules] Streaming discord_desktop_core@1 to /home/ysh/.config/discord/0.0.75/modules/pending/discord_desktop_core-1.zip: 100%
2024-11-21T21:07:56.060Z [Modules] Fetching discord_erlpack@1 from https://discord.com/api/modules/stable/discord_erlpack/1
2024-11-21T21:07:56.061Z [Modules] Streaming discord_erlpack@1 to /home/ysh/.config/discord/0.0.75/modules/pending/discord_erlpack-1.zip
2024-11-21T21:07:57.110Z [Modules] Streaming discord_erlpack@1 to /home/ysh/.config/discord/0.0.75/modules/pending/discord_erlpack-1.zip: 1%
2024-11-21T21:07:57.114Z [Modules] Streaming discord_erlpack@1 to /home/ysh/.config/discord/0.0.75/modules/pending/discord_erlpack-1.zip: 4%
2024-11-21T21:07:57.117Z [Modules] Streaming discord_erlpack@1 to /home/ysh/.config/discord/0.0.75/modules/pending/discord_erlpack-1.zip: 8%
2024-11-21T21:07:57.121Z [Modules] Streaming discord_erlpack@1 to /home/ysh/.config/discord/0.0.75/modules/pending/discord_erlpack-1.zip: 11%
2024-11-21T21:07:57.121Z [Modules] Streaming discord_erlpack@1 to /home/ysh/.config/discord/0.0.75/modules/pending/discord_erlpack-1.zip: 13%
2024-11-21T21:07:57.124Z [Modules] Streaming discord_erlpack@1 to /home/ysh/.config/discord/0.0.75/modules/pending/discord_erlpack-1.zip: 16%
2024-11-21T21:07:57.126Z [Modules] Streaming discord_erlpack@1 to /home/ysh/.config/discord/0.0.75/modules/pending/discord_erlpack-1.zip: 18%
2024-11-21T21:07:57.129Z [Modules] Streaming discord_erlpack@1 to /home/ysh/.config/discord/0.0.75/modules/pending/discord_erlpack-1.zip: 21%
2024-11-21T21:07:57.131Z [Modules] Streaming discord_erlpack@1 to /home/ysh/.config/discord/0.0.75/modules/pending/discord_erlpack-1.zip: 24%
2024-11-21T21:07:57.131Z [Modules] Streaming discord_erlpack@1 to /home/ysh/.config/discord/0.0.75/modules/pending/discord_erlpack-1.zip: 25%
2024-11-21T21:07:57.133Z [Modules] Streaming discord_erlpack@1 to /home/ysh/.config/discord/0.0.75/modules/pending/discord_erlpack-1.zip: 27%
2024-11-21T21:07:57.136Z [Modules] Streaming discord_erlpack@1 to /home/ysh/.config/discord/0.0.75/modules/pending/discord_erlpack-1.zip: 30%
2024-11-21T21:07:57.139Z [Modules] Streaming discord_erlpack@1 to /home/ysh/.config/discord/0.0.75/modules/pending/discord_erlpack-1.zip: 33%
2024-11-21T21:07:57.140Z [Modules] Streaming discord_erlpack@1 to /home/ysh/.config/discord/0.0.75/modules/pending/discord_erlpack-1.zip: 34%
2024-11-21T21:07:57.144Z [Modules] Streaming discord_erlpack@1 to /home/ysh/.config/discord/0.0.75/modules/pending/discord_erlpack-1.zip: 37%
2024-11-21T21:07:57.144Z [Modules] Streaming discord_erlpack@1 to /home/ysh/.config/discord/0.0.75/modules/pending/discord_erlpack-1.zip: 38%
2024-11-21T21:07:57.147Z [Modules] Streaming discord_erlpack@1 to /home/ysh/.config/discord/0.0.75/modules/pending/discord_erlpack-1.zip: 41%
2024-11-21T21:07:57.150Z [Modules] Streaming discord_erlpack@1 to /home/ysh/.config/discord/0.0.75/modules/pending/discord_erlpack-1.zip: 44%
2024-11-21T21:07:57.153Z [Modules] Streaming discord_erlpack@1 to /home/ysh/.config/discord/0.0.75/modules/pending/discord_erlpack-1.zip: 47%
2024-11-21T21:07:57.155Z [Modules] Streaming discord_erlpack@1 to /home/ysh/.config/discord/0.0.75/modules/pending/discord_erlpack-1.zip: 50%
2024-11-21T21:07:57.156Z [Modules] Streaming discord_erlpack@1 to /home/ysh/.config/discord/0.0.75/modules/pending/discord_erlpack-1.zip: 51%
2024-11-21T21:07:57.158Z [Modules] Streaming discord_erlpack@1 to /home/ysh/.config/discord/0.0.75/modules/pending/discord_erlpack-1.zip: 52%
2024-11-21T21:07:57.160Z [Modules] Streaming discord_erlpack@1 to /home/ysh/.config/discord/0.0.75/modules/pending/discord_erlpack-1.zip: 55%
2024-11-21T21:07:57.161Z [Modules] Streaming discord_erlpack@1 to /home/ysh/.config/discord/0.0.75/modules/pending/discord_erlpack-1.zip: 56%
2024-11-21T21:07:57.164Z [Modules] Streaming discord_erlpack@1 to /home/ysh/.config/discord/0.0.75/modules/pending/discord_erlpack-1.zip: 59%
2024-11-21T21:07:57.166Z [Modules] Streaming discord_erlpack@1 to /home/ysh/.config/discord/0.0.75/modules/pending/discord_erlpack-1.zip: 61%
2024-11-21T21:07:57.168Z [Modules] Streaming discord_erlpack@1 to /home/ysh/.config/discord/0.0.75/modules/pending/discord_erlpack-1.zip: 64%
2024-11-21T21:07:57.168Z [Modules] Streaming discord_erlpack@1 to /home/ysh/.config/discord/0.0.75/modules/pending/discord_erlpack-1.zip: 65%
2024-11-21T21:07:57.171Z [Modules] Streaming discord_erlpack@1 to /home/ysh/.config/discord/0.0.75/modules/pending/discord_erlpack-1.zip: 68%
2024-11-21T21:07:57.172Z [Modules] Streaming discord_erlpack@1 to /home/ysh/.config/discord/0.0.75/modules/pending/discord_erlpack-1.zip: 69%
2024-11-21T21:07:57.174Z [Modules] Streaming discord_erlpack@1 to /home/ysh/.config/discord/0.0.75/modules/pending/discord_erlpack-1.zip: 71%
2024-11-21T21:07:57.177Z [Modules] Streaming discord_erlpack@1 to /home/ysh/.config/discord/0.0.75/modules/pending/discord_erlpack-1.zip: 74%
2024-11-21T21:07:57.178Z [Modules] Streaming discord_erlpack@1 to /home/ysh/.config/discord/0.0.75/modules/pending/discord_erlpack-1.zip: 77%
2024-11-21T21:07:57.179Z [Modules] Streaming discord_erlpack@1 to /home/ysh/.config/discord/0.0.75/modules/pending/discord_erlpack-1.zip: 78%
2024-11-21T21:07:57.181Z [Modules] Streaming discord_erlpack@1 to /home/ysh/.config/discord/0.0.75/modules/pending/discord_erlpack-1.zip: 80%
2024-11-21T21:07:57.183Z [Modules] Streaming discord_erlpack@1 to /home/ysh/.config/discord/0.0.75/modules/pending/discord_erlpack-1.zip: 82%
2024-11-21T21:07:57.184Z [Modules] Streaming discord_erlpack@1 to /home/ysh/.config/discord/0.0.75/modules/pending/discord_erlpack-1.zip: 84%
2024-11-21T21:07:57.186Z [Modules] Streaming discord_erlpack@1 to /home/ysh/.config/discord/0.0.75/modules/pending/discord_erlpack-1.zip: 86%
2024-11-21T21:07:57.188Z [Modules] Streaming discord_erlpack@1 to /home/ysh/.config/discord/0.0.75/modules/pending/discord_erlpack-1.zip: 88%
2024-11-21T21:07:57.190Z [Modules] Streaming discord_erlpack@1 to /home/ysh/.config/discord/0.0.75/modules/pending/discord_erlpack-1.zip: 91%
2024-11-21T21:07:57.190Z [Modules] Streaming discord_erlpack@1 to /home/ysh/.config/discord/0.0.75/modules/pending/discord_erlpack-1.zip: 92%
2024-11-21T21:07:57.194Z [Modules] Streaming discord_erlpack@1 to /home/ysh/.config/discord/0.0.75/modules/pending/discord_erlpack-1.zip: 95%
2024-11-21T21:07:57.195Z [Modules] Streaming discord_erlpack@1 to /home/ysh/.config/discord/0.0.75/modules/pending/discord_erlpack-1.zip: 96%
2024-11-21T21:07:57.197Z [Modules] Streaming discord_erlpack@1 to /home/ysh/.config/discord/0.0.75/modules/pending/discord_erlpack-1.zip: 98%
2024-11-21T21:07:57.198Z [Modules] Streaming discord_erlpack@1 to /home/ysh/.config/discord/0.0.75/modules/pending/discord_erlpack-1.zip: 100%
2024-11-21T21:07:57.199Z [Modules] Fetching discord_spellcheck@1 from https://discord.com/api/modules/stable/discord_spellcheck/1
2024-11-21T21:07:57.200Z [Modules] Streaming discord_spellcheck@1 to /home/ysh/.config/discord/0.0.75/modules/pending/discord_spellcheck-1.zip
2024-11-21T21:07:57.881Z [Modules] Streaming discord_spellcheck@1 to /home/ysh/.config/discord/0.0.75/modules/pending/discord_spellcheck-1.zip: 1%
2024-11-21T21:07:57.896Z [Modules] Streaming discord_spellcheck@1 to /home/ysh/.config/discord/0.0.75/modules/pending/discord_spellcheck-1.zip: 2%
2024-11-21T21:07:57.910Z [Modules] Streaming discord_spellcheck@1 to /home/ysh/.config/discord/0.0.75/modules/pending/discord_spellcheck-1.zip: 3%
2024-11-21T21:07:57.924Z [Modules] Streaming discord_spellcheck@1 to /home/ysh/.config/discord/0.0.75/modules/pending/discord_spellcheck-1.zip: 4%
2024-11-21T21:07:57.935Z [Modules] Streaming discord_spellcheck@1 to /home/ysh/.config/discord/0.0.75/modules/pending/discord_spellcheck-1.zip: 5%
2024-11-21T21:07:57.951Z [Modules] Streaming discord_spellcheck@1 to /home/ysh/.config/discord/0.0.75/modules/pending/discord_spellcheck-1.zip: 6%
2024-11-21T21:07:57.966Z [Modules] Streaming discord_spellcheck@1 to /home/ysh/.config/discord/0.0.75/modules/pending/discord_spellcheck-1.zip: 7%
2024-11-21T21:07:57.979Z [Modules] Streaming discord_spellcheck@1 to /home/ysh/.config/discord/0.0.75/modules/pending/discord_spellcheck-1.zip: 8%
2024-11-21T21:07:57.993Z [Modules] Streaming discord_spellcheck@1 to /home/ysh/.config/discord/0.0.75/modules/pending/discord_spellcheck-1.zip: 9%
2024-11-21T21:07:58.006Z [Modules] Streaming discord_spellcheck@1 to /home/ysh/.config/discord/0.0.75/modules/pending/discord_spellcheck-1.zip: 10%
2024-11-21T21:07:58.018Z [Modules] Streaming discord_spellcheck@1 to /home/ysh/.config/discord/0.0.75/modules/pending/discord_spellcheck-1.zip: 11%
2024-11-21T21:07:58.033Z [Modules] Streaming discord_spellcheck@1 to /home/ysh/.config/discord/0.0.75/modules/pending/discord_spellcheck-1.zip: 12%
2024-11-21T21:07:58.047Z [Modules] Streaming discord_spellcheck@1 to /home/ysh/.config/discord/0.0.75/modules/pending/discord_spellcheck-1.zip: 13%
2024-11-21T21:07:58.059Z [Modules] Streaming discord_spellcheck@1 to /home/ysh/.config/discord/0.0.75/modules/pending/discord_spellcheck-1.zip: 14%
2024-11-21T21:07:58.072Z [Modules] Streaming discord_spellcheck@1 to /home/ysh/.config/discord/0.0.75/modules/pending/discord_spellcheck-1.zip: 15%
2024-11-21T21:07:58.085Z [Modules] Streaming discord_spellcheck@1 to /home/ysh/.config/discord/0.0.75/modules/pending/discord_spellcheck-1.zip: 16%
2024-11-21T21:07:58.101Z [Modules] Streaming discord_spellcheck@1 to /home/ysh/.config/discord/0.0.75/modules/pending/discord_spellcheck-1.zip: 17%
2024-11-21T21:07:58.115Z [Modules] Streaming discord_spellcheck@1 to /home/ysh/.config/discord/0.0.75/modules/pending/discord_spellcheck-1.zip: 18%
2024-11-21T21:07:58.126Z [Modules] Streaming discord_spellcheck@1 to /home/ysh/.config/discord/0.0.75/modules/pending/discord_spellcheck-1.zip: 19%
2024-11-21T21:07:58.141Z [Modules] Streaming discord_spellcheck@1 to /home/ysh/.config/discord/0.0.75/modules/pending/discord_spellcheck-1.zip: 20%
2024-11-21T21:07:58.152Z [Modules] Streaming discord_spellcheck@1 to /home/ysh/.config/discord/0.0.75/modules/pending/discord_spellcheck-1.zip: 21%
2024-11-21T21:07:58.164Z [Modules] Streaming discord_spellcheck@1 to /home/ysh/.config/discord/0.0.75/modules/pending/discord_spellcheck-1.zip: 22%
2024-11-21T21:07:58.181Z [Modules] Streaming discord_spellcheck@1 to /home/ysh/.config/discord/0.0.75/modules/pending/discord_spellcheck-1.zip: 23%
2024-11-21T21:07:58.194Z [Modules] Streaming discord_spellcheck@1 to /home/ysh/.config/discord/0.0.75/modules/pending/discord_spellcheck-1.zip: 24%
2024-11-21T21:07:58.206Z [Modules] Streaming discord_spellcheck@1 to /home/ysh/.config/discord/0.0.75/modules/pending/discord_spellcheck-1.zip: 25%
2024-11-21T21:07:58.219Z [Modules] Streaming discord_spellcheck@1 to /home/ysh/.config/discord/0.0.75/modules/pending/discord_spellcheck-1.zip: 26%
2024-11-21T21:07:58.233Z [Modules] Streaming discord_spellcheck@1 to /home/ysh/.config/discord/0.0.75/modules/pending/discord_spellcheck-1.zip: 27%
2024-11-21T21:07:58.248Z [Modules] Streaming discord_spellcheck@1 to /home/ysh/.config/discord/0.0.75/modules/pending/discord_spellcheck-1.zip: 28%
2024-11-21T21:07:58.260Z [Modules] Streaming discord_spellcheck@1 to /home/ysh/.config/discord/0.0.75/modules/pending/discord_spellcheck-1.zip: 29%
2024-11-21T21:07:58.273Z [Modules] Streaming discord_spellcheck@1 to /home/ysh/.config/discord/0.0.75/modules/pending/discord_spellcheck-1.zip: 30%
2024-11-21T21:07:58.286Z [Modules] Streaming discord_spellcheck@1 to /home/ysh/.config/discord/0.0.75/modules/pending/discord_spellcheck-1.zip: 31%
2024-11-21T21:07:58.298Z [Modules] Streaming discord_spellcheck@1 to /home/ysh/.config/discord/0.0.75/modules/pending/discord_spellcheck-1.zip: 32%
2024-11-21T21:07:58.312Z [Modules] Streaming discord_spellcheck@1 to /home/ysh/.config/discord/0.0.75/modules/pending/discord_spellcheck-1.zip: 33%
2024-11-21T21:07:58.327Z [Modules] Streaming discord_spellcheck@1 to /home/ysh/.config/discord/0.0.75/modules/pending/discord_spellcheck-1.zip: 34%
2024-11-21T21:07:58.341Z [Modules] Streaming discord_spellcheck@1 to /home/ysh/.config/discord/0.0.75/modules/pending/discord_spellcheck-1.zip: 35%
2024-11-21T21:07:58.354Z [Modules] Streaming discord_spellcheck@1 to /home/ysh/.config/discord/0.0.75/modules/pending/discord_spellcheck-1.zip: 36%
2024-11-21T21:07:58.365Z [Modules] Streaming discord_spellcheck@1 to /home/ysh/.config/discord/0.0.75/modules/pending/discord_spellcheck-1.zip: 37%
2024-11-21T21:07:58.379Z [Modules] Streaming discord_spellcheck@1 to /home/ysh/.config/discord/0.0.75/modules/pending/discord_spellcheck-1.zip: 38%
2024-11-21T21:07:58.394Z [Modules] Streaming discord_spellcheck@1 to /home/ysh/.config/discord/0.0.75/modules/pending/discord_spellcheck-1.zip: 39%
2024-11-21T21:07:58.407Z [Modules] Streaming discord_spellcheck@1 to /home/ysh/.config/discord/0.0.75/modules/pending/discord_spellcheck-1.zip: 40%
2024-11-21T21:07:58.421Z [Modules] Streaming discord_spellcheck@1 to /home/ysh/.config/discord/0.0.75/modules/pending/discord_spellcheck-1.zip: 41%
2024-11-21T21:07:58.433Z [Modules] Streaming discord_spellcheck@1 to /home/ysh/.config/discord/0.0.75/modules/pending/discord_spellcheck-1.zip: 42%
2024-11-21T21:07:58.447Z [Modules] Streaming discord_spellcheck@1 to /home/ysh/.config/discord/0.0.75/modules/pending/discord_spellcheck-1.zip: 43%
2024-11-21T21:07:58.460Z [Modules] Streaming discord_spellcheck@1 to /home/ysh/.config/discord/0.0.75/modules/pending/discord_spellcheck-1.zip: 44%
2024-11-21T21:07:58.474Z [Modules] Streaming discord_spellcheck@1 to /home/ysh/.config/discord/0.0.75/modules/pending/discord_spellcheck-1.zip: 45%
2024-11-21T21:07:58.487Z [Modules] Streaming discord_spellcheck@1 to /home/ysh/.config/discord/0.0.75/modules/pending/discord_spellcheck-1.zip: 46%
2024-11-21T21:07:58.501Z [Modules] Streaming discord_spellcheck@1 to /home/ysh/.config/discord/0.0.75/modules/pending/discord_spellcheck-1.zip: 47%
2024-11-21T21:07:58.513Z [Modules] Streaming discord_spellcheck@1 to /home/ysh/.config/discord/0.0.75/modules/pending/discord_spellcheck-1.zip: 48%
2024-11-21T21:07:58.527Z [Modules] Streaming discord_spellcheck@1 to /home/ysh/.config/discord/0.0.75/modules/pending/discord_spellcheck-1.zip: 49%
2024-11-21T21:07:58.542Z [Modules] Streaming discord_spellcheck@1 to /home/ysh/.config/discord/0.0.75/modules/pending/discord_spellcheck-1.zip: 50%
2024-11-21T21:07:58.556Z [Modules] Streaming discord_spellcheck@1 to /home/ysh/.config/discord/0.0.75/modules/pending/discord_spellcheck-1.zip: 51%
2024-11-21T21:07:58.567Z [Modules] Streaming discord_spellcheck@1 to /home/ysh/.config/discord/0.0.75/modules/pending/discord_spellcheck-1.zip: 52%
2024-11-21T21:07:58.582Z [Modules] Streaming discord_spellcheck@1 to /home/ysh/.config/discord/0.0.75/modules/pending/discord_spellcheck-1.zip: 53%
2024-11-21T21:07:58.594Z [Modules] Streaming discord_spellcheck@1 to /home/ysh/.config/discord/0.0.75/modules/pending/discord_spellcheck-1.zip: 54%
2024-11-21T21:07:58.607Z [Modules] Streaming discord_spellcheck@1 to /home/ysh/.config/discord/0.0.75/modules/pending/discord_spellcheck-1.zip: 55%
2024-11-21T21:07:58.621Z [Modules] Streaming discord_spellcheck@1 to /home/ysh/.config/discord/0.0.75/modules/pending/discord_spellcheck-1.zip: 56%
2024-11-21T21:07:58.634Z [Modules] Streaming discord_spellcheck@1 to /home/ysh/.config/discord/0.0.75/modules/pending/discord_spellcheck-1.zip: 57%
2024-11-21T21:07:58.647Z [Modules] Streaming discord_spellcheck@1 to /home/ysh/.config/discord/0.0.75/modules/pending/discord_spellcheck-1.zip: 58%
2024-11-21T21:07:58.660Z [Modules] Streaming discord_spellcheck@1 to /home/ysh/.config/discord/0.0.75/modules/pending/discord_spellcheck-1.zip: 59%
2024-11-21T21:07:58.674Z [Modules] Streaming discord_spellcheck@1 to /home/ysh/.config/discord/0.0.75/modules/pending/discord_spellcheck-1.zip: 60%
2024-11-21T21:07:58.687Z [Modules] Streaming discord_spellcheck@1 to /home/ysh/.config/discord/0.0.75/modules/pending/discord_spellcheck-1.zip: 61%
2024-11-21T21:07:58.702Z [Modules] Streaming discord_spellcheck@1 to /home/ysh/.config/discord/0.0.75/modules/pending/discord_spellcheck-1.zip: 62%
2024-11-21T21:07:58.714Z [Modules] Streaming discord_spellcheck@1 to /home/ysh/.config/discord/0.0.75/modules/pending/discord_spellcheck-1.zip: 63%
2024-11-21T21:07:58.727Z [Modules] Streaming discord_spellcheck@1 to /home/ysh/.config/discord/0.0.75/modules/pending/discord_spellcheck-1.zip: 64%
2024-11-21T21:07:58.741Z [Modules] Streaming discord_spellcheck@1 to /home/ysh/.config/discord/0.0.75/modules/pending/discord_spellcheck-1.zip: 65%
2024-11-21T21:07:58.754Z [Modules] Streaming discord_spellcheck@1 to /home/ysh/.config/discord/0.0.75/modules/pending/discord_spellcheck-1.zip: 66%
2024-11-21T21:07:58.770Z [Modules] Streaming discord_spellcheck@1 to /home/ysh/.config/discord/0.0.75/modules/pending/discord_spellcheck-1.zip: 67%
2024-11-21T21:07:58.786Z [Modules] Streaming discord_spellcheck@1 to /home/ysh/.config/discord/0.0.75/modules/pending/discord_spellcheck-1.zip: 68%
2024-11-21T21:07:58.797Z [Modules] Streaming discord_spellcheck@1 to /home/ysh/.config/discord/0.0.75/modules/pending/discord_spellcheck-1.zip: 69%
2024-11-21T21:07:58.813Z [Modules] Streaming discord_spellcheck@1 to /home/ysh/.config/discord/0.0.75/modules/pending/discord_spellcheck-1.zip: 70%
2024-11-21T21:07:58.822Z [Modules] Streaming discord_spellcheck@1 to /home/ysh/.config/discord/0.0.75/modules/pending/discord_spellcheck-1.zip: 71%
2024-11-21T21:07:58.835Z [Modules] Streaming discord_spellcheck@1 to /home/ysh/.config/discord/0.0.75/modules/pending/discord_spellcheck-1.zip: 72%
2024-11-21T21:07:58.850Z [Modules] Streaming discord_spellcheck@1 to /home/ysh/.config/discord/0.0.75/modules/pending/discord_spellcheck-1.zip: 73%
2024-11-21T21:07:58.864Z [Modules] Streaming discord_spellcheck@1 to /home/ysh/.config/discord/0.0.75/modules/pending/discord_spellcheck-1.zip: 74%
2024-11-21T21:07:58.876Z [Modules] Streaming discord_spellcheck@1 to /home/ysh/.config/discord/0.0.75/modules/pending/discord_spellcheck-1.zip: 75%
2024-11-21T21:07:58.890Z [Modules] Streaming discord_spellcheck@1 to /home/ysh/.config/discord/0.0.75/modules/pending/discord_spellcheck-1.zip: 76%
2024-11-21T21:07:58.904Z [Modules] Streaming discord_spellcheck@1 to /home/ysh/.config/discord/0.0.75/modules/pending/discord_spellcheck-1.zip: 77%
2024-11-21T21:07:58.918Z [Modules] Streaming discord_spellcheck@1 to /home/ysh/.config/discord/0.0.75/modules/pending/discord_spellcheck-1.zip: 78%
2024-11-21T21:07:58.931Z [Modules] Streaming discord_spellcheck@1 to /home/ysh/.config/discord/0.0.75/modules/pending/discord_spellcheck-1.zip: 79%
2024-11-21T21:07:58.942Z [Modules] Streaming discord_spellcheck@1 to /home/ysh/.config/discord/0.0.75/modules/pending/discord_spellcheck-1.zip: 80%
2024-11-21T21:07:58.955Z [Modules] Streaming discord_spellcheck@1 to /home/ysh/.config/discord/0.0.75/modules/pending/discord_spellcheck-1.zip: 81%
2024-11-21T21:07:58.969Z [Modules] Streaming discord_spellcheck@1 to /home/ysh/.config/discord/0.0.75/modules/pending/discord_spellcheck-1.zip: 82%
2024-11-21T21:07:58.981Z [Modules] Streaming discord_spellcheck@1 to /home/ysh/.config/discord/0.0.75/modules/pending/discord_spellcheck-1.zip: 83%
2024-11-21T21:07:58.996Z [Modules] Streaming discord_spellcheck@1 to /home/ysh/.config/discord/0.0.75/modules/pending/discord_spellcheck-1.zip: 84%
2024-11-21T21:07:59.009Z [Modules] Streaming discord_spellcheck@1 to /home/ysh/.config/discord/0.0.75/modules/pending/discord_spellcheck-1.zip: 85%
2024-11-21T21:07:59.024Z [Modules] Streaming discord_spellcheck@1 to /home/ysh/.config/discord/0.0.75/modules/pending/discord_spellcheck-1.zip: 86%
2024-11-21T21:07:59.038Z [Modules] Streaming discord_spellcheck@1 to /home/ysh/.config/discord/0.0.75/modules/pending/discord_spellcheck-1.zip: 87%
2024-11-21T21:07:59.050Z [Modules] Streaming discord_spellcheck@1 to /home/ysh/.config/discord/0.0.75/modules/pending/discord_spellcheck-1.zip: 88%
2024-11-21T21:07:59.064Z [Modules] Streaming discord_spellcheck@1 to /home/ysh/.config/discord/0.0.75/modules/pending/discord_spellcheck-1.zip: 89%
2024-11-21T21:07:59.077Z [Modules] Streaming discord_spellcheck@1 to /home/ysh/.config/discord/0.0.75/modules/pending/discord_spellcheck-1.zip: 90%
2024-11-21T21:07:59.090Z [Modules] Streaming discord_spellcheck@1 to /home/ysh/.config/discord/0.0.75/modules/pending/discord_spellcheck-1.zip: 91%
2024-11-21T21:07:59.103Z [Modules] Streaming discord_spellcheck@1 to /home/ysh/.config/discord/0.0.75/modules/pending/discord_spellcheck-1.zip: 92%
2024-11-21T21:07:59.116Z [Modules] Streaming discord_spellcheck@1 to /home/ysh/.config/discord/0.0.75/modules/pending/discord_spellcheck-1.zip: 93%
2024-11-21T21:07:59.129Z [Modules] Streaming discord_spellcheck@1 to /home/ysh/.config/discord/0.0.75/modules/pending/discord_spellcheck-1.zip: 94%
2024-11-21T21:07:59.145Z [Modules] Streaming discord_spellcheck@1 to /home/ysh/.config/discord/0.0.75/modules/pending/discord_spellcheck-1.zip: 95%
2024-11-21T21:07:59.157Z [Modules] Streaming discord_spellcheck@1 to /home/ysh/.config/discord/0.0.75/modules/pending/discord_spellcheck-1.zip: 96%
2024-11-21T21:07:59.170Z [Modules] Streaming discord_spellcheck@1 to /home/ysh/.config/discord/0.0.75/modules/pending/discord_spellcheck-1.zip: 97%
2024-11-21T21:07:59.183Z [Modules] Streaming discord_spellcheck@1 to /home/ysh/.config/discord/0.0.75/modules/pending/discord_spellcheck-1.zip: 98%
2024-11-21T21:07:59.197Z [Modules] Streaming discord_spellcheck@1 to /home/ysh/.config/discord/0.0.75/modules/pending/discord_spellcheck-1.zip: 99%
2024-11-21T21:07:59.209Z [Modules] Streaming discord_spellcheck@1 to /home/ysh/.config/discord/0.0.75/modules/pending/discord_spellcheck-1.zip: 100%
2024-11-21T21:07:59.212Z [Modules] Fetching discord_utils@1 from https://discord.com/api/modules/stable/discord_utils/1
2024-11-21T21:07:59.212Z [Modules] Streaming discord_utils@1 to /home/ysh/.config/discord/0.0.75/modules/pending/discord_utils-1.zip
2024-11-21T21:08:00.224Z [Modules] Streaming discord_utils@1 to /home/ysh/.config/discord/0.0.75/modules/pending/discord_utils-1.zip: 2%
2024-11-21T21:08:00.227Z [Modules] Streaming discord_utils@1 to /home/ysh/.config/discord/0.0.75/modules/pending/discord_utils-1.zip: 4%
2024-11-21T21:08:00.229Z [Modules] Streaming discord_utils@1 to /home/ysh/.config/discord/0.0.75/modules/pending/discord_utils-1.zip: 5%
2024-11-21T21:08:00.232Z [Modules] Streaming discord_utils@1 to /home/ysh/.config/discord/0.0.75/modules/pending/discord_utils-1.zip: 6%
2024-11-21T21:08:00.233Z [Modules] Streaming discord_utils@1 to /home/ysh/.config/discord/0.0.75/modules/pending/discord_utils-1.zip: 7%
2024-11-21T21:08:00.235Z [Modules] Streaming discord_utils@1 to /home/ysh/.config/discord/0.0.75/modules/pending/discord_utils-1.zip: 8%
2024-11-21T21:08:00.236Z [Modules] Streaming discord_utils@1 to /home/ysh/.config/discord/0.0.75/modules/pending/discord_utils-1.zip: 9%
2024-11-21T21:08:00.239Z [Modules] Streaming discord_utils@1 to /home/ysh/.config/discord/0.0.75/modules/pending/discord_utils-1.zip: 11%
2024-11-21T21:08:00.242Z [Modules] Streaming discord_utils@1 to /home/ysh/.config/discord/0.0.75/modules/pending/discord_utils-1.zip: 13%
2024-11-21T21:08:00.246Z [Modules] Streaming discord_utils@1 to /home/ysh/.config/discord/0.0.75/modules/pending/discord_utils-1.zip: 15%
2024-11-21T21:08:00.248Z [Modules] Streaming discord_utils@1 to /home/ysh/.config/discord/0.0.75/modules/pending/discord_utils-1.zip: 16%
2024-11-21T21:08:00.249Z [Modules] Streaming discord_utils@1 to /home/ysh/.config/discord/0.0.75/modules/pending/discord_utils-1.zip: 17%
2024-11-21T21:08:00.251Z [Modules] Streaming discord_utils@1 to /home/ysh/.config/discord/0.0.75/modules/pending/discord_utils-1.zip: 18%
2024-11-21T21:08:00.253Z [Modules] Streaming discord_utils@1 to /home/ysh/.config/discord/0.0.75/modules/pending/discord_utils-1.zip: 19%
2024-11-21T21:08:00.255Z [Modules] Streaming discord_utils@1 to /home/ysh/.config/discord/0.0.75/modules/pending/discord_utils-1.zip: 20%
2024-11-21T21:08:00.257Z [Modules] Streaming discord_utils@1 to /home/ysh/.config/discord/0.0.75/modules/pending/discord_utils-1.zip: 21%
2024-11-21T21:08:00.258Z [Modules] Streaming discord_utils@1 to /home/ysh/.config/discord/0.0.75/modules/pending/discord_utils-1.zip: 22%
2024-11-21T21:08:00.260Z [Modules] Streaming discord_utils@1 to /home/ysh/.config/discord/0.0.75/modules/pending/discord_utils-1.zip: 24%
2024-11-21T21:08:00.262Z [Modules] Streaming discord_utils@1 to /home/ysh/.config/discord/0.0.75/modules/pending/discord_utils-1.zip: 25%
2024-11-21T21:08:00.263Z [Modules] Streaming discord_utils@1 to /home/ysh/.config/discord/0.0.75/modules/pending/discord_utils-1.zip: 26%
2024-11-21T21:08:00.266Z [Modules] Streaming discord_utils@1 to /home/ysh/.config/discord/0.0.75/modules/pending/discord_utils-1.zip: 28%
2024-11-21T21:08:00.269Z [Modules] Streaming discord_utils@1 to /home/ysh/.config/discord/0.0.75/modules/pending/discord_utils-1.zip: 29%
2024-11-21T21:08:00.271Z [Modules] Streaming discord_utils@1 to /home/ysh/.config/discord/0.0.75/modules/pending/discord_utils-1.zip: 30%
2024-11-21T21:08:00.273Z [Modules] Streaming discord_utils@1 to /home/ysh/.config/discord/0.0.75/modules/pending/discord_utils-1.zip: 31%
2024-11-21T21:08:00.275Z [Modules] Streaming discord_utils@1 to /home/ysh/.config/discord/0.0.75/modules/pending/discord_utils-1.zip: 32%
2024-11-21T21:08:00.277Z [Modules] Streaming discord_utils@1 to /home/ysh/.config/discord/0.0.75/modules/pending/discord_utils-1.zip: 34%
2024-11-21T21:08:00.280Z [Modules] Streaming discord_utils@1 to /home/ysh/.config/discord/0.0.75/modules/pending/discord_utils-1.zip: 35%
2024-11-21T21:08:00.282Z [Modules] Streaming discord_utils@1 to /home/ysh/.config/discord/0.0.75/modules/pending/discord_utils-1.zip: 37%
2024-11-21T21:08:00.284Z [Modules] Streaming discord_utils@1 to /home/ysh/.config/discord/0.0.75/modules/pending/discord_utils-1.zip: 38%
2024-11-21T21:08:00.284Z [Modules] Streaming discord_utils@1 to /home/ysh/.config/discord/0.0.75/modules/pending/discord_utils-1.zip: 39%
2024-11-21T21:08:00.286Z [Modules] Streaming discord_utils@1 to /home/ysh/.config/discord/0.0.75/modules/pending/discord_utils-1.zip: 40%
2024-11-21T21:08:00.287Z [Modules] Streaming discord_utils@1 to /home/ysh/.config/discord/0.0.75/modules/pending/discord_utils-1.zip: 41%
2024-11-21T21:08:00.290Z [Modules] Streaming discord_utils@1 to /home/ysh/.config/discord/0.0.75/modules/pending/discord_utils-1.zip: 43%
2024-11-21T21:08:00.293Z [Modules] Streaming discord_utils@1 to /home/ysh/.config/discord/0.0.75/modules/pending/discord_utils-1.zip: 45%
2024-11-21T21:08:00.296Z [Modules] Streaming discord_utils@1 to /home/ysh/.config/discord/0.0.75/modules/pending/discord_utils-1.zip: 47%
2024-11-21T21:08:00.296Z [Modules] Streaming discord_utils@1 to /home/ysh/.config/discord/0.0.75/modules/pending/discord_utils-1.zip: 48%
2024-11-21T21:08:00.299Z [Modules] Streaming discord_utils@1 to /home/ysh/.config/discord/0.0.75/modules/pending/discord_utils-1.zip: 49%
2024-11-21T21:08:00.300Z [Modules] Streaming discord_utils@1 to /home/ysh/.config/discord/0.0.75/modules/pending/discord_utils-1.zip: 50%
2024-11-21T21:08:00.302Z [Modules] Streaming discord_utils@1 to /home/ysh/.config/discord/0.0.75/modules/pending/discord_utils-1.zip: 51%
2024-11-21T21:08:00.302Z [Modules] Streaming discord_utils@1 to /home/ysh/.config/discord/0.0.75/modules/pending/discord_utils-1.zip: 52%
2024-11-21T21:08:00.304Z [Modules] Streaming discord_utils@1 to /home/ysh/.config/discord/0.0.75/modules/pending/discord_utils-1.zip: 53%
2024-11-21T21:08:00.306Z [Modules] Streaming discord_utils@1 to /home/ysh/.config/discord/0.0.75/modules/pending/discord_utils-1.zip: 54%
2024-11-21T21:08:00.308Z [Modules] Streaming discord_utils@1 to /home/ysh/.config/discord/0.0.75/modules/pending/discord_utils-1.zip: 56%
2024-11-21T21:08:00.311Z [Modules] Streaming discord_utils@1 to /home/ysh/.config/discord/0.0.75/modules/pending/discord_utils-1.zip: 58%
2024-11-21T21:08:00.313Z [Modules] Streaming discord_utils@1 to /home/ysh/.config/discord/0.0.75/modules/pending/discord_utils-1.zip: 60%
2024-11-21T21:08:00.313Z [Modules] Streaming discord_utils@1 to /home/ysh/.config/discord/0.0.75/modules/pending/discord_utils-1.zip: 61%
2024-11-21T21:08:00.316Z [Modules] Streaming discord_utils@1 to /home/ysh/.config/discord/0.0.75/modules/pending/discord_utils-1.zip: 62%
2024-11-21T21:08:00.316Z [Modules] Streaming discord_utils@1 to /home/ysh/.config/discord/0.0.75/modules/pending/discord_utils-1.zip: 63%
2024-11-21T21:08:00.318Z [Modules] Streaming discord_utils@1 to /home/ysh/.config/discord/0.0.75/modules/pending/discord_utils-1.zip: 64%
2024-11-21T21:08:00.319Z [Modules] Streaming discord_utils@1 to /home/ysh/.config/discord/0.0.75/modules/pending/discord_utils-1.zip: 65%
2024-11-21T21:08:00.322Z [Modules] Streaming discord_utils@1 to /home/ysh/.config/discord/0.0.75/modules/pending/discord_utils-1.zip: 66%
2024-11-21T21:08:00.322Z [Modules] Streaming discord_utils@1 to /home/ysh/.config/discord/0.0.75/modules/pending/discord_utils-1.zip: 67%
2024-11-21T21:08:00.324Z [Modules] Streaming discord_utils@1 to /home/ysh/.config/discord/0.0.75/modules/pending/discord_utils-1.zip: 69%
2024-11-21T21:08:00.327Z [Modules] Streaming discord_utils@1 to /home/ysh/.config/discord/0.0.75/modules/pending/discord_utils-1.zip: 71%
2024-11-21T21:08:00.330Z [Modules] Streaming discord_utils@1 to /home/ysh/.config/discord/0.0.75/modules/pending/discord_utils-1.zip: 73%
2024-11-21T21:08:00.331Z [Modules] Streaming discord_utils@1 to /home/ysh/.config/discord/0.0.75/modules/pending/discord_utils-1.zip: 74%
2024-11-21T21:08:00.335Z [Modules] Streaming discord_utils@1 to /home/ysh/.config/discord/0.0.75/modules/pending/discord_utils-1.zip: 76%
2024-11-21T21:08:00.337Z [Modules] Streaming discord_utils@1 to /home/ysh/.config/discord/0.0.75/modules/pending/discord_utils-1.zip: 77%
2024-11-21T21:08:00.337Z [Modules] Streaming discord_utils@1 to /home/ysh/.config/discord/0.0.75/modules/pending/discord_utils-1.zip: 78%
2024-11-21T21:08:00.339Z [Modules] Streaming discord_utils@1 to /home/ysh/.config/discord/0.0.75/modules/pending/discord_utils-1.zip: 79%
2024-11-21T21:08:00.339Z [Modules] Streaming discord_utils@1 to /home/ysh/.config/discord/0.0.75/modules/pending/discord_utils-1.zip: 80%
2024-11-21T21:08:00.341Z [Modules] Streaming discord_utils@1 to /home/ysh/.config/discord/0.0.75/modules/pending/discord_utils-1.zip: 82%
2024-11-21T21:08:00.344Z [Modules] Streaming discord_utils@1 to /home/ysh/.config/discord/0.0.75/modules/pending/discord_utils-1.zip: 83%
2024-11-21T21:08:00.345Z [Modules] Streaming discord_utils@1 to /home/ysh/.config/discord/0.0.75/modules/pending/discord_utils-1.zip: 85%
2024-11-21T21:08:00.347Z [Modules] Streaming discord_utils@1 to /home/ysh/.config/discord/0.0.75/modules/pending/discord_utils-1.zip: 87%
2024-11-21T21:08:00.350Z [Modules] Streaming discord_utils@1 to /home/ysh/.config/discord/0.0.75/modules/pending/discord_utils-1.zip: 89%
2024-11-21T21:08:00.353Z [Modules] Streaming discord_utils@1 to /home/ysh/.config/discord/0.0.75/modules/pending/discord_utils-1.zip: 91%
2024-11-21T21:08:00.355Z [Modules] Streaming discord_utils@1 to /home/ysh/.config/discord/0.0.75/modules/pending/discord_utils-1.zip: 92%
2024-11-21T21:08:00.358Z [Modules] Streaming discord_utils@1 to /home/ysh/.config/discord/0.0.75/modules/pending/discord_utils-1.zip: 94%
2024-11-21T21:08:00.360Z [Modules] Streaming discord_utils@1 to /home/ysh/.config/discord/0.0.75/modules/pending/discord_utils-1.zip: 96%
2024-11-21T21:08:00.364Z [Modules] Streaming discord_utils@1 to /home/ysh/.config/discord/0.0.75/modules/pending/discord_utils-1.zip: 98%
2024-11-21T21:08:00.365Z [Modules] Streaming discord_utils@1 to /home/ysh/.config/discord/0.0.75/modules/pending/discord_utils-1.zip: 100%
2024-11-21T21:08:00.367Z [Modules] Fetching discord_voice@1 from https://discord.com/api/modules/stable/discord_voice/1
2024-11-21T21:08:00.367Z [Modules] Streaming discord_voice@1 to /home/ysh/.config/discord/0.0.75/modules/pending/discord_voice-1.zip
2024-11-21T21:08:00.868Z [Modules] Streaming discord_voice@1 to /home/ysh/.config/discord/0.0.75/modules/pending/discord_voice-1.zip: 1%
2024-11-21T21:08:00.879Z [Modules] Streaming discord_voice@1 to /home/ysh/.config/discord/0.0.75/modules/pending/discord_voice-1.zip: 2%
2024-11-21T21:08:00.888Z [Modules] Streaming discord_voice@1 to /home/ysh/.config/discord/0.0.75/modules/pending/discord_voice-1.zip: 3%
2024-11-21T21:08:00.897Z [Modules] Streaming discord_voice@1 to /home/ysh/.config/discord/0.0.75/modules/pending/discord_voice-1.zip: 4%
2024-11-21T21:08:00.904Z [Modules] Streaming discord_voice@1 to /home/ysh/.config/discord/0.0.75/modules/pending/discord_voice-1.zip: 5%
2024-11-21T21:08:00.912Z [Modules] Streaming discord_voice@1 to /home/ysh/.config/discord/0.0.75/modules/pending/discord_voice-1.zip: 6%
2024-11-21T21:08:00.932Z [Modules] Streaming discord_voice@1 to /home/ysh/.config/discord/0.0.75/modules/pending/discord_voice-1.zip: 7%
2024-11-21T21:08:00.934Z [Modules] Streaming discord_voice@1 to /home/ysh/.config/discord/0.0.75/modules/pending/discord_voice-1.zip: 8%
2024-11-21T21:08:00.941Z [Modules] Streaming discord_voice@1 to /home/ysh/.config/discord/0.0.75/modules/pending/discord_voice-1.zip: 9%
2024-11-21T21:08:00.950Z [Modules] Streaming discord_voice@1 to /home/ysh/.config/discord/0.0.75/modules/pending/discord_voice-1.zip: 10%
2024-11-21T21:08:00.956Z [Modules] Streaming discord_voice@1 to /home/ysh/.config/discord/0.0.75/modules/pending/discord_voice-1.zip: 11%
2024-11-21T21:08:00.966Z [Modules] Streaming discord_voice@1 to /home/ysh/.config/discord/0.0.75/modules/pending/discord_voice-1.zip: 12%
2024-11-21T21:08:00.977Z [Modules] Streaming discord_voice@1 to /home/ysh/.config/discord/0.0.75/modules/pending/discord_voice-1.zip: 13%
2024-11-21T21:08:00.985Z [Modules] Streaming discord_voice@1 to /home/ysh/.config/discord/0.0.75/modules/pending/discord_voice-1.zip: 14%
2024-11-21T21:08:00.992Z [Modules] Streaming discord_voice@1 to /home/ysh/.config/discord/0.0.75/modules/pending/discord_voice-1.zip: 15%
2024-11-21T21:08:01.003Z [Modules] Streaming discord_voice@1 to /home/ysh/.config/discord/0.0.75/modules/pending/discord_voice-1.zip: 16%
2024-11-21T21:08:01.012Z [Modules] Streaming discord_voice@1 to /home/ysh/.config/discord/0.0.75/modules/pending/discord_voice-1.zip: 17%
2024-11-21T21:08:01.019Z [Modules] Streaming discord_voice@1 to /home/ysh/.config/discord/0.0.75/modules/pending/discord_voice-1.zip: 18%
2024-11-21T21:08:01.029Z [Modules] Streaming discord_voice@1 to /home/ysh/.config/discord/0.0.75/modules/pending/discord_voice-1.zip: 19%
2024-11-21T21:08:01.037Z [Modules] Streaming discord_voice@1 to /home/ysh/.config/discord/0.0.75/modules/pending/discord_voice-1.zip: 20%
2024-11-21T21:08:01.047Z [Modules] Streaming discord_voice@1 to /home/ysh/.config/discord/0.0.75/modules/pending/discord_voice-1.zip: 21%
2024-11-21T21:08:01.055Z [Modules] Streaming discord_voice@1 to /home/ysh/.config/discord/0.0.75/modules/pending/discord_voice-1.zip: 22%
2024-11-21T21:08:01.064Z [Modules] Streaming discord_voice@1 to /home/ysh/.config/discord/0.0.75/modules/pending/discord_voice-1.zip: 23%
2024-11-21T21:08:01.073Z [Modules] Streaming discord_voice@1 to /home/ysh/.config/discord/0.0.75/modules/pending/discord_voice-1.zip: 24%
2024-11-21T21:08:01.082Z [Modules] Streaming discord_voice@1 to /home/ysh/.config/discord/0.0.75/modules/pending/discord_voice-1.zip: 25%
2024-11-21T21:08:01.088Z [Modules] Streaming discord_voice@1 to /home/ysh/.config/discord/0.0.75/modules/pending/discord_voice-1.zip: 26%
2024-11-21T21:08:01.099Z [Modules] Streaming discord_voice@1 to /home/ysh/.config/discord/0.0.75/modules/pending/discord_voice-1.zip: 27%
2024-11-21T21:08:01.108Z [Modules] Streaming discord_voice@1 to /home/ysh/.config/discord/0.0.75/modules/pending/discord_voice-1.zip: 28%
2024-11-21T21:08:01.117Z [Modules] Streaming discord_voice@1 to /home/ysh/.config/discord/0.0.75/modules/pending/discord_voice-1.zip: 29%
2024-11-21T21:08:01.126Z [Modules] Streaming discord_voice@1 to /home/ysh/.config/discord/0.0.75/modules/pending/discord_voice-1.zip: 30%
2024-11-21T21:08:01.134Z [Modules] Streaming discord_voice@1 to /home/ysh/.config/discord/0.0.75/modules/pending/discord_voice-1.zip: 31%
2024-11-21T21:08:01.142Z [Modules] Streaming discord_voice@1 to /home/ysh/.config/discord/0.0.75/modules/pending/discord_voice-1.zip: 32%
2024-11-21T21:08:01.150Z [Modules] Streaming discord_voice@1 to /home/ysh/.config/discord/0.0.75/modules/pending/discord_voice-1.zip: 33%
2024-11-21T21:08:01.159Z [Modules] Streaming discord_voice@1 to /home/ysh/.config/discord/0.0.75/modules/pending/discord_voice-1.zip: 34%
2024-11-21T21:08:01.170Z [Modules] Streaming discord_voice@1 to /home/ysh/.config/discord/0.0.75/modules/pending/discord_voice-1.zip: 35%
2024-11-21T21:08:01.176Z [Modules] Streaming discord_voice@1 to /home/ysh/.config/discord/0.0.75/modules/pending/discord_voice-1.zip: 36%
2024-11-21T21:08:01.184Z [Modules] Streaming discord_voice@1 to /home/ysh/.config/discord/0.0.75/modules/pending/discord_voice-1.zip: 37%
2024-11-21T21:08:01.194Z [Modules] Streaming discord_voice@1 to /home/ysh/.config/discord/0.0.75/modules/pending/discord_voice-1.zip: 38%
2024-11-21T21:08:01.204Z [Modules] Streaming discord_voice@1 to /home/ysh/.config/discord/0.0.75/modules/pending/discord_voice-1.zip: 39%
2024-11-21T21:08:01.212Z [Modules] Streaming discord_voice@1 to /home/ysh/.config/discord/0.0.75/modules/pending/discord_voice-1.zip: 40%
2024-11-21T21:08:01.221Z [Modules] Streaming discord_voice@1 to /home/ysh/.config/discord/0.0.75/modules/pending/discord_voice-1.zip: 41%
2024-11-21T21:08:01.229Z [Modules] Streaming discord_voice@1 to /home/ysh/.config/discord/0.0.75/modules/pending/discord_voice-1.zip: 42%
2024-11-21T21:08:01.237Z [Modules] Streaming discord_voice@1 to /home/ysh/.config/discord/0.0.75/modules/pending/discord_voice-1.zip: 43%
2024-11-21T21:08:01.246Z [Modules] Streaming discord_voice@1 to /home/ysh/.config/discord/0.0.75/modules/pending/discord_voice-1.zip: 44%
2024-11-21T21:08:01.254Z [Modules] Streaming discord_voice@1 to /home/ysh/.config/discord/0.0.75/modules/pending/discord_voice-1.zip: 45%
2024-11-21T21:08:01.261Z [Modules] Streaming discord_voice@1 to /home/ysh/.config/discord/0.0.75/modules/pending/discord_voice-1.zip: 46%
2024-11-21T21:08:01.269Z [Modules] Streaming discord_voice@1 to /home/ysh/.config/discord/0.0.75/modules/pending/discord_voice-1.zip: 47%
2024-11-21T21:08:01.276Z [Modules] Streaming discord_voice@1 to /home/ysh/.config/discord/0.0.75/modules/pending/discord_voice-1.zip: 48%
2024-11-21T21:08:01.285Z [Modules] Streaming discord_voice@1 to /home/ysh/.config/discord/0.0.75/modules/pending/discord_voice-1.zip: 49%
2024-11-21T21:08:01.296Z [Modules] Streaming discord_voice@1 to /home/ysh/.config/discord/0.0.75/modules/pending/discord_voice-1.zip: 50%
2024-11-21T21:08:01.303Z [Modules] Streaming discord_voice@1 to /home/ysh/.config/discord/0.0.75/modules/pending/discord_voice-1.zip: 51%
2024-11-21T21:08:01.311Z [Modules] Streaming discord_voice@1 to /home/ysh/.config/discord/0.0.75/modules/pending/discord_voice-1.zip: 52%
2024-11-21T21:08:01.320Z [Modules] Streaming discord_voice@1 to /home/ysh/.config/discord/0.0.75/modules/pending/discord_voice-1.zip: 53%
2024-11-21T21:08:01.327Z [Modules] Streaming discord_voice@1 to /home/ysh/.config/discord/0.0.75/modules/pending/discord_voice-1.zip: 54%
2024-11-21T21:08:01.336Z [Modules] Streaming discord_voice@1 to /home/ysh/.config/discord/0.0.75/modules/pending/discord_voice-1.zip: 55%
2024-11-21T21:08:01.344Z [Modules] Streaming discord_voice@1 to /home/ysh/.config/discord/0.0.75/modules/pending/discord_voice-1.zip: 56%
2024-11-21T21:08:01.352Z [Modules] Streaming discord_voice@1 to /home/ysh/.config/discord/0.0.75/modules/pending/discord_voice-1.zip: 57%
2024-11-21T21:08:01.359Z [Modules] Streaming discord_voice@1 to /home/ysh/.config/discord/0.0.75/modules/pending/discord_voice-1.zip: 58%
2024-11-21T21:08:01.367Z [Modules] Streaming discord_voice@1 to /home/ysh/.config/discord/0.0.75/modules/pending/discord_voice-1.zip: 59%
2024-11-21T21:08:01.375Z [Modules] Streaming discord_voice@1 to /home/ysh/.config/discord/0.0.75/modules/pending/discord_voice-1.zip: 60%
2024-11-21T21:08:01.383Z [Modules] Streaming discord_voice@1 to /home/ysh/.config/discord/0.0.75/modules/pending/discord_voice-1.zip: 61%
2024-11-21T21:08:01.392Z [Modules] Streaming discord_voice@1 to /home/ysh/.config/discord/0.0.75/modules/pending/discord_voice-1.zip: 62%
2024-11-21T21:08:01.398Z [Modules] Streaming discord_voice@1 to /home/ysh/.config/discord/0.0.75/modules/pending/discord_voice-1.zip: 63%
2024-11-21T21:08:01.406Z [Modules] Streaming discord_voice@1 to /home/ysh/.config/discord/0.0.75/modules/pending/discord_voice-1.zip: 64%
2024-11-21T21:08:01.414Z [Modules] Streaming discord_voice@1 to /home/ysh/.config/discord/0.0.75/modules/pending/discord_voice-1.zip: 65%
2024-11-21T21:08:01.422Z [Modules] Streaming discord_voice@1 to /home/ysh/.config/discord/0.0.75/modules/pending/discord_voice-1.zip: 66%
2024-11-21T21:08:01.430Z [Modules] Streaming discord_voice@1 to /home/ysh/.config/discord/0.0.75/modules/pending/discord_voice-1.zip: 67%
2024-11-21T21:08:01.438Z [Modules] Streaming discord_voice@1 to /home/ysh/.config/discord/0.0.75/modules/pending/discord_voice-1.zip: 68%
2024-11-21T21:08:01.446Z [Modules] Streaming discord_voice@1 to /home/ysh/.config/discord/0.0.75/modules/pending/discord_voice-1.zip: 69%
2024-11-21T21:08:01.452Z [Modules] Streaming discord_voice@1 to /home/ysh/.config/discord/0.0.75/modules/pending/discord_voice-1.zip: 70%
2024-11-21T21:08:01.461Z [Modules] Streaming discord_voice@1 to /home/ysh/.config/discord/0.0.75/modules/pending/discord_voice-1.zip: 71%
2024-11-21T21:08:01.469Z [Modules] Streaming discord_voice@1 to /home/ysh/.config/discord/0.0.75/modules/pending/discord_voice-1.zip: 72%
2024-11-21T21:08:01.477Z [Modules] Streaming discord_voice@1 to /home/ysh/.config/discord/0.0.75/modules/pending/discord_voice-1.zip: 73%
2024-11-21T21:08:01.486Z [Modules] Streaming discord_voice@1 to /home/ysh/.config/discord/0.0.75/modules/pending/discord_voice-1.zip: 74%
2024-11-21T21:08:01.493Z [Modules] Streaming discord_voice@1 to /home/ysh/.config/discord/0.0.75/modules/pending/discord_voice-1.zip: 75%
2024-11-21T21:08:01.498Z [Modules] Streaming discord_voice@1 to /home/ysh/.config/discord/0.0.75/modules/pending/discord_voice-1.zip: 76%
2024-11-21T21:08:01.506Z [Modules] Streaming discord_voice@1 to /home/ysh/.config/discord/0.0.75/modules/pending/discord_voice-1.zip: 77%
2024-11-21T21:08:01.516Z [Modules] Streaming discord_voice@1 to /home/ysh/.config/discord/0.0.75/modules/pending/discord_voice-1.zip: 78%
2024-11-21T21:08:01.521Z [Modules] Streaming discord_voice@1 to /home/ysh/.config/discord/0.0.75/modules/pending/discord_voice-1.zip: 79%
2024-11-21T21:08:01.531Z [Modules] Streaming discord_voice@1 to /home/ysh/.config/discord/0.0.75/modules/pending/discord_voice-1.zip: 80%
2024-11-21T21:08:01.539Z [Modules] Streaming discord_voice@1 to /home/ysh/.config/discord/0.0.75/modules/pending/discord_voice-1.zip: 81%
2024-11-21T21:08:01.547Z [Modules] Streaming discord_voice@1 to /home/ysh/.config/discord/0.0.75/modules/pending/discord_voice-1.zip: 82%
2024-11-21T21:08:01.554Z [Modules] Streaming discord_voice@1 to /home/ysh/.config/discord/0.0.75/modules/pending/discord_voice-1.zip: 83%
2024-11-21T21:08:01.562Z [Modules] Streaming discord_voice@1 to /home/ysh/.config/discord/0.0.75/modules/pending/discord_voice-1.zip: 84%
2024-11-21T21:08:01.570Z [Modules] Streaming discord_voice@1 to /home/ysh/.config/discord/0.0.75/modules/pending/discord_voice-1.zip: 85%
2024-11-21T21:08:01.580Z [Modules] Streaming discord_voice@1 to /home/ysh/.config/discord/0.0.75/modules/pending/discord_voice-1.zip: 86%
2024-11-21T21:08:01.587Z [Modules] Streaming discord_voice@1 to /home/ysh/.config/discord/0.0.75/modules/pending/discord_voice-1.zip: 87%
2024-11-21T21:08:01.594Z [Modules] Streaming discord_voice@1 to /home/ysh/.config/discord/0.0.75/modules/pending/discord_voice-1.zip: 88%
2024-11-21T21:08:01.602Z [Modules] Streaming discord_voice@1 to /home/ysh/.config/discord/0.0.75/modules/pending/discord_voice-1.zip: 89%
2024-11-21T21:08:01.609Z [Modules] Streaming discord_voice@1 to /home/ysh/.config/discord/0.0.75/modules/pending/discord_voice-1.zip: 90%
2024-11-21T21:08:01.617Z [Modules] Streaming discord_voice@1 to /home/ysh/.config/discord/0.0.75/modules/pending/discord_voice-1.zip: 91%
2024-11-21T21:08:01.623Z [Modules] Streaming discord_voice@1 to /home/ysh/.config/discord/0.0.75/modules/pending/discord_voice-1.zip: 92%
2024-11-21T21:08:01.633Z [Modules] Streaming discord_voice@1 to /home/ysh/.config/discord/0.0.75/modules/pending/discord_voice-1.zip: 93%
2024-11-21T21:08:01.639Z [Modules] Streaming discord_voice@1 to /home/ysh/.config/discord/0.0.75/modules/pending/discord_voice-1.zip: 94%
2024-11-21T21:08:01.649Z [Modules] Streaming discord_voice@1 to /home/ysh/.config/discord/0.0.75/modules/pending/discord_voice-1.zip: 95%
2024-11-21T21:08:01.655Z [Modules] Streaming discord_voice@1 to /home/ysh/.config/discord/0.0.75/modules/pending/discord_voice-1.zip: 96%
2024-11-21T21:08:01.663Z [Modules] Streaming discord_voice@1 to /home/ysh/.config/discord/0.0.75/modules/pending/discord_voice-1.zip: 97%
2024-11-21T21:08:01.669Z [Modules] Streaming discord_voice@1 to /home/ysh/.config/discord/0.0.75/modules/pending/discord_voice-1.zip: 98%
2024-11-21T21:08:01.675Z [Modules] Streaming discord_voice@1 to /home/ysh/.config/discord/0.0.75/modules/pending/discord_voice-1.zip: 99%
2024-11-21T21:08:01.682Z [Modules] Streaming discord_voice@1 to /home/ysh/.config/discord/0.0.75/modules/pending/discord_voice-1.zip: 100%
2024-11-21T21:08:01.683Z [Modules] Fetching discord_zstd@1 from https://discord.com/api/modules/stable/discord_zstd/1
2024-11-21T21:08:01.683Z [Modules] Streaming discord_zstd@1 to /home/ysh/.config/discord/0.0.75/modules/pending/discord_zstd-1.zip
2024-11-21T21:08:02.166Z [Modules] Streaming discord_zstd@1 to /home/ysh/.config/discord/0.0.75/modules/pending/discord_zstd-1.zip: 17%
2024-11-21T21:08:02.169Z [Modules] Streaming discord_zstd@1 to /home/ysh/.config/discord/0.0.75/modules/pending/discord_zstd-1.zip: 25%
2024-11-21T21:08:02.172Z [Modules] Streaming discord_zstd@1 to /home/ysh/.config/discord/0.0.75/modules/pending/discord_zstd-1.zip: 38%
2024-11-21T21:08:02.173Z [Modules] Streaming discord_zstd@1 to /home/ysh/.config/discord/0.0.75/modules/pending/discord_zstd-1.zip: 60%
2024-11-21T21:08:02.175Z [Modules] Streaming discord_zstd@1 to /home/ysh/.config/discord/0.0.75/modules/pending/discord_zstd-1.zip: 77%
2024-11-21T21:08:02.176Z [Modules] Streaming discord_zstd@1 to /home/ysh/.config/discord/0.0.75/modules/pending/discord_zstd-1.zip: 86%
2024-11-21T21:08:02.178Z [Modules] Streaming discord_zstd@1 to /home/ysh/.config/discord/0.0.75/modules/pending/discord_zstd-1.zip: 100%
2024-11-21T21:08:02.180Z [Modules] Finished module downloads. [success: 6] [failure: 0]
2024-11-21T21:08:02.180Z [Modules] Installing updates...
2024-11-21T21:08:02.180Z [Modules] Installing discord_desktop_core@1 from /home/ysh/.config/discord/0.0.75/modules/pending/discord_desktop_core-1.zip
2024-11-21T21:08:02.236Z [Modules] Installing discord_erlpack@1 from /home/ysh/.config/discord/0.0.75/modules/pending/discord_erlpack-1.zip
2024-11-21T21:08:02.275Z [Modules] Installing discord_spellcheck@1 from /home/ysh/.config/discord/0.0.75/modules/pending/discord_spellcheck-1.zip
2024-11-21T21:08:02.745Z [Modules] Installing discord_utils@1 from /home/ysh/.config/discord/0.0.75/modules/pending/discord_utils-1.zip
2024-11-21T21:08:02.832Z [Modules] Installing discord_voice@1 from /home/ysh/.config/discord/0.0.75/modules/pending/discord_voice-1.zip
2024-11-21T21:08:03.177Z [Modules] Installing discord_zstd@1 from /home/ysh/.config/discord/0.0.75/modules/pending/discord_zstd-1.zip
2024-11-21T21:08:03.185Z [Modules] Finished module installations. [success: 6] [failure: 0]
2024-11-21T21:08:03.185Z [Modules] Checking for host updates.
2024-11-21T21:08:03.765Z [Modules] Host is up to date.
2024-11-21T21:08:03.765Z [Modules] Checking for module updates at https://discord.com/api/modules/stable/versions.json
2024-11-21T21:08:03.770Z [Modules] No module updates available.
2024-11-21T21:08:05.047Z [Modules] Starting to install discord_krisp...
2024-11-21T21:08:05.048Z [Modules] Fetching discord_krisp@1 from https://discord.com/api/modules/stable/discord_krisp/1
2024-11-21T21:08:05.048Z [Modules] Streaming discord_krisp@1 to /home/ysh/.config/discord/0.0.75/modules/pending/discord_krisp-1.zip
2024-11-21T21:08:05.056Z [Modules] Starting to install discord_game_utils...
2024-11-21T21:08:05.522Z [Modules] Streaming discord_krisp@1 to /home/ysh/.config/discord/0.0.75/modules/pending/discord_krisp-1.zip: 1%
2024-11-21T21:08:05.532Z [Modules] Streaming discord_krisp@1 to /home/ysh/.config/discord/0.0.75/modules/pending/discord_krisp-1.zip: 2%
2024-11-21T21:08:05.564Z [Modules] Streaming discord_krisp@1 to /home/ysh/.config/discord/0.0.75/modules/pending/discord_krisp-1.zip: 3%
2024-11-21T21:08:05.574Z [Modules] Streaming discord_krisp@1 to /home/ysh/.config/discord/0.0.75/modules/pending/discord_krisp-1.zip: 4%
2024-11-21T21:08:05.575Z [Modules] Streaming discord_krisp@1 to /home/ysh/.config/discord/0.0.75/modules/pending/discord_krisp-1.zip: 5%
2024-11-21T21:08:05.582Z [Modules] Streaming discord_krisp@1 to /home/ysh/.config/discord/0.0.75/modules/pending/discord_krisp-1.zip: 6%
2024-11-21T21:08:05.589Z [Modules] Streaming discord_krisp@1 to /home/ysh/.config/discord/0.0.75/modules/pending/discord_krisp-1.zip: 7%
2024-11-21T21:08:05.606Z [Modules] Streaming discord_krisp@1 to /home/ysh/.config/discord/0.0.75/modules/pending/discord_krisp-1.zip: 8%
2024-11-21T21:08:05.622Z [Modules] Streaming discord_krisp@1 to /home/ysh/.config/discord/0.0.75/modules/pending/discord_krisp-1.zip: 9%
2024-11-21T21:08:05.628Z [Modules] Streaming discord_krisp@1 to /home/ysh/.config/discord/0.0.75/modules/pending/discord_krisp-1.zip: 10%
2024-11-21T21:08:05.640Z [Modules] Streaming discord_krisp@1 to /home/ysh/.config/discord/0.0.75/modules/pending/discord_krisp-1.zip: 11%
2024-11-21T21:08:05.651Z [Modules] Streaming discord_krisp@1 to /home/ysh/.config/discord/0.0.75/modules/pending/discord_krisp-1.zip: 12%
2024-11-21T21:08:05.661Z [Modules] Streaming discord_krisp@1 to /home/ysh/.config/discord/0.0.75/modules/pending/discord_krisp-1.zip: 13%
2024-11-21T21:08:05.670Z [Modules] Streaming discord_krisp@1 to /home/ysh/.config/discord/0.0.75/modules/pending/discord_krisp-1.zip: 14%
2024-11-21T21:08:05.681Z [Modules] Streaming discord_krisp@1 to /home/ysh/.config/discord/0.0.75/modules/pending/discord_krisp-1.zip: 15%
2024-11-21T21:08:05.692Z [Modules] Streaming discord_krisp@1 to /home/ysh/.config/discord/0.0.75/modules/pending/discord_krisp-1.zip: 16%
2024-11-21T21:08:05.700Z [Modules] Streaming discord_krisp@1 to /home/ysh/.config/discord/0.0.75/modules/pending/discord_krisp-1.zip: 17%
2024-11-21T21:08:05.710Z [Modules] Streaming discord_krisp@1 to /home/ysh/.config/discord/0.0.75/modules/pending/discord_krisp-1.zip: 18%
2024-11-21T21:08:05.722Z [Modules] Streaming discord_krisp@1 to /home/ysh/.config/discord/0.0.75/modules/pending/discord_krisp-1.zip: 19%
2024-11-21T21:08:05.734Z [Modules] Streaming discord_krisp@1 to /home/ysh/.config/discord/0.0.75/modules/pending/discord_krisp-1.zip: 20%
2024-11-21T21:08:05.734Z [Modules] Checking for host updates.
2024-11-21T21:08:05.745Z [Modules] Streaming discord_krisp@1 to /home/ysh/.config/discord/0.0.75/modules/pending/discord_krisp-1.zip: 21%
2024-11-21T21:08:05.755Z [Modules] Streaming discord_krisp@1 to /home/ysh/.config/discord/0.0.75/modules/pending/discord_krisp-1.zip: 22%
2024-11-21T21:08:05.766Z [Modules] Streaming discord_krisp@1 to /home/ysh/.config/discord/0.0.75/modules/pending/discord_krisp-1.zip: 23%
2024-11-21T21:08:05.777Z [Modules] Streaming discord_krisp@1 to /home/ysh/.config/discord/0.0.75/modules/pending/discord_krisp-1.zip: 24%
2024-11-21T21:08:05.791Z [Modules] Streaming discord_krisp@1 to /home/ysh/.config/discord/0.0.75/modules/pending/discord_krisp-1.zip: 25%
2024-11-21T21:08:05.803Z [Modules] Streaming discord_krisp@1 to /home/ysh/.config/discord/0.0.75/modules/pending/discord_krisp-1.zip: 26%
2024-11-21T21:08:05.809Z [Modules] Starting to install discord_rpc...
2024-11-21T21:08:05.825Z [Modules] Streaming discord_krisp@1 to /home/ysh/.config/discord/0.0.75/modules/pending/discord_krisp-1.zip: 27%
2024-11-21T21:08:05.845Z [Modules] Streaming discord_krisp@1 to /home/ysh/.config/discord/0.0.75/modules/pending/discord_krisp-1.zip: 29%
2024-11-21T21:08:05.854Z [Modules] Streaming discord_krisp@1 to /home/ysh/.config/discord/0.0.75/modules/pending/discord_krisp-1.zip: 30%
2024-11-21T21:08:05.859Z [Modules] Streaming discord_krisp@1 to /home/ysh/.config/discord/0.0.75/modules/pending/discord_krisp-1.zip: 31%
2024-11-21T21:08:05.867Z [Modules] Streaming discord_krisp@1 to /home/ysh/.config/discord/0.0.75/modules/pending/discord_krisp-1.zip: 32%
2024-11-21T21:08:05.878Z [Modules] Streaming discord_krisp@1 to /home/ysh/.config/discord/0.0.75/modules/pending/discord_krisp-1.zip: 33%
2024-11-21T21:08:05.888Z [Modules] Streaming discord_krisp@1 to /home/ysh/.config/discord/0.0.75/modules/pending/discord_krisp-1.zip: 34%
2024-11-21T21:08:05.896Z [Modules] Streaming discord_krisp@1 to /home/ysh/.config/discord/0.0.75/modules/pending/discord_krisp-1.zip: 35%
2024-11-21T21:08:05.906Z [Modules] Streaming discord_krisp@1 to /home/ysh/.config/discord/0.0.75/modules/pending/discord_krisp-1.zip: 36%
2024-11-21T21:08:05.918Z [Modules] Streaming discord_krisp@1 to /home/ysh/.config/discord/0.0.75/modules/pending/discord_krisp-1.zip: 37%
2024-11-21T21:08:05.926Z [Modules] Streaming discord_krisp@1 to /home/ysh/.config/discord/0.0.75/modules/pending/discord_krisp-1.zip: 38%
2024-11-21T21:08:05.937Z [Modules] Streaming discord_krisp@1 to /home/ysh/.config/discord/0.0.75/modules/pending/discord_krisp-1.zip: 39%
2024-11-21T21:08:05.948Z [Modules] Streaming discord_krisp@1 to /home/ysh/.config/discord/0.0.75/modules/pending/discord_krisp-1.zip: 40%
2024-11-21T21:08:05.960Z [Modules] Streaming discord_krisp@1 to /home/ysh/.config/discord/0.0.75/modules/pending/discord_krisp-1.zip: 41%
2024-11-21T21:08:05.968Z [Modules] Streaming discord_krisp@1 to /home/ysh/.config/discord/0.0.75/modules/pending/discord_krisp-1.zip: 42%
2024-11-21T21:08:05.979Z [Modules] Streaming discord_krisp@1 to /home/ysh/.config/discord/0.0.75/modules/pending/discord_krisp-1.zip: 43%
2024-11-21T21:08:05.987Z [Modules] Streaming discord_krisp@1 to /home/ysh/.config/discord/0.0.75/modules/pending/discord_krisp-1.zip: 44%
2024-11-21T21:08:05.997Z [Modules] Streaming discord_krisp@1 to /home/ysh/.config/discord/0.0.75/modules/pending/discord_krisp-1.zip: 45%
2024-11-21T21:08:06.005Z [Modules] Streaming discord_krisp@1 to /home/ysh/.config/discord/0.0.75/modules/pending/discord_krisp-1.zip: 46%
2024-11-21T21:08:06.017Z [Modules] Streaming discord_krisp@1 to /home/ysh/.config/discord/0.0.75/modules/pending/discord_krisp-1.zip: 47%
2024-11-21T21:08:06.026Z [Modules] Streaming discord_krisp@1 to /home/ysh/.config/discord/0.0.75/modules/pending/discord_krisp-1.zip: 48%
2024-11-21T21:08:06.036Z [Modules] Streaming discord_krisp@1 to /home/ysh/.config/discord/0.0.75/modules/pending/discord_krisp-1.zip: 49%
2024-11-21T21:08:06.046Z [Modules] Streaming discord_krisp@1 to /home/ysh/.config/discord/0.0.75/modules/pending/discord_krisp-1.zip: 50%
2024-11-21T21:08:06.056Z [Modules] Streaming discord_krisp@1 to /home/ysh/.config/discord/0.0.75/modules/pending/discord_krisp-1.zip: 51%
2024-11-21T21:08:06.066Z [Modules] Streaming discord_krisp@1 to /home/ysh/.config/discord/0.0.75/modules/pending/discord_krisp-1.zip: 52%
2024-11-21T21:08:06.075Z [Modules] Streaming discord_krisp@1 to /home/ysh/.config/discord/0.0.75/modules/pending/discord_krisp-1.zip: 53%
2024-11-21T21:08:06.084Z [Modules] Streaming discord_krisp@1 to /home/ysh/.config/discord/0.0.75/modules/pending/discord_krisp-1.zip: 54%
2024-11-21T21:08:06.093Z [Modules] Streaming discord_krisp@1 to /home/ysh/.config/discord/0.0.75/modules/pending/discord_krisp-1.zip: 55%
2024-11-21T21:08:06.103Z [Modules] Streaming discord_krisp@1 to /home/ysh/.config/discord/0.0.75/modules/pending/discord_krisp-1.zip: 56%
2024-11-21T21:08:06.112Z [Modules] Streaming discord_krisp@1 to /home/ysh/.config/discord/0.0.75/modules/pending/discord_krisp-1.zip: 57%
2024-11-21T21:08:06.122Z [Modules] Streaming discord_krisp@1 to /home/ysh/.config/discord/0.0.75/modules/pending/discord_krisp-1.zip: 58%
2024-11-21T21:08:06.133Z [Modules] Streaming discord_krisp@1 to /home/ysh/.config/discord/0.0.75/modules/pending/discord_krisp-1.zip: 59%
2024-11-21T21:08:06.140Z [Modules] Streaming discord_krisp@1 to /home/ysh/.config/discord/0.0.75/modules/pending/discord_krisp-1.zip: 60%
2024-11-21T21:08:06.148Z [Modules] Streaming discord_krisp@1 to /home/ysh/.config/discord/0.0.75/modules/pending/discord_krisp-1.zip: 61%
2024-11-21T21:08:06.160Z [Modules] Host is up to date.
2024-11-21T21:08:06.160Z [Modules] Checking for module updates at https://discord.com/api/modules/stable/versions.json
2024-11-21T21:08:06.160Z [Modules] Streaming discord_krisp@1 to /home/ysh/.config/discord/0.0.75/modules/pending/discord_krisp-1.zip: 62%
2024-11-21T21:08:06.162Z [Modules] No module updates available.
2024-11-21T21:08:06.169Z [Modules] Streaming discord_krisp@1 to /home/ysh/.config/discord/0.0.75/modules/pending/discord_krisp-1.zip: 63%
2024-11-21T21:08:06.178Z [Modules] Streaming discord_krisp@1 to /home/ysh/.config/discord/0.0.75/modules/pending/discord_krisp-1.zip: 64%
2024-11-21T21:08:06.188Z [Modules] Streaming discord_krisp@1 to /home/ysh/.config/discord/0.0.75/modules/pending/discord_krisp-1.zip: 65%
2024-11-21T21:08:06.198Z [Modules] Streaming discord_krisp@1 to /home/ysh/.config/discord/0.0.75/modules/pending/discord_krisp-1.zip: 66%
2024-11-21T21:08:06.209Z [Modules] Streaming discord_krisp@1 to /home/ysh/.config/discord/0.0.75/modules/pending/discord_krisp-1.zip: 67%
2024-11-21T21:08:06.219Z [Modules] Streaming discord_krisp@1 to /home/ysh/.config/discord/0.0.75/modules/pending/discord_krisp-1.zip: 68%
2024-11-21T21:08:06.227Z [Modules] Streaming discord_krisp@1 to /home/ysh/.config/discord/0.0.75/modules/pending/discord_krisp-1.zip: 69%
2024-11-21T21:08:06.238Z [Modules] Streaming discord_krisp@1 to /home/ysh/.config/discord/0.0.75/modules/pending/discord_krisp-1.zip: 70%
2024-11-21T21:08:06.248Z [Modules] Streaming discord_krisp@1 to /home/ysh/.config/discord/0.0.75/modules/pending/discord_krisp-1.zip: 71%
2024-11-21T21:08:06.258Z [Modules] Streaming discord_krisp@1 to /home/ysh/.config/discord/0.0.75/modules/pending/discord_krisp-1.zip: 72%
2024-11-21T21:08:06.264Z [Modules] Streaming discord_krisp@1 to /home/ysh/.config/discord/0.0.75/modules/pending/discord_krisp-1.zip: 73%
2024-11-21T21:08:06.274Z [Modules] Streaming discord_krisp@1 to /home/ysh/.config/discord/0.0.75/modules/pending/discord_krisp-1.zip: 74%
2024-11-21T21:08:06.284Z [Modules] Streaming discord_krisp@1 to /home/ysh/.config/discord/0.0.75/modules/pending/discord_krisp-1.zip: 75%
2024-11-21T21:08:06.292Z [Modules] Streaming discord_krisp@1 to /home/ysh/.config/discord/0.0.75/modules/pending/discord_krisp-1.zip: 76%
2024-11-21T21:08:06.301Z [Modules] Streaming discord_krisp@1 to /home/ysh/.config/discord/0.0.75/modules/pending/discord_krisp-1.zip: 77%
2024-11-21T21:08:06.311Z [Modules] Streaming discord_krisp@1 to /home/ysh/.config/discord/0.0.75/modules/pending/discord_krisp-1.zip: 78%
2024-11-21T21:08:06.320Z [Modules] Streaming discord_krisp@1 to /home/ysh/.config/discord/0.0.75/modules/pending/discord_krisp-1.zip: 79%
2024-11-21T21:08:06.328Z [Modules] Streaming discord_krisp@1 to /home/ysh/.config/discord/0.0.75/modules/pending/discord_krisp-1.zip: 80%
2024-11-21T21:08:06.338Z [Modules] Streaming discord_krisp@1 to /home/ysh/.config/discord/0.0.75/modules/pending/discord_krisp-1.zip: 81%
2024-11-21T21:08:06.349Z [Modules] Streaming discord_krisp@1 to /home/ysh/.config/discord/0.0.75/modules/pending/discord_krisp-1.zip: 82%
2024-11-21T21:08:06.357Z [Modules] Streaming discord_krisp@1 to /home/ysh/.config/discord/0.0.75/modules/pending/discord_krisp-1.zip: 83%
2024-11-21T21:08:06.366Z [Modules] Streaming discord_krisp@1 to /home/ysh/.config/discord/0.0.75/modules/pending/discord_krisp-1.zip: 84%
2024-11-21T21:08:06.374Z [Modules] Streaming discord_krisp@1 to /home/ysh/.config/discord/0.0.75/modules/pending/discord_krisp-1.zip: 85%
2024-11-21T21:08:06.384Z [Modules] Streaming discord_krisp@1 to /home/ysh/.config/discord/0.0.75/modules/pending/discord_krisp-1.zip: 86%
2024-11-21T21:08:06.393Z [Modules] Streaming discord_krisp@1 to /home/ysh/.config/discord/0.0.75/modules/pending/discord_krisp-1.zip: 87%
2024-11-21T21:08:06.402Z [Modules] Streaming discord_krisp@1 to /home/ysh/.config/discord/0.0.75/modules/pending/discord_krisp-1.zip: 88%
2024-11-21T21:08:06.410Z [Modules] Streaming discord_krisp@1 to /home/ysh/.config/discord/0.0.75/modules/pending/discord_krisp-1.zip: 89%
2024-11-21T21:08:06.421Z [Modules] Streaming discord_krisp@1 to /home/ysh/.config/discord/0.0.75/modules/pending/discord_krisp-1.zip: 90%
2024-11-21T21:08:06.432Z [Modules] Streaming discord_krisp@1 to /home/ysh/.config/discord/0.0.75/modules/pending/discord_krisp-1.zip: 91%
2024-11-21T21:08:06.441Z [Modules] Streaming discord_krisp@1 to /home/ysh/.config/discord/0.0.75/modules/pending/discord_krisp-1.zip: 92%
2024-11-21T21:08:06.447Z [Modules] Streaming discord_krisp@1 to /home/ysh/.config/discord/0.0.75/modules/pending/discord_krisp-1.zip: 93%
2024-11-21T21:08:06.456Z [Modules] Streaming discord_krisp@1 to /home/ysh/.config/discord/0.0.75/modules/pending/discord_krisp-1.zip: 94%
2024-11-21T21:08:06.465Z [Modules] Streaming discord_krisp@1 to /home/ysh/.config/discord/0.0.75/modules/pending/discord_krisp-1.zip: 95%
2024-11-21T21:08:06.474Z [Modules] Streaming discord_krisp@1 to /home/ysh/.config/discord/0.0.75/modules/pending/discord_krisp-1.zip: 96%
2024-11-21T21:08:06.485Z [Modules] Streaming discord_krisp@1 to /home/ysh/.config/discord/0.0.75/modules/pending/discord_krisp-1.zip: 97%
2024-11-21T21:08:06.496Z [Modules] Streaming discord_krisp@1 to /home/ysh/.config/discord/0.0.75/modules/pending/discord_krisp-1.zip: 98%
2024-11-21T21:08:06.504Z [Modules] Streaming discord_krisp@1 to /home/ysh/.config/discord/0.0.75/modules/pending/discord_krisp-1.zip: 99%
2024-11-21T21:08:06.511Z [Modules] Streaming discord_krisp@1 to /home/ysh/.config/discord/0.0.75/modules/pending/discord_krisp-1.zip: 100%
2024-11-21T21:08:06.512Z [Modules] Fetching discord_game_utils@1 from https://discord.com/api/modules/stable/discord_game_utils/1
2024-11-21T21:08:06.512Z [Modules] Streaming discord_game_utils@1 to /home/ysh/.config/discord/0.0.75/modules/pending/discord_game_utils-1.zip
2024-11-21T21:08:06.512Z [Modules] Installing discord_krisp@1 from /home/ysh/.config/discord/0.0.75/modules/pending/discord_krisp-1.zip
2024-11-21T21:08:06.750Z [Modules] Finished module installations. [success: 1] [failure: 0]
2024-11-21T21:08:06.982Z [Modules] Streaming discord_game_utils@1 to /home/ysh/.config/discord/0.0.75/modules/pending/discord_game_utils-1.zip: 1%
2024-11-21T21:08:06.983Z [Modules] Streaming discord_game_utils@1 to /home/ysh/.config/discord/0.0.75/modules/pending/discord_game_utils-1.zip: 2%
2024-11-21T21:08:06.986Z [Modules] Streaming discord_game_utils@1 to /home/ysh/.config/discord/0.0.75/modules/pending/discord_game_utils-1.zip: 5%
2024-11-21T21:08:06.989Z [Modules] Streaming discord_game_utils@1 to /home/ysh/.config/discord/0.0.75/modules/pending/discord_game_utils-1.zip: 7%
2024-11-21T21:08:06.989Z [Modules] Streaming discord_game_utils@1 to /home/ysh/.config/discord/0.0.75/modules/pending/discord_game_utils-1.zip: 8%
2024-11-21T21:08:06.992Z [Modules] Streaming discord_game_utils@1 to /home/ysh/.config/discord/0.0.75/modules/pending/discord_game_utils-1.zip: 10%
2024-11-21T21:08:06.992Z [Modules] Streaming discord_game_utils@1 to /home/ysh/.config/discord/0.0.75/modules/pending/discord_game_utils-1.zip: 11%
2024-11-21T21:08:06.996Z [Modules] Streaming discord_game_utils@1 to /home/ysh/.config/discord/0.0.75/modules/pending/discord_game_utils-1.zip: 14%
2024-11-21T21:08:06.999Z [Modules] Streaming discord_game_utils@1 to /home/ysh/.config/discord/0.0.75/modules/pending/discord_game_utils-1.zip: 17%
2024-11-21T21:08:07.002Z [Modules] Streaming discord_game_utils@1 to /home/ysh/.config/discord/0.0.75/modules/pending/discord_game_utils-1.zip: 19%
2024-11-21T21:08:07.002Z [Modules] Streaming discord_game_utils@1 to /home/ysh/.config/discord/0.0.75/modules/pending/discord_game_utils-1.zip: 21%
2024-11-21T21:08:07.005Z [Modules] Streaming discord_game_utils@1 to /home/ysh/.config/discord/0.0.75/modules/pending/discord_game_utils-1.zip: 23%
2024-11-21T21:08:07.005Z [Modules] Streaming discord_game_utils@1 to /home/ysh/.config/discord/0.0.75/modules/pending/discord_game_utils-1.zip: 24%
2024-11-21T21:08:07.007Z [Modules] Streaming discord_game_utils@1 to /home/ysh/.config/discord/0.0.75/modules/pending/discord_game_utils-1.zip: 25%
2024-11-21T21:08:07.009Z [Modules] Streaming discord_game_utils@1 to /home/ysh/.config/discord/0.0.75/modules/pending/discord_game_utils-1.zip: 28%
2024-11-21T21:08:07.014Z [Modules] Streaming discord_game_utils@1 to /home/ysh/.config/discord/0.0.75/modules/pending/discord_game_utils-1.zip: 31%
2024-11-21T21:08:07.016Z [Modules] Streaming discord_game_utils@1 to /home/ysh/.config/discord/0.0.75/modules/pending/discord_game_utils-1.zip: 32%
2024-11-21T21:08:07.017Z [Modules] Streaming discord_game_utils@1 to /home/ysh/.config/discord/0.0.75/modules/pending/discord_game_utils-1.zip: 34%
2024-11-21T21:08:07.017Z [Modules] Streaming discord_game_utils@1 to /home/ysh/.config/discord/0.0.75/modules/pending/discord_game_utils-1.zip: 35%
2024-11-21T21:08:07.021Z [Modules] Streaming discord_game_utils@1 to /home/ysh/.config/discord/0.0.75/modules/pending/discord_game_utils-1.zip: 38%
2024-11-21T21:08:07.024Z [Modules] Streaming discord_game_utils@1 to /home/ysh/.config/discord/0.0.75/modules/pending/discord_game_utils-1.zip: 41%
2024-11-21T21:08:07.027Z [Modules] Streaming discord_game_utils@1 to /home/ysh/.config/discord/0.0.75/modules/pending/discord_game_utils-1.zip: 44%
2024-11-21T21:08:07.027Z [Modules] Streaming discord_game_utils@1 to /home/ysh/.config/discord/0.0.75/modules/pending/discord_game_utils-1.zip: 45%
2024-11-21T21:08:07.030Z [Modules] Streaming discord_game_utils@1 to /home/ysh/.config/discord/0.0.75/modules/pending/discord_game_utils-1.zip: 47%
2024-11-21T21:08:07.030Z [Modules] Streaming discord_game_utils@1 to /home/ysh/.config/discord/0.0.75/modules/pending/discord_game_utils-1.zip: 48%
2024-11-21T21:08:07.033Z [Modules] Streaming discord_game_utils@1 to /home/ysh/.config/discord/0.0.75/modules/pending/discord_game_utils-1.zip: 50%
2024-11-21T21:08:07.033Z [Modules] Streaming discord_game_utils@1 to /home/ysh/.config/discord/0.0.75/modules/pending/discord_game_utils-1.zip: 51%
2024-11-21T21:08:07.035Z [Modules] Streaming discord_game_utils@1 to /home/ysh/.config/discord/0.0.75/modules/pending/discord_game_utils-1.zip: 53%
2024-11-21T21:08:07.035Z [Modules] Streaming discord_game_utils@1 to /home/ysh/.config/discord/0.0.75/modules/pending/discord_game_utils-1.zip: 54%
2024-11-21T21:08:07.038Z [Modules] Streaming discord_game_utils@1 to /home/ysh/.config/discord/0.0.75/modules/pending/discord_game_utils-1.zip: 57%
2024-11-21T21:08:07.042Z [Modules] Streaming discord_game_utils@1 to /home/ysh/.config/discord/0.0.75/modules/pending/discord_game_utils-1.zip: 59%
2024-11-21T21:08:07.043Z [Modules] Streaming discord_game_utils@1 to /home/ysh/.config/discord/0.0.75/modules/pending/discord_game_utils-1.zip: 60%
2024-11-21T21:08:07.045Z [Modules] Streaming discord_game_utils@1 to /home/ysh/.config/discord/0.0.75/modules/pending/discord_game_utils-1.zip: 62%
2024-11-21T21:08:07.046Z [Modules] Streaming discord_game_utils@1 to /home/ysh/.config/discord/0.0.75/modules/pending/discord_game_utils-1.zip: 64%
2024-11-21T21:08:07.046Z [Modules] Streaming discord_game_utils@1 to /home/ysh/.config/discord/0.0.75/modules/pending/discord_game_utils-1.zip: 65%
2024-11-21T21:08:07.049Z [Modules] Streaming discord_game_utils@1 to /home/ysh/.config/discord/0.0.75/modules/pending/discord_game_utils-1.zip: 67%
2024-11-21T21:08:07.050Z [Modules] Streaming discord_game_utils@1 to /home/ysh/.config/discord/0.0.75/modules/pending/discord_game_utils-1.zip: 68%
2024-11-21T21:08:07.052Z [Modules] Streaming discord_game_utils@1 to /home/ysh/.config/discord/0.0.75/modules/pending/discord_game_utils-1.zip: 70%
2024-11-21T21:08:07.054Z [Modules] Streaming discord_game_utils@1 to /home/ysh/.config/discord/0.0.75/modules/pending/discord_game_utils-1.zip: 71%
2024-11-21T21:08:07.056Z [Modules] Streaming discord_game_utils@1 to /home/ysh/.config/discord/0.0.75/modules/pending/discord_game_utils-1.zip: 73%
2024-11-21T21:08:07.058Z [Modules] Streaming discord_game_utils@1 to /home/ysh/.config/discord/0.0.75/modules/pending/discord_game_utils-1.zip: 75%
2024-11-21T21:08:07.058Z [Modules] Streaming discord_game_utils@1 to /home/ysh/.config/discord/0.0.75/modules/pending/discord_game_utils-1.zip: 76%
2024-11-21T21:08:07.061Z [Modules] Streaming discord_game_utils@1 to /home/ysh/.config/discord/0.0.75/modules/pending/discord_game_utils-1.zip: 78%
2024-11-21T21:08:07.061Z [Modules] Streaming discord_game_utils@1 to /home/ysh/.config/discord/0.0.75/modules/pending/discord_game_utils-1.zip: 79%
2024-11-21T21:08:07.063Z [Modules] Streaming discord_game_utils@1 to /home/ysh/.config/discord/0.0.75/modules/pending/discord_game_utils-1.zip: 81%
2024-11-21T21:08:07.064Z [Modules] Streaming discord_game_utils@1 to /home/ysh/.config/discord/0.0.75/modules/pending/discord_game_utils-1.zip: 82%
2024-11-21T21:08:07.066Z [Modules] Streaming discord_game_utils@1 to /home/ysh/.config/discord/0.0.75/modules/pending/discord_game_utils-1.zip: 85%
2024-11-21T21:08:07.069Z [Modules] Streaming discord_game_utils@1 to /home/ysh/.config/discord/0.0.75/modules/pending/discord_game_utils-1.zip: 88%
2024-11-21T21:08:07.072Z [Modules] Streaming discord_game_utils@1 to /home/ysh/.config/discord/0.0.75/modules/pending/discord_game_utils-1.zip: 91%
2024-11-21T21:08:07.072Z [Modules] Streaming discord_game_utils@1 to /home/ysh/.config/discord/0.0.75/modules/pending/discord_game_utils-1.zip: 92%
2024-11-21T21:08:07.075Z [Modules] Streaming discord_game_utils@1 to /home/ysh/.config/discord/0.0.75/modules/pending/discord_game_utils-1.zip: 94%
2024-11-21T21:08:07.075Z [Modules] Streaming discord_game_utils@1 to /home/ysh/.config/discord/0.0.75/modules/pending/discord_game_utils-1.zip: 95%
2024-11-21T21:08:07.078Z [Modules] Streaming discord_game_utils@1 to /home/ysh/.config/discord/0.0.75/modules/pending/discord_game_utils-1.zip: 97%
2024-11-21T21:08:07.079Z [Modules] Streaming discord_game_utils@1 to /home/ysh/.config/discord/0.0.75/modules/pending/discord_game_utils-1.zip: 99%
2024-11-21T21:08:07.079Z [Modules] Streaming discord_game_utils@1 to /home/ysh/.config/discord/0.0.75/modules/pending/discord_game_utils-1.zip: 100%
2024-11-21T21:08:07.080Z [Modules] Fetching discord_rpc@1 from https://discord.com/api/modules/stable/discord_rpc/1
2024-11-21T21:08:07.080Z [Modules] Streaming discord_rpc@1 to /home/ysh/.config/discord/0.0.75/modules/pending/discord_rpc-1.zip
2024-11-21T21:08:07.080Z [Modules] Installing discord_game_utils@1 from /home/ysh/.config/discord/0.0.75/modules/pending/discord_game_utils-1.zip
2024-11-21T21:08:07.122Z [Modules] Finished module installations. [success: 1] [failure: 0]
2024-11-21T21:08:07.594Z [Modules] Streaming discord_rpc@1 to /home/ysh/.config/discord/0.0.75/modules/pending/discord_rpc-1.zip: 100%
2024-11-21T21:08:07.595Z [Modules] Finished module downloads. [success: 3] [failure: 0]
2024-11-21T21:08:07.595Z [Modules] Installing discord_rpc@1 from /home/ysh/.config/discord/0.0.75/modules/pending/discord_rpc-1.zip
2024-11-21T21:08:07.603Z [Modules] Finished module installations. [success: 1] [failure: 0]
2024-11-22T07:47:18.124Z [Modules] Modules initializing
2024-11-22T07:47:18.125Z [Modules] Distribution: remote
2024-11-22T07:47:18.125Z [Modules] Host updates: enabled
2024-11-22T07:47:18.125Z [Modules] Module updates: enabled
2024-11-22T07:47:18.125Z [Modules] Module install path: /home/ysh/.config/discord/0.0.75/modules
2024-11-22T07:47:18.125Z [Modules] Module installed file path: /home/ysh/.config/discord/0.0.75/modules/installed.json
2024-11-22T07:47:18.125Z [Modules] Module download path: /home/ysh/.config/discord/0.0.75/modules/pending
2024-11-22T07:47:18.323Z [Modules] No updates to install
2024-11-22T07:47:18.323Z [Modules] Checking for host updates.
2024-11-22T07:47:19.108Z [Modules] Host is up to date.
2024-11-22T07:47:19.108Z [Modules] Checking for module updates at https://discord.com/api/modules/stable/versions.json
2024-11-22T07:47:19.189Z [Modules] No module updates available.
2024-11-22T07:47:21.479Z [Modules] Checking for host updates.
2024-11-22T07:47:21.968Z [Modules] Host is up to date.
2024-11-22T07:47:21.968Z [Modules] Checking for module updates at https://discord.com/api/modules/stable/versions.json
2024-11-22T07:47:21.973Z [Modules] No module updates available.
2024-11-22T12:52:36.562Z [Modules] Checking for host updates.
2024-11-22T12:52:37.689Z [Modules] Host is up to date.
2024-11-22T12:52:37.689Z [Modules] Checking for module updates at https://discord.com/api/modules/stable/versions.json
2024-11-22T12:52:37.912Z [Modules] No module updates available.
2024-11-22T13:52:36.595Z [Modules] Checking for host updates.
2024-11-22T13:52:42.068Z [Modules] Host is up to date.
2024-11-22T13:52:42.068Z [Modules] Checking for module updates at https://discord.com/api/modules/stable/versions.json
2024-11-22T13:52:42.160Z [Modules] No module updates available.
2024-11-22T14:52:36.567Z [Modules] Checking for host updates.
2024-11-22T14:52:37.722Z [Modules] Host is up to date.
2024-11-22T14:52:37.722Z [Modules] Checking for module updates at https://discord.com/api/modules/stable/versions.json
2024-11-22T14:52:37.815Z [Modules] No module updates available.
2024-11-22T15:52:36.561Z [Modules] Checking for host updates.
2024-11-22T15:52:37.682Z [Modules] Host is up to date.
2024-11-22T15:52:37.682Z [Modules] Checking for module updates at https://discord.com/api/modules/stable/versions.json
2024-11-22T15:52:38.381Z [Modules] No module updates available.
2024-11-22T16:52:36.600Z [Modules] Checking for host updates.
2024-11-22T16:52:37.724Z [Modules] Host is up to date.
2024-11-22T16:52:37.725Z [Modules] Checking for module updates at https://discord.com/api/modules/stable/versions.json
2024-11-22T16:52:37.827Z [Modules] No module updates available.
2024-11-22T17:52:36.562Z [Modules] Checking for host updates.
2024-11-22T17:52:37.436Z [Modules] Host is up to date.
2024-11-22T17:52:37.436Z [Modules] Checking for module updates at https://discord.com/api/modules/stable/versions.json
2024-11-22T17:52:37.647Z [Modules] No module updates available.
2024-11-23T11:48:02.699Z [Modules] Modules initializing
2024-11-23T11:48:02.699Z [Modules] Distribution: remote
2024-11-23T11:48:02.699Z [Modules] Host updates: enabled
2024-11-23T11:48:02.699Z [Modules] Module updates: enabled
2024-11-23T11:48:02.700Z [Modules] Module install path: /home/ysh/.config/discord/0.0.75/modules
2024-11-23T11:48:02.700Z [Modules] Module installed file path: /home/ysh/.config/discord/0.0.75/modules/installed.json
2024-11-23T11:48:02.700Z [Modules] Module download path: /home/ysh/.config/discord/0.0.75/modules/pending
2024-11-23T11:48:03.018Z [Modules] No updates to install
2024-11-23T11:48:03.019Z [Modules] Checking for host updates.
2024-11-23T11:48:05.236Z [Modules] Host is up to date.
2024-11-23T11:48:05.236Z [Modules] Checking for module updates at https://discord.com/api/modules/stable/versions.json
2024-11-23T11:48:05.747Z [Modules] No module updates available.
2024-11-23T16:43:16.574Z [Modules] Modules initializing
2024-11-23T16:43:16.574Z [Modules] Distribution: remote
2024-11-23T16:43:16.574Z [Modules] Host updates: enabled
2024-11-23T16:43:16.574Z [Modules] Module updates: enabled
2024-11-23T16:43:16.574Z [Modules] Module install path: /home/ysh/.config/discord/0.0.75/modules
2024-11-23T16:43:16.574Z [Modules] Module installed file path: /home/ysh/.config/discord/0.0.75/modules/installed.json
2024-11-23T16:43:16.574Z [Modules] Module download path: /home/ysh/.config/discord/0.0.75/modules/pending
2024-11-23T16:43:16.969Z [Modules] No updates to install
2024-11-23T16:43:16.970Z [Modules] Checking for host updates.
2024-11-23T16:44:17.002Z [Modules] Host update failed: Error: ETIMEDOUT
2024-11-23T16:44:37.023Z [Modules] Checking for host updates.
2024-11-23T16:44:41.668Z [Modules] Host is up to date.
2024-11-23T16:44:41.669Z [Modules] Checking for module updates at https://discord.com/api/modules/stable/versions.json
2024-11-23T16:44:46.589Z [Modules] No module updates available.
2024-11-23T19:57:24.595Z [Modules] Modules initializing
2024-11-23T19:57:24.595Z [Modules] Distribution: remote
2024-11-23T19:57:24.595Z [Modules] Host updates: enabled
2024-11-23T19:57:24.595Z [Modules] Module updates: enabled
2024-11-23T19:57:24.595Z [Modules] Module install path: /home/ysh/.config/discord/0.0.75/modules
2024-11-23T19:57:24.595Z [Modules] Module installed file path: /home/ysh/.config/discord/0.0.75/modules/installed.json
2024-11-23T19:57:24.595Z [Modules] Module download path: /home/ysh/.config/discord/0.0.75/modules/pending
2024-11-23T19:57:24.941Z [Modules] No updates to install
2024-11-23T19:57:24.942Z [Modules] Checking for host updates.
2024-11-23T19:57:31.267Z [Modules] Host is up to date.
2024-11-23T19:57:31.267Z [Modules] Checking for module updates at https://discord.com/api/modules/stable/versions.json
2024-11-23T19:57:31.584Z [Modules] No module updates available.
2024-11-24T10:39:45.894Z [Modules] Modules initializing
2024-11-24T10:39:45.895Z [Modules] Distribution: remote
2024-11-24T10:39:45.895Z [Modules] Host updates: enabled
2024-11-24T10:39:45.895Z [Modules] Module updates: enabled
2024-11-24T10:39:45.895Z [Modules] Module install path: /home/ysh/.config/discord/0.0.75/modules
2024-11-24T10:39:45.895Z [Modules] Module installed file path: /home/ysh/.config/discord/0.0.75/modules/installed.json
2024-11-24T10:39:45.895Z [Modules] Module download path: /home/ysh/.config/discord/0.0.75/modules/pending
2024-11-24T10:39:46.211Z [Modules] No updates to install
2024-11-24T10:39:46.212Z [Modules] Checking for host updates.
2024-11-24T10:39:47.382Z [Modules] Host is up to date.
2024-11-24T10:39:47.383Z [Modules] Checking for module updates at https://discord.com/api/modules/stable/versions.json
2024-11-24T10:39:47.489Z [Modules] No module updates available.
2024-11-24T10:39:51.351Z [Modules] Checking for host updates.
2024-11-24T10:39:51.893Z [Modules] Host is up to date.
2024-11-24T10:39:51.893Z [Modules] Checking for module updates at https://discord.com/api/modules/stable/versions.json
2024-11-24T10:39:51.899Z [Modules] No module updates available.
2024-11-24T11:25:13.562Z [Modules] Modules initializing
2024-11-24T11:25:13.562Z [Modules] Distribution: remote
2024-11-24T11:25:13.562Z [Modules] Host updates: enabled
2024-11-24T11:25:13.562Z [Modules] Module updates: enabled
2024-11-24T11:25:13.562Z [Modules] Module install path: /home/ysh/.config/discord/0.0.75/modules
2024-11-24T11:25:13.562Z [Modules] Module installed file path: /home/ysh/.config/discord/0.0.75/modules/installed.json
2024-11-24T11:25:13.562Z [Modules] Module download path: /home/ysh/.config/discord/0.0.75/modules/pending
2024-11-24T11:25:13.875Z [Modules] No updates to install
2024-11-24T11:25:13.875Z [Modules] Checking for host updates.
2024-11-24T11:25:15.390Z [Modules] Host is up to date.
2024-11-24T11:25:15.391Z [Modules] Checking for module updates at https://discord.com/api/modules/stable/versions.json
2024-11-24T11:25:15.493Z [Modules] No module updates available.
2024-11-24T11:25:19.749Z [Modules] Checking for host updates.
2024-11-24T11:25:20.300Z [Modules] Host is up to date.
2024-11-24T11:25:20.300Z [Modules] Checking for module updates at https://discord.com/api/modules/stable/versions.json
2024-11-24T11:25:20.305Z [Modules] No module updates available.
2024-11-24T12:25:19.856Z [Modules] Checking for host updates.
2024-11-24T12:25:20.771Z [Modules] Host is up to date.
2024-11-24T12:25:20.771Z [Modules] Checking for module updates at https://discord.com/api/modules/stable/versions.json
2024-11-24T12:25:20.877Z [Modules] No module updates available.
2024-11-24T14:17:23.226Z [Modules] Checking for host updates.
2024-11-24T14:17:29.519Z [Modules] Host is up to date.
2024-11-24T14:17:29.519Z [Modules] Checking for module updates at https://discord.com/api/modules/stable/versions.json
2024-11-24T14:17:29.621Z [Modules] No module updates available.
2024-11-26T12:33:06.143Z [Modules] Modules initializing
2024-11-26T12:33:06.143Z [Modules] Distribution: remote
2024-11-26T12:33:06.143Z [Modules] Host updates: enabled
2024-11-26T12:33:06.143Z [Modules] Module updates: enabled
2024-11-26T12:33:06.143Z [Modules] Module install path: /home/ysh/.config/discord/0.0.75/modules
2024-11-26T12:33:06.143Z [Modules] Module installed file path: /home/ysh/.config/discord/0.0.75/modules/installed.json
2024-11-26T12:33:06.143Z [Modules] Module download path: /home/ysh/.config/discord/0.0.75/modules/pending
2024-11-26T12:33:06.470Z [Modules] No updates to install
2024-11-26T12:33:06.470Z [Modules] Checking for host updates.
2024-11-26T12:33:07.299Z [Modules] Host update is available. Manual update required!
